Tag Type,Tag Id,Time (UTC),RSSI,Latitude,Longitude,beep_number,tagFamily,payloadType,solar_mV,temperature_C
radio434mhz,072A1934,2026-08-12 17:58:46.000Z,-90,60.954541,-138.028709
radio434mhz,6133334B,2026-08-12 17:58:48.000Z,-29,60.954541,-138.028709
radio434mhz,072A1934,2026-08-12 17:58:49.000Z,-87,60.954541,-138.028709
radio434mhz,6133334B,2026-08-12 17:58:50.000Z,-29,60.954541,-138.028709
radio434mhz,072A1934,2026-08-12 17:58:52.000Z,-81,60.954581,-138.028788
radio434mhz,6133334B,2026-08-12 17:58:53.000Z,-29,60.954581,-138.028788
bluetooth,D2A3B933,2026-08-12 17:58:54.000Z,-26,60.954576,-138.028777,49289,2,0,1570,15.44
radio434mhz,6133334B,2026-08-12 17:58:55.000Z,-28,60.954576,-138.028777
radio434mhz,072A1934,2026-08-12 17:58:55.000Z,-91,60.954576,-138.028777
radio434mhz,6133334B,2026-08-12 17:58:58.000Z,-31,60.954594,-138.028775
radio434mhz,072A1934,2026-08-12 17:58:58.000Z,-104,60.954594,-138.028775
radio434mhz,6133334B,2026-08-12 17:59:00.000Z,-31,60.954594,-138.028775
radio434mhz,072A1934,2026-08-12 17:59:02.000Z,-102,60.954594,-138.028775
radio434mhz,6133334B,2026-08-12 17:59:02.000Z,-31,60.954594,-138.028775
bluetooth,D2A3B933,2026-08-12 17:59:04.000Z,-33,60.954594,-138.028775,61758,2,0,1571,15.79
radio434mhz,072A1934,2026-08-12 17:59:05.000Z,-95,60.954594,-138.028775
radio434mhz,6133334B,2026-08-12 17:59:05.000Z,-31,60.954594,-138.028775
radio434mhz,6133334B,2026-08-12 17:59:07.000Z,-29,60.954594,-138.028775
radio434mhz,072A1934,2026-08-12 17:59:08.000Z,-87,60.954594,-138.028775
radio434mhz,6133334B,2026-08-12 17:59:10.000Z,-30,60.954619,-138.028805
radio434mhz,072A1934,2026-08-12 17:59:11.000Z,-91,60.954619,-138.028805
radio434mhz,6133334B,2026-08-12 17:59:12.000Z,-29,60.954619,-138.028805
bluetooth,D2A3B933,2026-08-12 17:59:14.000Z,-38,60.954589,-138.028765,2613,2,0,1570,15.97
radio434mhz,072A1934,2026-08-12 17:59:14.000Z,-83,60.954589,-138.028765
radio434mhz,6133334B,2026-08-12 17:59:15.000Z,-29,60.954589,-138.028765
radio434mhz,6133334B,2026-08-12 17:59:17.000Z,-29,60.954675,-138.028871
radio434mhz,072A1934,2026-08-12 17:59:17.000Z,-76,60.954675,-138.028871
radio434mhz,6133334B,2026-08-12 17:59:20.000Z,-29,60.954684,-138.028921
radio434mhz,072A1934,2026-08-12 17:59:21.000Z,-80,60.954706,-138.028976
radio434mhz,6133334B,2026-08-12 17:59:22.000Z,-33,60.954706,-138.028976
radio434mhz,072A1934,2026-08-12 17:59:24.000Z,-83,60.954727,-138.029025
bluetooth,D2A3B933,2026-08-12 17:59:24.000Z,-18,60.954727,-138.029025,46916,2,0,1569,15.84
radio434mhz,6133334B,2026-08-12 17:59:24.000Z,-30,60.954727,-138.029025
radio434mhz,6133334B,2026-08-12 17:59:27.000Z,-30,60.954781,-138.029163
radio434mhz,072A1934,2026-08-12 17:59:27.000Z,-101,60.954781,-138.029163
radio434mhz,6133334B,2026-08-12 17:59:29.000Z,-32,60.954784,-138.029218
radio434mhz,072A1934,2026-08-12 17:59:30.000Z,-91,60.954784,-138.029218
radio434mhz,6133334B,2026-08-12 17:59:32.000Z,-33,60.954812,-138.029269
radio434mhz,072A1934,2026-08-12 17:59:33.000Z,-86,60.954831,-138.029306
bluetooth,D2A3B933,2026-08-12 17:59:34.000Z,-35,60.954831,-138.029306,62268,2,0,1568,15.74
radio434mhz,6133334B,2026-08-12 17:59:34.000Z,-32,60.954831,-138.029306
radio434mhz,072A1934,2026-08-12 17:59:36.000Z,-95,60.954827,-138.029349
radio434mhz,6133334B,2026-08-12 17:59:37.000Z,-29,60.954827,-138.029349
radio434mhz,6133334B,2026-08-12 17:59:39.000Z,-31,60.954820,-138.029407
radio434mhz,072A1934,2026-08-12 17:59:40.000Z,-99,60.954820,-138.029407
radio434mhz,6133334B,2026-08-12 17:59:42.000Z,-28,60.954836,-138.029461
radio434mhz,072A1934,2026-08-12 17:59:43.000Z,-101,60.954836,-138.029461
radio434mhz,6133334B,2026-08-12 17:59:44.000Z,-29,60.954838,-138.029514
bluetooth,D2A3B933,2026-08-12 17:59:44.000Z,-26,60.954838,-138.029514,28841,2,0,1570,15.94
radio434mhz,072A1934,2026-08-12 17:59:46.000Z,-106,60.954851,-138.029562
radio434mhz,6133334B,2026-08-12 17:59:46.000Z,-29,60.954851,-138.029562
radio434mhz,6133334B,2026-08-12 17:59:49.000Z,-30,60.954866,-138.029604
radio434mhz,072A1934,2026-08-12 17:59:49.000Z,-97,60.954866,-138.029604
radio434mhz,2A2A2A2D,2026-08-12 17:59:50.000Z,-108,60.954866,-138.029604
radio434mhz,6133334B,2026-08-12 17:59:51.000Z,-27,60.954873,-138.029632
radio434mhz,072A1934,2026-08-12 17:59:52.000Z,-98,60.954873,-138.029632
radio434mhz,6133334B,2026-08-12 17:59:54.000Z,-28,60.954893,-138.029653
bluetooth,D2A3B933,2026-08-12 17:59:54.000Z,-26,60.954893,-138.029653,58031,2,0,1569,15.94
radio434mhz,072A1934,2026-08-12 17:59:55.000Z,-104,60.954907,-138.029675
radio434mhz,6133334B,2026-08-12 17:59:56.000Z,-29,60.954907,-138.029675
radio434mhz,6133334B,2026-08-12 17:59:59.000Z,-32,60.954931,-138.029660
radio434mhz,072A1934,2026-08-12 17:59:59.000Z,-99,60.954931,-138.029660
radio434mhz,6133334B,2026-08-12 18:00:01.000Z,-29,60.954948,-138.029726
radio434mhz,072A1934,2026-08-12 18:00:02.000Z,-92,60.954948,-138.029726
radio434mhz,6133334B,2026-08-12 18:00:04.000Z,-28,60.954965,-138.029767
radio434mhz,2A2A2A2D,2026-08-12 18:00:04.000Z,-111,60.954965,-138.029767
radio434mhz,072A1934,2026-08-12 18:00:05.000Z,-103,60.954965,-138.029767
radio434mhz,6133334B,2026-08-12 18:00:06.000Z,-34,60.955005,-138.029790
radio434mhz,072A1934,2026-08-12 18:00:08.000Z,-105,60.955038,-138.029816
radio434mhz,6133334B,2026-08-12 18:00:08.000Z,-28,60.955038,-138.029816
radio434mhz,6133334B,2026-08-12 18:00:11.000Z,-30,60.955046,-138.029883
radio434mhz,072A1934,2026-08-12 18:00:11.000Z,-97,60.955046,-138.029883
radio434mhz,6133334B,2026-08-12 18:00:13.000Z,-30,60.955046,-138.029883
bluetooth,D2A3B933,2026-08-12 18:00:14.000Z,-19,60.955055,-138.029959,48044,2,0,1570,16.14
radio434mhz,2A2A2A2D,2026-08-12 18:00:14.000Z,-105,60.955055,-138.029959
radio434mhz,072A1934,2026-08-12 18:00:14.000Z,-105,60.955055,-138.029959
radio434mhz,6133334B,2026-08-12 18:00:16.000Z,-30,60.955055,-138.029959
radio434mhz,072A1934,2026-08-12 18:00:18.000Z,-99,60.955047,-138.030042
radio434mhz,6133334B,2026-08-12 18:00:18.000Z,-28,60.955056,-138.030097
radio434mhz,6133334B,2026-08-12 18:00:21.000Z,-29,60.955056,-138.030097
radio434mhz,072A1934,2026-08-12 18:00:21.000Z,-103,60.955056,-138.030097
radio434mhz,6133334B,2026-08-12 18:00:23.000Z,-30,60.955059,-138.030166
bluetooth,D2A3B933,2026-08-12 18:00:24.000Z,-18,60.955078,-138.030224,408,2,0,1569,15.97
radio434mhz,072A1934,2026-08-12 18:00:24.000Z,-107,60.955078,-138.030224
radio434mhz,6133334B,2026-08-12 18:00:25.000Z,-30,60.955078,-138.030224
radio434mhz,6133334B,2026-08-12 18:00:28.000Z,-29,60.955076,-138.030299
radio434mhz,072A1934,2026-08-12 18:00:30.000Z,-104,60.955081,-138.030372
radio434mhz,6133334B,2026-08-12 18:00:30.000Z,-29,60.955081,-138.030372
radio434mhz,6133334B,2026-08-12 18:00:33.000Z,-28,60.955095,-138.030425
radio434mhz,6133334B,2026-08-12 18:00:35.000Z,-30,60.955112,-138.030471
radio434mhz,6133334B,2026-08-12 18:00:38.000Z,-29,60.955127,-138.030516
radio434mhz,072A1934,2026-08-12 18:00:40.000Z,-105,60.955133,-138.030564
radio434mhz,6133334B,2026-08-12 18:00:40.000Z,-28,60.955133,-138.030564
radio434mhz,2A2A2A2D,2026-08-12 18:00:42.000Z,-107,60.955133,-138.030564
radio434mhz,6133334B,2026-08-12 18:00:43.000Z,-28,60.955147,-138.030613
bluetooth,D2A3B933,2026-08-12 18:00:44.000Z,-22,60.955147,-138.030613,26145,2,0,1571,15.66
radio434mhz,6133334B,2026-08-12 18:00:45.000Z,-29,60.955163,-138.030656
radio434mhz,072A1934,2026-08-12 18:00:46.000Z,-109,60.955163,-138.030656
radio434mhz,6133334B,2026-08-12 18:00:47.000Z,-28,60.955154,-138.030694
radio434mhz,2A2A2A2D,2026-08-12 18:00:48.000Z,-107,60.955154,-138.030694
radio434mhz,072A1934,2026-08-12 18:00:49.000Z,-110,60.955154,-138.030694
radio434mhz,6133334B,2026-08-12 18:00:50.000Z,-28,60.955148,-138.030744
radio434mhz,6133334B,2026-08-12 18:00:52.000Z,-27,60.955149,-138.030796
radio434mhz,072A1934,2026-08-12 18:00:52.000Z,-107,60.955149,-138.030796
bluetooth,D2A3B933,2026-08-12 18:00:54.000Z,-22,60.955149,-138.030796,55925,2,0,1570,15.92
radio434mhz,6133334B,2026-08-12 18:00:55.000Z,-28,60.955139,-138.030830
radio434mhz,6133334B,2026-08-12 18:00:57.000Z,-27,60.955123,-138.030861
radio434mhz,6133334B,2026-08-12 18:01:00.000Z,-28,60.955114,-138.030909
radio434mhz,6133334B,2026-08-12 18:01:02.000Z,-28,60.955110,-138.030959
bluetooth,D2A3B933,2026-08-12 18:01:04.000Z,-21,60.955110,-138.030959,57696,2,0,1570,15.69
radio434mhz,6133334B,2026-08-12 18:01:04.000Z,-29,60.955112,-138.030998
radio434mhz,072A1934,2026-08-12 18:01:05.000Z,-106,60.955112,-138.030998
radio434mhz,6133334B,2026-08-12 18:01:07.000Z,-28,60.955117,-138.031046
radio434mhz,6133334B,2026-08-12 18:01:09.000Z,-27,60.955125,-138.031087
radio434mhz,6133334B,2026-08-12 18:01:12.000Z,-28,60.955139,-138.031139
bluetooth,D2A3B933,2026-08-12 18:01:14.000Z,-24,60.955139,-138.031139,46893,2,0,1570,15.31
radio434mhz,6133334B,2026-08-12 18:01:14.000Z,-27,60.955134,-138.031188
radio434mhz,6133334B,2026-08-12 18:01:17.000Z,-29,60.955154,-138.031232
radio434mhz,6133334B,2026-08-12 18:01:19.000Z,-31,60.955161,-138.031248
radio434mhz,6133334B,2026-08-12 18:01:22.000Z,-29,60.955163,-138.031295
bluetooth,D2A3B933,2026-08-12 18:01:24.000Z,-19,60.955163,-138.031295,55356,2,0,1570,15.36
radio434mhz,6133334B,2026-08-12 18:01:24.000Z,-28,60.955168,-138.031332
radio434mhz,6133334B,2026-08-12 18:01:26.000Z,-30,60.955168,-138.031332
radio434mhz,6133334B,2026-08-12 18:01:29.000Z,-30,60.955192,-138.031420
radio434mhz,6133334B,2026-08-12 18:01:31.000Z,-27,60.955190,-138.031501
bluetooth,D2A3B933,2026-08-12 18:01:34.000Z,-21,60.955207,-138.031595,61752,2,0,1569,15.39
radio434mhz,6133334B,2026-08-12 18:01:34.000Z,-28,60.955207,-138.031595
radio434mhz,6133334B,2026-08-12 18:01:36.000Z,-29,60.955212,-138.031650
radio434mhz,6133334B,2026-08-12 18:01:39.000Z,-32,60.955228,-138.031698
radio434mhz,6133334B,2026-08-12 18:01:41.000Z,-30,60.955247,-138.031723
radio434mhz,6133334B,2026-08-12 18:01:43.000Z,-29,60.955243,-138.031783
bluetooth,D2A3B933,2026-08-12 18:01:44.000Z,-28,60.955243,-138.031783,59265,2,0,1570,15.59
radio434mhz,6133334B,2026-08-12 18:01:46.000Z,-29,60.955233,-138.031831
radio434mhz,6133334B,2026-08-12 18:01:48.000Z,-28,60.955239,-138.031865
radio434mhz,6133334B,2026-08-12 18:01:51.000Z,-27,60.955248,-138.031916
radio434mhz,6133334B,2026-08-12 18:01:53.000Z,-27,60.955244,-138.031978
bluetooth,D2A3B933,2026-08-12 18:01:53.000Z,-19,60.955244,-138.031978,7593,2,0,1571,15.18
radio434mhz,6133334B,2026-08-12 18:01:56.000Z,-28,60.955248,-138.032030
radio434mhz,6133334B,2026-08-12 18:01:58.000Z,-29,60.955231,-138.032079
radio434mhz,6133334B,2026-08-12 18:02:01.000Z,-27,60.955222,-138.032113
radio434mhz,6133334B,2026-08-12 18:02:03.000Z,-31,60.955222,-138.032113
bluetooth,D2A3B933,2026-08-12 18:02:03.000Z,-22,60.955243,-138.032138,9003,2,0,1570,15.46
radio434mhz,6133334B,2026-08-12 18:02:05.000Z,-27,60.955243,-138.032138
radio434mhz,6133334B,2026-08-12 18:02:08.000Z,-27,60.955241,-138.032162
radio434mhz,6133334B,2026-08-12 18:02:10.000Z,-28,60.955239,-138.032184
radio434mhz,6133334B,2026-08-12 18:02:13.000Z,-31,60.955243,-138.032244
bluetooth,D2A3B933,2026-08-12 18:02:13.000Z,-28,60.955243,-138.032244,22119,2,0,1570,15.56
radio434mhz,6133334B,2026-08-12 18:02:15.000Z,-29,60.955241,-138.032302
radio434mhz,6133334B,2026-08-12 18:02:18.000Z,-29,60.955239,-138.032343
radio434mhz,6133334B,2026-08-12 18:02:20.000Z,-30,60.955234,-138.032408
radio434mhz,6133334B,2026-08-12 18:02:23.000Z,-32,60.955242,-138.032463
bluetooth,D2A3B933,2026-08-12 18:02:23.000Z,-24,60.955242,-138.032463,24281,2,0,1571,15.39
radio434mhz,6133334B,2026-08-12 18:02:25.000Z,-28,60.955256,-138.032504
radio434mhz,6133334B,2026-08-12 18:02:27.000Z,-30,60.955256,-138.032504
radio434mhz,6133334B,2026-08-12 18:02:30.000Z,-28,60.955280,-138.032534
radio434mhz,6133334B,2026-08-12 18:02:32.000Z,-29,60.955302,-138.032569
bluetooth,D2A3B933,2026-08-12 18:02:33.000Z,-19,60.955312,-138.032620,37907,2,0,1570,15.64
radio434mhz,6133334B,2026-08-12 18:02:35.000Z,-28,60.955312,-138.032620
radio434mhz,6133334B,2026-08-12 18:02:37.000Z,-29,60.955329,-138.032645
radio434mhz,6133334B,2026-08-12 18:02:40.000Z,-28,60.955345,-138.032694
radio434mhz,6133334B,2026-08-12 18:02:42.000Z,-28,60.955374,-138.032714
bluetooth,D2A3B933,2026-08-12 18:02:43.000Z,-24,60.955394,-138.032753,34480,2,0,1570,15.64
radio434mhz,6133334B,2026-08-12 18:02:45.000Z,-27,60.955394,-138.032753
radio434mhz,6133334B,2026-08-12 18:02:47.000Z,-27,60.955422,-138.032780
radio434mhz,6133334B,2026-08-12 18:02:49.000Z,-28,60.955429,-138.032823
radio434mhz,6133334B,2026-08-12 18:02:52.000Z,-28,60.955444,-138.032871
bluetooth,D2A3B933,2026-08-12 18:02:53.000Z,-16,60.955456,-138.032920,4498,2,0,1569,15.97
radio434mhz,6133334B,2026-08-12 18:02:54.000Z,-28,60.955456,-138.032920
radio434mhz,6133334B,2026-08-12 18:02:57.000Z,-28,60.955475,-138.032944
radio434mhz,6133334B,2026-08-12 18:02:59.000Z,-28,60.955487,-138.032993
radio434mhz,6133334B,2026-08-12 18:03:02.000Z,-28,60.955486,-138.033048
bluetooth,D2A3B933,2026-08-12 18:03:03.000Z,-23,60.955485,-138.033102,15910,2,0,1570,15.51
radio434mhz,6133334B,2026-08-12 18:03:04.000Z,-27,60.955485,-138.033102
radio434mhz,6133334B,2026-08-12 18:03:06.000Z,-28,60.955489,-138.033150
radio434mhz,6133334B,2026-08-12 18:03:09.000Z,-29,60.955501,-138.033196
radio434mhz,6133334B,2026-08-12 18:03:11.000Z,-29,60.955519,-138.033241
bluetooth,D2A3B933,2026-08-12 18:03:13.000Z,-21,60.955517,-138.033299,52759,2,0,1570,15.79
radio434mhz,6133334B,2026-08-12 18:03:14.000Z,-28,60.955517,-138.033299
radio434mhz,6133334B,2026-08-12 18:03:16.000Z,-29,60.955523,-138.033356
radio434mhz,6133334B,2026-08-12 18:03:19.000Z,-29,60.955510,-138.033419
radio434mhz,6133334B,2026-08-12 18:03:21.000Z,-29,60.955504,-138.033476
bluetooth,D2A3B933,2026-08-12 18:03:23.000Z,-28,60.955483,-138.033524,47407,2,0,1569,15.64
radio434mhz,6133334B,2026-08-12 18:03:24.000Z,-28,60.955483,-138.033524
radio434mhz,6133334B,2026-08-12 18:03:26.000Z,-29,60.955468,-138.033566
radio434mhz,6133334B,2026-08-12 18:03:28.000Z,-27,60.955442,-138.033584
radio434mhz,6133334B,2026-08-12 18:03:31.000Z,-29,60.955425,-138.033621
bluetooth,D2A3B933,2026-08-12 18:03:33.000Z,-39,60.955396,-138.033627,43730,2,0,1570,15.34
radio434mhz,6133334B,2026-08-12 18:03:33.000Z,-30,60.955396,-138.033627
radio434mhz,6133334B,2026-08-12 18:03:36.000Z,-28,60.955382,-138.033655
radio434mhz,6133334B,2026-08-12 18:03:38.000Z,-27,60.955369,-138.033636
radio434mhz,6133334B,2026-08-12 18:03:41.000Z,-28,60.955348,-138.033613
bluetooth,D2A3B933,2026-08-12 18:03:43.000Z,-27,60.955348,-138.033613,51156,2,0,1569,15.41
radio434mhz,6133334B,2026-08-12 18:03:43.000Z,-28,60.955348,-138.033613
radio434mhz,6133334B,2026-08-12 18:03:46.000Z,-28,60.955334,-138.033641
radio434mhz,6133334B,2026-08-12 18:03:48.000Z,-28,60.955310,-138.033689
radio434mhz,6133334B,2026-08-12 18:03:50.000Z,-27,60.955287,-138.033710
radio434mhz,6133334B,2026-08-12 18:03:53.000Z,-28,60.955265,-138.033742
bluetooth,D2A3B933,2026-08-12 18:03:53.000Z,-19,60.955265,-138.033742,22278,2,0,1570,15.36
radio434mhz,6133334B,2026-08-12 18:03:55.000Z,-27,60.955241,-138.033745
radio434mhz,6133334B,2026-08-12 18:03:58.000Z,-27,60.955222,-138.033785
radio434mhz,6133334B,2026-08-12 18:04:00.000Z,-27,60.955239,-138.033824
radio434mhz,6133334B,2026-08-12 18:04:03.000Z,-31,60.955221,-138.033839
bluetooth,D2A3B933,2026-08-12 18:04:03.000Z,-24,60.955221,-138.033839,22244,2,0,1570,15.26
radio434mhz,6133334B,2026-08-12 18:04:05.000Z,-27,60.955228,-138.033880
radio434mhz,6133334B,2026-08-12 18:04:08.000Z,-29,60.955223,-138.033895
radio434mhz,6133334B,2026-08-12 18:04:10.000Z,-30,60.955231,-138.033900
radio434mhz,6133334B,2026-08-12 18:04:12.000Z,-28,60.955225,-138.033952
bluetooth,D2A3B933,2026-08-12 18:04:13.000Z,-40,60.955225,-138.033952,6668,2,0,1570,15.34
radio434mhz,6133334B,2026-08-12 18:04:15.000Z,-27,60.955211,-138.034006
radio434mhz,6133334B,2026-08-12 18:04:17.000Z,-28,60.955234,-138.034065
radio434mhz,6133334B,2026-08-12 18:04:20.000Z,-27,60.955230,-138.034092
radio434mhz,6133334B,2026-08-12 18:04:22.000Z,-29,60.955250,-138.034129
bluetooth,D2A3B933,2026-08-12 18:04:23.000Z,-17,60.955250,-138.034129,46520,2,0,1570,15.31
radio434mhz,6133334B,2026-08-12 18:04:25.000Z,-29,60.955274,-138.034162
radio434mhz,6133334B,2026-08-12 18:04:27.000Z,-27,60.955297,-138.034204
radio434mhz,6133334B,2026-08-12 18:04:30.000Z,-28,60.955321,-138.034213
radio434mhz,6133334B,2026-08-12 18:04:32.000Z,-27,60.955344,-138.034206
bluetooth,D2A3B933,2026-08-12 18:04:33.000Z,-20,60.955344,-138.034206,2095,2,0,1569,15.64
radio434mhz,6133334B,2026-08-12 18:04:34.000Z,-28,60.955368,-138.034213
radio434mhz,6133334B,2026-08-12 18:04:37.000Z,-28,60.955368,-138.034213
radio434mhz,6133334B,2026-08-12 18:04:39.000Z,-34,60.955385,-138.034193
radio434mhz,6133334B,2026-08-12 18:04:42.000Z,-30,60.955400,-138.034181
bluetooth,D2A3B933,2026-08-12 18:04:43.000Z,-35,60.955418,-138.034185,11931,2,0,1570,15.79
radio434mhz,6133334B,2026-08-12 18:04:44.000Z,-29,60.955418,-138.034185
radio434mhz,6133334B,2026-08-12 18:04:47.000Z,-28,60.955436,-138.034183
radio434mhz,6133334B,2026-08-12 18:04:49.000Z,-28,60.955457,-138.034165
radio434mhz,6133334B,2026-08-12 18:04:52.000Z,-27,60.955479,-138.034153
bluetooth,D2A3B933,2026-08-12 18:04:53.000Z,-24,60.955499,-138.034157,36435,2,0,1571,15.87
radio434mhz,6133334B,2026-08-12 18:04:54.000Z,-29,60.955499,-138.034157
radio434mhz,6133334B,2026-08-12 18:04:56.000Z,-28,60.955520,-138.034161
radio434mhz,6133334B,2026-08-12 18:04:59.000Z,-31,60.955543,-138.034146
radio434mhz,6133334B,2026-08-12 18:05:01.000Z,-27,60.955564,-138.034155
radio434mhz,6133334B,2026-08-12 18:05:04.000Z,-31,60.955576,-138.034182
radio434mhz,6133334B,2026-08-12 18:05:06.000Z,-28,60.955591,-138.034218
radio434mhz,6133334B,2026-08-12 18:05:09.000Z,-31,60.955607,-138.034223
radio434mhz,6133334B,2026-08-12 18:05:11.000Z,-27,60.955616,-138.034208
bluetooth,D2A3B933,2026-08-12 18:05:13.000Z,-17,60.955638,-138.034230,11222,2,0,1570,15.79
radio434mhz,6133334B,2026-08-12 18:05:14.000Z,-30,60.955638,-138.034230
radio434mhz,6133334B,2026-08-12 18:05:16.000Z,-31,60.955650,-138.034210
radio434mhz,6133334B,2026-08-12 18:05:18.000Z,-31,60.955656,-138.034205
radio434mhz,6133334B,2026-08-12 18:05:21.000Z,-30,60.955679,-138.034167
bluetooth,D2A3B933,2026-08-12 18:05:23.000Z,-34,60.955684,-138.034144,47343,2,0,1570,15.89
radio434mhz,6133334B,2026-08-12 18:05:23.000Z,-32,60.955684,-138.034144
radio434mhz,6133334B,2026-08-12 18:05:26.000Z,-27,60.955697,-138.034112
radio434mhz,6133334B,2026-08-12 18:05:28.000Z,-29,60.955697,-138.034143
radio434mhz,6133334B,2026-08-12 18:05:31.000Z,-30,60.955697,-138.034134
bluetooth,D2A3B933,2026-08-12 18:05:33.000Z,-23,60.955691,-138.034147,55217,2,0,1571,15.74
radio434mhz,6133334B,2026-08-12 18:05:33.000Z,-30,60.955691,-138.034147
radio434mhz,6133334B,2026-08-12 18:05:36.000Z,-27,60.955694,-138.034153
radio434mhz,6133334B,2026-08-12 18:05:38.000Z,-27,60.955695,-138.034150
radio434mhz,6133334B,2026-08-12 18:05:40.000Z,-27,60.955706,-138.034124
bluetooth,D2A3B933,2026-08-12 18:05:43.000Z,-20,60.955710,-138.034076,28223,2,0,1569,15.97
radio434mhz,6133334B,2026-08-12 18:05:43.000Z,-27,60.955710,-138.034076
radio434mhz,6133334B,2026-08-12 18:05:45.000Z,-27,60.955714,-138.034037
radio434mhz,6133334B,2026-08-12 18:05:48.000Z,-29,60.955711,-138.033987
radio434mhz,6133334B,2026-08-12 18:05:50.000Z,-27,60.955710,-138.033952
bluetooth,D2A3B933,2026-08-12 18:05:53.000Z,-42,60.955727,-138.033919,21036,2,0,1570,15.72
radio434mhz,6133334B,2026-08-12 18:05:53.000Z,-32,60.955727,-138.033919
radio434mhz,6133334B,2026-08-12 18:05:55.000Z,-33,60.955740,-138.033891
radio434mhz,6133334B,2026-08-12 18:05:58.000Z,-32,60.955740,-138.033891
radio434mhz,6133334B,2026-08-12 18:06:00.000Z,-29,60.955723,-138.033894
radio434mhz,6133334B,2026-08-12 18:06:02.000Z,-34,60.955709,-138.033868
radio434mhz,6133334B,2026-08-12 18:06:05.000Z,-30,60.955715,-138.033839
radio434mhz,6133334B,2026-08-12 18:06:07.000Z,-29,60.955697,-138.033793
radio434mhz,6133334B,2026-08-12 18:06:10.000Z,-32,60.955704,-138.033777
radio434mhz,6133334B,2026-08-12 18:06:12.000Z,-27,60.955695,-138.033747
bluetooth,D2A3B933,2026-08-12 18:06:12.000Z,-19,60.955695,-138.033747,6768,2,0,1570,15.64
radio434mhz,6133334B,2026-08-12 18:06:15.000Z,-29,60.955694,-138.033731
radio434mhz,6133334B,2026-08-12 18:06:17.000Z,-30,60.955691,-138.033697
radio434mhz,6133334B,2026-08-12 18:06:20.000Z,-31,60.955695,-138.033678
radio434mhz,6133334B,2026-08-12 18:06:22.000Z,-30,60.955683,-138.033674
bluetooth,D2A3B933,2026-08-12 18:06:22.000Z,-26,60.955683,-138.033674,22937,2,0,1570,15.54
radio434mhz,6133334B,2026-08-12 18:06:24.000Z,-28,60.955660,-138.033679
radio434mhz,6133334B,2026-08-12 18:06:27.000Z,-31,60.955657,-138.033674
radio434mhz,6133334B,2026-08-12 18:06:29.000Z,-32,60.955657,-138.033674
radio434mhz,6133334B,2026-08-12 18:06:32.000Z,-30,60.955647,-138.033673
bluetooth,D2A3B933,2026-08-12 18:06:32.000Z,-17,60.955633,-138.033661,57825,2,0,1570,15.46
radio434mhz,6133334B,2026-08-12 18:06:34.000Z,-30,60.955633,-138.033661
radio434mhz,6133334B,2026-08-12 18:06:37.000Z,-30,60.955618,-138.033693
radio434mhz,6133334B,2026-08-12 18:06:39.000Z,-28,60.955601,-138.033680
radio434mhz,6133334B,2026-08-12 18:06:41.000Z,-27,60.955597,-138.033668
bluetooth,D2A3B933,2026-08-12 18:06:42.000Z,-19,60.955599,-138.033642,52140,2,0,1570,15.46
radio434mhz,6133334B,2026-08-12 18:06:44.000Z,-27,60.955599,-138.033642
radio434mhz,6133334B,2026-08-12 18:06:46.000Z,-28,60.955596,-138.033587
radio434mhz,6133334B,2026-08-12 18:06:49.000Z,-28,60.955588,-138.033558
radio434mhz,6133334B,2026-08-12 18:06:51.000Z,-29,60.955581,-138.033504
radio434mhz,6133334B,2026-08-12 18:06:54.000Z,-28,60.955612,-138.033483
radio434mhz,6133334B,2026-08-12 18:06:56.000Z,-28,60.955633,-138.033447
radio434mhz,6133334B,2026-08-12 18:06:59.000Z,-29,60.955683,-138.033460
radio434mhz,6133334B,2026-08-12 18:07:01.000Z,-28,60.955698,-138.033415
bluetooth,D2A3B933,2026-08-12 18:07:02.000Z,-43,60.955721,-138.033388,36891,2,0,1570,15.03
radio434mhz,6133334B,2026-08-12 18:07:04.000Z,-29,60.955721,-138.033388
radio434mhz,6133334B,2026-08-12 18:07:06.000Z,-30,60.955747,-138.033373
radio434mhz,6133334B,2026-08-12 18:07:08.000Z,-27,60.955766,-138.033386
radio434mhz,6133334B,2026-08-12 18:07:11.000Z,-29,60.955781,-138.033391
bluetooth,D2A3B933,2026-08-12 18:07:12.000Z,-39,60.955795,-138.033352,58600,2,0,1570,15.13
radio434mhz,6133334B,2026-08-12 18:07:13.000Z,-28,60.955795,-138.033352
radio434mhz,6133334B,2026-08-12 18:07:16.000Z,-30,60.955814,-138.033317
radio434mhz,6133334B,2026-08-12 18:07:18.000Z,-28,60.955829,-138.033283
radio434mhz,6133334B,2026-08-12 18:07:21.000Z,-29,60.955856,-138.033265
bluetooth,D2A3B933,2026-08-12 18:07:22.000Z,-64,60.955857,-138.033208,58007,2,0,1570,15.06
radio434mhz,6133334B,2026-08-12 18:07:23.000Z,-29,60.955857,-138.033208
radio434mhz,6133334B,2026-08-12 18:07:26.000Z,-27,60.955885,-138.033184
radio434mhz,6133334B,2026-08-12 18:07:28.000Z,-27,60.955897,-138.033153
radio434mhz,6133334B,2026-08-12 18:07:30.000Z,-27,60.955921,-138.033127
bluetooth,D2A3B933,2026-08-12 18:07:32.000Z,-44,60.955939,-138.033075,58397,2,0,1570,14.91
radio434mhz,6133334B,2026-08-12 18:07:33.000Z,-27,60.955939,-138.033075
radio434mhz,6133334B,2026-08-12 18:07:35.000Z,-27,60.955960,-138.033038
radio434mhz,6133334B,2026-08-12 18:07:38.000Z,-28,60.955977,-138.032979
radio434mhz,6133334B,2026-08-12 18:07:40.000Z,-40,60.955993,-138.032956
bluetooth,D2A3B933,2026-08-12 18:07:42.000Z,-47,60.955993,-138.032956,16229,2,0,1570,14.78
radio434mhz,6133334B,2026-08-12 18:07:43.000Z,-39,60.955993,-138.032956
radio434mhz,6133334B,2026-08-12 18:07:45.000Z,-38,60.955992,-138.032947
radio434mhz,6133334B,2026-08-12 18:07:48.000Z,-51,60.955992,-138.032947
radio434mhz,6133334B,2026-08-12 18:07:50.000Z,-30,60.955990,-138.032938
radio434mhz,6133334B,2026-08-12 18:07:52.000Z,-48,60.955991,-138.032934
radio434mhz,6133334B,2026-08-12 18:07:55.000Z,-49,60.955991,-138.032934
radio434mhz,6133334B,2026-08-12 18:07:57.000Z,-49,60.955991,-138.032934
radio434mhz,6133334B,2026-08-12 18:08:00.000Z,-48,60.955988,-138.032928
bluetooth,D2A3B933,2026-08-12 18:08:02.000Z,-46,60.955988,-138.032928,16499,2,0,1571,14.58
radio434mhz,6133334B,2026-08-12 18:08:02.000Z,-48,60.955988,-138.032928
radio434mhz,6133334B,2026-08-12 18:08:05.000Z,-48,60.955990,-138.032925
radio434mhz,6133334B,2026-08-12 18:08:07.000Z,-49,60.955990,-138.032925
radio434mhz,6133334B,2026-08-12 18:08:10.000Z,-50,60.955992,-138.032923
bluetooth,D2A3B933,2026-08-12 18:08:12.000Z,-45,60.955992,-138.032923,32811,2,0,1570,14.58
radio434mhz,6133334B,2026-08-12 18:08:12.000Z,-49,60.955992,-138.032923
radio434mhz,6133334B,2026-08-12 18:08:14.000Z,-48,60.955993,-138.032921
radio434mhz,6133334B,2026-08-12 18:08:17.000Z,-48,60.955993,-138.032921
radio434mhz,6133334B,2026-08-12 18:08:19.000Z,-47,60.955993,-138.032921
radio434mhz,6133334B,2026-08-12 18:08:22.000Z,-50,60.955995,-138.032920
bluetooth,D2A3B933,2026-08-12 18:08:22.000Z,-49,60.955995,-138.032920,45356,2,0,1571,14.53
radio434mhz,6133334B,2026-08-12 18:08:24.000Z,-65,60.955995,-138.032920
radio434mhz,6133334B,2026-08-12 18:08:27.000Z,-62,60.955996,-138.032919
radio434mhz,6133334B,2026-08-12 18:08:29.000Z,-62,60.955996,-138.032918
radio434mhz,6133334B,2026-08-12 18:08:32.000Z,-62,60.955996,-138.032918
bluetooth,D2A3B933,2026-08-12 18:08:32.000Z,-59,60.955996,-138.032918,12472,2,0,1570,14.53
radio434mhz,6133334B,2026-08-12 18:08:34.000Z,-63,60.955996,-138.032918
radio434mhz,6133334B,2026-08-12 18:08:37.000Z,-63,60.955997,-138.032918
radio434mhz,6133334B,2026-08-12 18:08:39.000Z,-63,60.955997,-138.032918
radio434mhz,6133334B,2026-08-12 18:08:41.000Z,-63,60.955997,-138.032920
bluetooth,D2A3B933,2026-08-12 18:08:42.000Z,-61,60.955997,-138.032920,7087,2,0,1570,14.40
radio434mhz,6133334B,2026-08-12 18:08:44.000Z,-63,60.955997,-138.032920
radio434mhz,6133334B,2026-08-12 18:08:46.000Z,-64,60.955998,-138.032919
radio434mhz,6133334B,2026-08-12 18:08:49.000Z,-63,60.955998,-138.032919
radio434mhz,6133334B,2026-08-12 18:08:51.000Z,-66,60.955996,-138.032924
bluetooth,D2A3B933,2026-08-12 18:08:52.000Z,-55,60.955996,-138.032924,27900,2,0,1570,14.63
radio434mhz,6133334B,2026-08-12 18:08:54.000Z,-65,60.955996,-138.032924
radio434mhz,6133334B,2026-08-12 18:08:56.000Z,-65,60.955995,-138.032927
radio434mhz,6133334B,2026-08-12 18:08:59.000Z,-65,60.955995,-138.032927
radio434mhz,6133334B,2026-08-12 18:09:01.000Z,-65,60.955994,-138.032929
bluetooth,D2A3B933,2026-08-12 18:09:02.000Z,-56,60.955994,-138.032929,62683,2,0,1571,14.48
radio434mhz,6133334B,2026-08-12 18:09:04.000Z,-68,60.955994,-138.032929
radio434mhz,6133334B,2026-08-12 18:09:06.000Z,-63,60.955993,-138.032930
radio434mhz,6133334B,2026-08-12 18:09:08.000Z,-54,60.955993,-138.032930
radio434mhz,6133334B,2026-08-12 18:09:11.000Z,-37,60.955992,-138.032932
bluetooth,D2A3B933,2026-08-12 18:09:12.000Z,-51,60.955992,-138.032932,58741,2,0,1571,14.25
radio434mhz,6133334B,2026-08-12 18:09:13.000Z,-36,60.955992,-138.032932
radio434mhz,6133334B,2026-08-12 18:09:16.000Z,-45,60.955992,-138.032933
radio434mhz,6133334B,2026-08-12 18:09:18.000Z,-39,60.955992,-138.032933
radio434mhz,6133334B,2026-08-12 18:09:21.000Z,-33,60.955991,-138.032934
bluetooth,D2A3B933,2026-08-12 18:09:21.000Z,-57,60.955991,-138.032934,54986,2,0,1570,14.38
radio434mhz,6133334B,2026-08-12 18:09:23.000Z,-41,60.955991,-138.032934
radio434mhz,6133334B,2026-08-12 18:09:26.000Z,-38,60.955991,-138.032935
radio434mhz,6133334B,2026-08-12 18:09:28.000Z,-42,60.955991,-138.032935
radio434mhz,6133334B,2026-08-12 18:09:31.000Z,-42,60.955990,-138.032935
bluetooth,D2A3B933,2026-08-12 18:09:31.000Z,-44,60.955990,-138.032935,35220,2,0,1572,14.35
radio434mhz,6133334B,2026-08-12 18:09:33.000Z,-35,60.955990,-138.032935
radio434mhz,6133334B,2026-08-12 18:09:36.000Z,-35,60.955990,-138.032935
radio434mhz,6133334B,2026-08-12 18:09:38.000Z,-36,60.955990,-138.032934
radio434mhz,6133334B,2026-08-12 18:09:40.000Z,-34,60.955991,-138.032935
bluetooth,D2A3B933,2026-08-12 18:09:41.000Z,-22,60.955991,-138.032935,29917,2,0,1572,14.38
radio434mhz,6133334B,2026-08-12 18:09:43.000Z,-36,60.955995,-138.032936
radio434mhz,6133334B,2026-08-12 18:09:45.000Z,-43,60.955998,-138.032931
radio434mhz,6133334B,2026-08-12 18:09:48.000Z,-35,60.956002,-138.032931
radio434mhz,6133334B,2026-08-12 18:09:50.000Z,-36,60.956007,-138.032935
bluetooth,D2A3B933,2026-08-12 18:09:51.000Z,-26,60.956007,-138.032935,52550,2,0,1570,14.48
radio434mhz,6133334B,2026-08-12 18:09:53.000Z,-37,60.956018,-138.032946
radio434mhz,6133334B,2026-08-12 18:09:55.000Z,-34,60.956032,-138.032898
radio434mhz,6133334B,2026-08-12 18:09:58.000Z,-36,60.956032,-138.032898
radio434mhz,6133334B,2026-08-12 18:10:00.000Z,-36,60.956025,-138.032854
bluetooth,D2A3B933,2026-08-12 18:10:01.000Z,-27,60.956044,-138.032796,14390,2,0,1570,14.81
radio434mhz,6133334B,2026-08-12 18:10:02.000Z,-34,60.956044,-138.032796
radio434mhz,6133334B,2026-08-12 18:10:05.000Z,-34,60.956057,-138.032778
radio434mhz,6133334B,2026-08-12 18:10:07.000Z,-35,60.956060,-138.032779
radio434mhz,6133334B,2026-08-12 18:10:10.000Z,-35,60.956057,-138.032782
bluetooth,D2A3B933,2026-08-12 18:10:11.000Z,-30,60.956074,-138.032777,7113,2,0,1570,14.75
radio434mhz,6133334B,2026-08-12 18:10:12.000Z,-35,60.956074,-138.032777
radio434mhz,6133334B,2026-08-12 18:10:15.000Z,-34,60.956105,-138.032739
radio434mhz,6133334B,2026-08-12 18:10:17.000Z,-39,60.956184,-138.032668
radio434mhz,6133334B,2026-08-12 18:10:20.000Z,-36,60.956212,-138.032656
bluetooth,D2A3B933,2026-08-12 18:10:21.000Z,-42,60.956242,-138.032608,5092,2,0,1571,14.48
radio434mhz,6133334B,2026-08-12 18:10:22.000Z,-37,60.956242,-138.032608
radio434mhz,6133334B,2026-08-12 18:10:24.000Z,-38,60.956275,-138.032519
radio434mhz,6133334B,2026-08-12 18:10:27.000Z,-36,60.956275,-138.032519
radio434mhz,6133334B,2026-08-12 18:10:29.000Z,-37,60.956275,-138.032519
bluetooth,D2A3B933,2026-08-12 18:10:31.000Z,-45,60.956283,-138.032483,10984,2,0,1570,14.48
radio434mhz,6133334B,2026-08-12 18:10:32.000Z,-38,60.956283,-138.032483
radio434mhz,6133334B,2026-08-12 18:10:34.000Z,-39,60.956283,-138.032483
radio434mhz,6133334B,2026-08-12 18:10:37.000Z,-40,60.956293,-138.032468
radio434mhz,6133334B,2026-08-12 18:10:39.000Z,-41,60.956293,-138.032468
bluetooth,D2A3B933,2026-08-12 18:10:41.000Z,-19,60.956302,-138.032458,27919,2,0,1570,14.78
radio434mhz,6133334B,2026-08-12 18:10:42.000Z,-48,60.956302,-138.032458
radio434mhz,6133334B,2026-08-12 18:10:44.000Z,-41,60.956302,-138.032458
radio434mhz,6133334B,2026-08-12 18:10:47.000Z,-41,60.956306,-138.032458
radio434mhz,6133334B,2026-08-12 18:10:49.000Z,-38,60.956306,-138.032458
bluetooth,D2A3B933,2026-08-12 18:10:51.000Z,-38,60.956310,-138.032454,28192,2,0,1571,14.53
radio434mhz,6133334B,2026-08-12 18:10:51.000Z,-42,60.956310,-138.032454
radio434mhz,6133334B,2026-08-12 18:10:54.000Z,-45,60.956310,-138.032454
radio434mhz,6133334B,2026-08-12 18:10:56.000Z,-46,60.956313,-138.032452
radio434mhz,6133334B,2026-08-12 18:10:59.000Z,-43,60.956313,-138.032452
bluetooth,D2A3B933,2026-08-12 18:11:01.000Z,-45,60.956315,-138.032450,24658,2,0,1570,14.53
radio434mhz,6133334B,2026-08-12 18:11:01.000Z,-37,60.956315,-138.032450
radio434mhz,6133334B,2026-08-12 18:11:04.000Z,-36,60.956315,-138.032450
radio434mhz,6133334B,2026-08-12 18:11:06.000Z,-36,60.956319,-138.032452
radio434mhz,6133334B,2026-08-12 18:11:09.000Z,-34,60.956319,-138.032452
bluetooth,D2A3B933,2026-08-12 18:11:11.000Z,-44,60.956322,-138.032456,51935,2,0,1570,14.43
radio434mhz,6133334B,2026-08-12 18:11:11.000Z,-35,60.956322,-138.032456
radio434mhz,6133334B,2026-08-12 18:11:13.000Z,-38,60.956325,-138.032457
radio434mhz,6133334B,2026-08-12 18:11:16.000Z,-36,60.956321,-138.032443
radio434mhz,6133334B,2026-08-12 18:11:18.000Z,-37,60.956332,-138.032443
bluetooth,D2A3B933,2026-08-12 18:11:21.000Z,-49,60.956339,-138.032411,65181,2,0,1571,14.45
radio434mhz,6133334B,2026-08-12 18:11:21.000Z,-37,60.956339,-138.032411
radio434mhz,6133334B,2026-08-12 18:11:23.000Z,-36,60.956347,-138.032405
radio434mhz,6133334B,2026-08-12 18:11:26.000Z,-39,60.956363,-138.032383
radio434mhz,6133334B,2026-08-12 18:11:28.000Z,-41,60.956375,-138.032355
radio434mhz,6133334B,2026-08-12 18:11:31.000Z,-36,60.956400,-138.032365
bluetooth,D2A3B933,2026-08-12 18:11:31.000Z,-31,60.956400,-138.032365,29194,2,0,1571,14.38
radio434mhz,6133334B,2026-08-12 18:11:33.000Z,-35,60.956416,-138.032296
radio434mhz,6133334B,2026-08-12 18:11:35.000Z,-36,60.956416,-138.032296
radio434mhz,6133334B,2026-08-12 18:11:38.000Z,-35,60.956430,-138.032207
radio434mhz,6133334B,2026-08-12 18:11:40.000Z,-37,60.956451,-138.032207
bluetooth,D2A3B933,2026-08-12 18:11:41.000Z,-30,60.956451,-138.032207,58928,2,0,1571,14.40
radio434mhz,6133334B,2026-08-12 18:11:43.000Z,-38,60.956480,-138.032174
radio434mhz,6133334B,2026-08-12 18:11:45.000Z,-40,60.956492,-138.032202
radio434mhz,6133334B,2026-08-12 18:11:48.000Z,-38,60.956508,-138.032114
radio434mhz,6133334B,2026-08-12 18:11:50.000Z,-41,60.956526,-138.032067
bluetooth,D2A3B933,2026-08-12 18:11:51.000Z,-36,60.956526,-138.032067,50709,2,0,1570,14.50
radio434mhz,6133334B,2026-08-12 18:11:53.000Z,-38,60.956556,-138.032024
bluetooth,6CC65AEF,2026-08-12 18:11:53.000Z,-82,60.956556,-138.032024,34315,2,0,1568,30.25
radio434mhz,6133334B,2026-08-12 18:11:55.000Z,-31,60.956585,-138.031995
radio434mhz,6133334B,2026-08-12 18:11:58.000Z,-38,60.956603,-138.031948
radio434mhz,6133334B,2026-08-12 18:12:00.000Z,-37,60.956619,-138.031903
radio434mhz,6133334B,2026-08-12 18:12:02.000Z,-38,60.956647,-138.031876
radio434mhz,6133334B,2026-08-12 18:12:05.000Z,-35,60.956674,-138.031876
radio434mhz,6133334B,2026-08-12 18:12:07.000Z,-36,60.956693,-138.031849
bluetooth,6CC65AEF,2026-08-12 18:12:08.000Z,-83,60.956693,-138.031849,13471,2,0,1568,30.70
radio434mhz,6133334B,2026-08-12 18:12:10.000Z,-39,60.956703,-138.031807
bluetooth,D2A3B933,2026-08-12 18:12:10.000Z,-36,60.956703,-138.031807,19611,2,0,1571,14.55
radio434mhz,6133334B,2026-08-12 18:12:12.000Z,-52,60.956703,-138.031807
radio434mhz,6133334B,2026-08-12 18:12:15.000Z,-37,60.956708,-138.031760
radio434mhz,6133334B,2026-08-12 18:12:17.000Z,-37,60.956724,-138.031736
radio434mhz,6133334B,2026-08-12 18:12:20.000Z,-36,60.956748,-138.031701
bluetooth,D2A3B933,2026-08-12 18:12:20.000Z,-38,60.956748,-138.031701,48357,2,0,1571,14.55
radio434mhz,6133334B,2026-08-12 18:12:22.000Z,-37,60.956770,-138.031642
radio434mhz,6133334B,2026-08-12 18:12:24.000Z,-42,60.956787,-138.031592
radio434mhz,6133334B,2026-08-12 18:12:27.000Z,-40,60.956814,-138.031588
radio434mhz,6133334B,2026-08-12 18:12:29.000Z,-51,60.956814,-138.031588
bluetooth,D2A3B933,2026-08-12 18:12:30.000Z,-49,60.956827,-138.031567,31543,2,0,1570,14.70
radio434mhz,6133334B,2026-08-12 18:12:32.000Z,-38,60.956827,-138.031567
radio434mhz,6133334B,2026-08-12 18:12:34.000Z,-35,60.956834,-138.031561
radio434mhz,6133334B,2026-08-12 18:12:37.000Z,-39,60.956845,-138.031548
radio434mhz,6133334B,2026-08-12 18:12:39.000Z,-39,60.956858,-138.031516
bluetooth,D2A3B933,2026-08-12 18:12:40.000Z,-47,60.956858,-138.031516,14258,2,0,1569,14.86
radio434mhz,6133334B,2026-08-12 18:12:42.000Z,-37,60.956888,-138.031472
radio434mhz,6133334B,2026-08-12 18:12:44.000Z,-35,60.956912,-138.031430
radio434mhz,5552522A,2026-08-12 18:12:45.000Z,-107,60.956912,-138.031430
radio434mhz,6133334B,2026-08-12 18:12:47.000Z,-36,60.956944,-138.031422
radio434mhz,6133334B,2026-08-12 18:12:49.000Z,-37,60.956944,-138.031422
bluetooth,D2A3B933,2026-08-12 18:12:50.000Z,-51,60.956980,-138.031408,12154,2,0,1570,14.68
radio434mhz,6133334B,2026-08-12 18:12:51.000Z,-41,60.956980,-138.031408
radio434mhz,6133334B,2026-08-12 18:12:54.000Z,-36,60.957001,-138.031351
radio434mhz,5552522A,2026-08-12 18:12:54.000Z,-108,60.957003,-138.031316
radio434mhz,6133334B,2026-08-12 18:12:56.000Z,-37,60.957003,-138.031316
radio434mhz,6133334B,2026-08-12 18:12:59.000Z,-36,60.957007,-138.031264
bluetooth,D2A3B933,2026-08-12 18:13:00.000Z,-49,60.957029,-138.031260,38539,2,0,1572,14.45
radio434mhz,5552522A,2026-08-12 18:13:01.000Z,-103,60.957029,-138.031260
radio434mhz,6133334B,2026-08-12 18:13:01.000Z,-37,60.957029,-138.031260
radio434mhz,6133334B,2026-08-12 18:13:04.000Z,-38,60.957058,-138.031260
radio434mhz,6133334B,2026-08-12 18:13:06.000Z,-37,60.957079,-138.031239
radio434mhz,5552522A,2026-08-12 18:13:07.000Z,-108,60.957079,-138.031239
radio434mhz,6133334B,2026-08-12 18:13:09.000Z,-41,60.957092,-138.031180
bluetooth,D2A3B933,2026-08-12 18:13:10.000Z,-47,60.957111,-138.031154,36277,2,0,1571,14.60
radio434mhz,6133334B,2026-08-12 18:13:11.000Z,-36,60.957111,-138.031154
radio434mhz,6133334B,2026-08-12 18:13:14.000Z,-39,60.957133,-138.031132
radio434mhz,6133334B,2026-08-12 18:13:16.000Z,-39,60.957156,-138.031107
radio434mhz,6133334B,2026-08-12 18:13:18.000Z,-42,60.957171,-138.031062
bluetooth,D2A3B933,2026-08-12 18:13:20.000Z,-43,60.957173,-138.031002,46919,2,0,1571,14.63
radio434mhz,5552522A,2026-08-12 18:13:20.000Z,-107,60.957173,-138.031002
radio434mhz,6133334B,2026-08-12 18:13:21.000Z,-41,60.957173,-138.031002
radio434mhz,6133334B,2026-08-12 18:13:23.000Z,-41,60.957184,-138.030956
radio434mhz,6133334B,2026-08-12 18:13:26.000Z,-36,60.957207,-138.030927
radio434mhz,5552522A,2026-08-12 18:13:26.000Z,-108,60.957207,-138.030927
radio434mhz,6133334B,2026-08-12 18:13:28.000Z,-41,60.957227,-138.030905
bluetooth,D2A3B933,2026-08-12 18:13:30.000Z,-52,60.957245,-138.030869,15470,2,0,1570,14.70
radio434mhz,6133334B,2026-08-12 18:13:31.000Z,-35,60.957245,-138.030869
radio434mhz,5552522A,2026-08-12 18:13:33.000Z,-108,60.957261,-138.030848
radio434mhz,6133334B,2026-08-12 18:13:33.000Z,-36,60.957261,-138.030848
radio434mhz,6133334B,2026-08-12 18:13:36.000Z,-38,60.957265,-138.030804
radio434mhz,5552522A,2026-08-12 18:13:36.000Z,-108,60.957265,-138.030804
radio434mhz,6133334B,2026-08-12 18:13:38.000Z,-38,60.957266,-138.030758
radio434mhz,5552522A,2026-08-12 18:13:39.000Z,-107,60.957294,-138.030751
bluetooth,D2A3B933,2026-08-12 18:13:40.000Z,-46,60.957294,-138.030751,3827,2,0,1570,14.60
radio434mhz,6133334B,2026-08-12 18:13:40.000Z,-38,60.957294,-138.030751
radio434mhz,6133334B,2026-08-12 18:13:43.000Z,-38,60.957310,-138.030675
radio434mhz,5552522A,2026-08-12 18:13:45.000Z,-107,60.957304,-138.030626
radio434mhz,6133334B,2026-08-12 18:13:45.000Z,-36,60.957304,-138.030626
radio434mhz,6133334B,2026-08-12 18:13:48.000Z,-38,60.957308,-138.030560
radio434mhz,5552522A,2026-08-12 18:13:49.000Z,-106,60.957308,-138.030560
radio434mhz,6133334B,2026-08-12 18:13:50.000Z,-36,60.957335,-138.030552
radio434mhz,5552522A,2026-08-12 18:13:52.000Z,-105,60.957354,-138.030514
radio434mhz,6133334B,2026-08-12 18:13:53.000Z,-42,60.957354,-138.030514
radio434mhz,6133334B,2026-08-12 18:13:55.000Z,-39,60.957383,-138.030501
radio434mhz,6133334B,2026-08-12 18:13:58.000Z,-37,60.957407,-138.030477
bluetooth,D2A3B933,2026-08-12 18:14:00.000Z,-35,60.957434,-138.030481,30840,2,0,1571,14.88
radio434mhz,6133334B,2026-08-12 18:14:00.000Z,-40,60.957434,-138.030481
radio434mhz,6133334B,2026-08-12 18:14:03.000Z,-38,60.957437,-138.030505
radio434mhz,6133334B,2026-08-12 18:14:05.000Z,-36,60.957445,-138.030541
radio434mhz,6133334B,2026-08-12 18:14:07.000Z,-37,60.957435,-138.030564
bluetooth,D2A3B933,2026-08-12 18:14:10.000Z,-58,60.957424,-138.030600,41655,2,0,1569,14.75
radio434mhz,6133334B,2026-08-12 18:14:10.000Z,-36,60.957424,-138.030600
radio434mhz,6133334B,2026-08-12 18:14:12.000Z,-36,60.957414,-138.030656
radio434mhz,6133334B,2026-08-12 18:14:15.000Z,-43,60.957411,-138.030703
radio434mhz,6133334B,2026-08-12 18:14:17.000Z,-40,60.957392,-138.030727
bluetooth,D2A3B933,2026-08-12 18:14:20.000Z,-45,60.957379,-138.030759,12433,2,0,1570,14.86
radio434mhz,6133334B,2026-08-12 18:14:20.000Z,-36,60.957379,-138.030759
radio434mhz,6133334B,2026-08-12 18:14:22.000Z,-37,60.957382,-138.030803
radio434mhz,6133334B,2026-08-12 18:14:25.000Z,-38,60.957389,-138.030846
radio434mhz,6133334B,2026-08-12 18:14:27.000Z,-37,60.957355,-138.030905
radio434mhz,6133334B,2026-08-12 18:14:30.000Z,-37,60.957334,-138.030936
bluetooth,D2A3B933,2026-08-12 18:14:30.000Z,-30,60.957334,-138.030936,54756,2,0,1570,14.88
radio434mhz,6133334B,2026-08-12 18:14:32.000Z,-39,60.957305,-138.030977
radio434mhz,6133334B,2026-08-12 18:14:34.000Z,-37,60.957294,-138.031027
radio434mhz,6133334B,2026-08-12 18:14:37.000Z,-36,60.957267,-138.031045
radio434mhz,6133334B,2026-08-12 18:14:39.000Z,-36,60.957248,-138.031089
bluetooth,D2A3B933,2026-08-12 18:14:40.000Z,-51,60.957248,-138.031089,6214,2,0,1570,14.81
radio434mhz,6133334B,2026-08-12 18:14:42.000Z,-36,60.957220,-138.031091
radio434mhz,6133334B,2026-08-12 18:14:44.000Z,-37,60.957195,-138.031108
radio434mhz,6133334B,2026-08-12 18:14:47.000Z,-37,60.957178,-138.031131
radio434mhz,6133334B,2026-08-12 18:14:49.000Z,-36,60.957177,-138.031190
bluetooth,D2A3B933,2026-08-12 18:14:49.000Z,-52,60.957177,-138.031190,14294,2,0,1570,15.11
radio434mhz,6133334B,2026-08-12 18:14:52.000Z,-38,60.957161,-138.031208
radio434mhz,6133334B,2026-08-12 18:14:54.000Z,-36,60.957155,-138.031258
radio434mhz,6133334B,2026-08-12 18:14:57.000Z,-37,60.957135,-138.031294
radio434mhz,6133334B,2026-08-12 18:14:59.000Z,-38,60.957122,-138.031321
bluetooth,D2A3B933,2026-08-12 18:14:59.000Z,-46,60.957122,-138.031321,2985,2,0,1570,14.96
radio434mhz,6133334B,2026-08-12 18:15:01.000Z,-38,60.957111,-138.031372
radio434mhz,5552522A,2026-08-12 18:15:02.000Z,-107,60.957111,-138.031372
radio434mhz,6133334B,2026-08-12 18:15:04.000Z,-38,60.957109,-138.031415
radio434mhz,6133334B,2026-08-12 18:15:06.000Z,-36,60.957108,-138.031470
radio434mhz,6133334B,2026-08-12 18:15:09.000Z,-37,60.957094,-138.031496
bluetooth,D2A3B933,2026-08-12 18:15:09.000Z,-34,60.957094,-138.031496,25718,2,0,1570,14.65
radio434mhz,6133334B,2026-08-12 18:15:11.000Z,-37,60.957090,-138.031550
radio434mhz,6133334B,2026-08-12 18:15:14.000Z,-39,60.957076,-138.031598
radio434mhz,6133334B,2026-08-12 18:15:16.000Z,-36,60.957075,-138.031657
radio434mhz,6133334B,2026-08-12 18:15:19.000Z,-37,60.957076,-138.031705
bluetooth,D2A3B933,2026-08-12 18:15:19.000Z,-45,60.957076,-138.031705,17226,2,0,1572,14.68
radio434mhz,6133334B,2026-08-12 18:15:21.000Z,-38,60.957088,-138.031717
radio434mhz,6133334B,2026-08-12 18:15:24.000Z,-37,60.957088,-138.031717
radio434mhz,6133334B,2026-08-12 18:15:26.000Z,-38,60.957102,-138.031755
radio434mhz,6133334B,2026-08-12 18:15:29.000Z,-38,60.957119,-138.031774
bluetooth,D2A3B933,2026-08-12 18:15:29.000Z,-33,60.957119,-138.031774,19187,2,0,1570,14.63
radio434mhz,6133334B,2026-08-12 18:15:31.000Z,-37,60.957124,-138.031842
radio434mhz,6133334B,2026-08-12 18:15:33.000Z,-37,60.957127,-138.031900
radio434mhz,6133334B,2026-08-12 18:15:36.000Z,-37,60.957103,-138.031939
bluetooth,6CC65AEF,2026-08-12 18:15:37.000Z,-84,60.957103,-138.031939,13191,2,0,1569,31.89
radio434mhz,6133334B,2026-08-12 18:15:38.000Z,-36,60.957087,-138.031951
radio434mhz,6133334B,2026-08-12 18:15:41.000Z,-39,60.957068,-138.031979
radio434mhz,6133334B,2026-08-12 18:15:43.000Z,-36,60.957068,-138.031979
radio434mhz,6133334B,2026-08-12 18:15:46.000Z,-36,60.957052,-138.032022
radio434mhz,6133334B,2026-08-12 18:15:48.000Z,-42,60.957038,-138.032021
bluetooth,D2A3B933,2026-08-12 18:15:49.000Z,-32,60.957038,-138.032021,45424,2,0,1570,14.63
radio434mhz,6133334B,2026-08-12 18:15:51.000Z,-36,60.957010,-138.032045
bluetooth,6CC65AEF,2026-08-12 18:15:52.000Z,-81,60.957001,-138.032077,14955,2,0,1569,31.31
radio434mhz,6133334B,2026-08-12 18:15:53.000Z,-36,60.957001,-138.032077
radio434mhz,6133334B,2026-08-12 18:15:56.000Z,-37,60.956982,-138.032101
bluetooth,6CC65AEF,2026-08-12 18:15:57.000Z,-84,60.956963,-138.032129,11259,2,0,1569,31.26
radio434mhz,6133334B,2026-08-12 18:15:58.000Z,-37,60.956963,-138.032129
bluetooth,D2A3B933,2026-08-12 18:15:59.000Z,-28,60.956963,-138.032129,49648,2,0,1570,14.70
radio434mhz,6133334B,2026-08-12 18:16:00.000Z,-45,60.956946,-138.032163
radio434mhz,6133334B,2026-08-12 18:16:03.000Z,-38,60.956919,-138.032166
radio434mhz,6133334B,2026-08-12 18:16:05.000Z,-43,60.956908,-138.032188
bluetooth,6CC65AEF,2026-08-12 18:16:07.000Z,-76,60.956890,-138.032160,32238,2,0,1569,30.85
radio434mhz,6133334B,2026-08-12 18:16:08.000Z,-38,60.956890,-138.032160
bluetooth,D2A3B933,2026-08-12 18:16:09.000Z,-46,60.956890,-138.032160,57681,2,0,1570,14.86
radio434mhz,6133334B,2026-08-12 18:16:10.000Z,-40,60.956874,-138.032171
radio434mhz,6133334B,2026-08-12 18:16:13.000Z,-37,60.956844,-138.032138
radio434mhz,6133334B,2026-08-12 18:16:15.000Z,-36,60.956818,-138.032122
bluetooth,6CC65AEF,2026-08-12 18:16:17.000Z,-86,60.956800,-138.032065,62712,2,0,1568,30.83
radio434mhz,6133334B,2026-08-12 18:16:18.000Z,-38,60.956800,-138.032065
bluetooth,D2A3B933,2026-08-12 18:16:19.000Z,-40,60.956800,-138.032065,18122,2,0,1570,14.98
radio434mhz,6133334B,2026-08-12 18:16:20.000Z,-36,60.956778,-138.032048
bluetooth,6CC65AEF,2026-08-12 18:16:22.000Z,-71,60.956778,-138.032048,30733,2,0,1569,30.73
radio434mhz,6133334B,2026-08-12 18:16:23.000Z,-36,60.956747,-138.032091
radio434mhz,6133334B,2026-08-12 18:16:25.000Z,-36,60.956739,-138.032116
bluetooth,6CC65AEF,2026-08-12 18:16:27.000Z,-83,60.956739,-138.032116,11254,2,0,1570,30.47
radio434mhz,6133334B,2026-08-12 18:16:27.000Z,-39,60.956737,-138.032144
bluetooth,D2A3B933,2026-08-12 18:16:29.000Z,-43,60.956737,-138.032144,23054,2,0,1569,15.03
radio434mhz,6133334B,2026-08-12 18:16:30.000Z,-40,60.956725,-138.032134
radio434mhz,6133334B,2026-08-12 18:16:32.000Z,-38,60.956725,-138.032134
radio434mhz,6133334B,2026-08-12 18:16:35.000Z,-37,60.956705,-138.032095
bluetooth,6CC65AEF,2026-08-12 18:16:37.000Z,-82,60.956685,-138.032116,38974,2,0,1569,30.37
radio434mhz,6133334B,2026-08-12 18:16:37.000Z,-39,60.956685,-138.032116
bluetooth,D2A3B933,2026-08-12 18:16:39.000Z,-43,60.956663,-138.032144,36632,2,0,1571,15.01
radio434mhz,6133334B,2026-08-12 18:16:40.000Z,-36,60.956663,-138.032144
radio434mhz,6133334B,2026-08-12 18:16:42.000Z,-39,60.956642,-138.032140
radio434mhz,6133334B,2026-08-12 18:16:45.000Z,-38,60.956620,-138.032129
bluetooth,6CC65AEF,2026-08-12 18:16:47.000Z,-79,60.956594,-138.032139,41831,2,0,1570,30.12
radio434mhz,6133334B,2026-08-12 18:16:47.000Z,-38,60.956594,-138.032139
bluetooth,D2A3B933,2026-08-12 18:16:49.000Z,-56,60.956575,-138.032186,21848,2,0,1570,15.11
radio434mhz,6133334B,2026-08-12 18:16:50.000Z,-38,60.956562,-138.032211
bluetooth,6CC65AEF,2026-08-12 18:16:52.000Z,-88,60.956562,-138.032211,7114,2,0,1570,29.87
radio434mhz,6133334B,2026-08-12 18:16:52.000Z,-37,60.956543,-138.032235
radio434mhz,6133334B,2026-08-12 18:16:54.000Z,-36,60.956529,-138.032285
radio434mhz,6133334B,2026-08-12 18:16:57.000Z,-36,60.956500,-138.032229
bluetooth,D2A3B933,2026-08-12 18:16:59.000Z,-28,60.956500,-138.032229,23814,2,0,1569,15.03
radio434mhz,6133334B,2026-08-12 18:16:59.000Z,-35,60.956484,-138.032234
bluetooth,6CC65AEF,2026-08-12 18:17:01.000Z,-83,60.956484,-138.032234,61884,2,0,1568,29.79
radio434mhz,6133334B,2026-08-12 18:17:02.000Z,-36,60.956484,-138.032234
bluetooth,E8095336,2026-08-12 18:17:04.000Z,-82,60.956473,-138.032283,15724,2,0,1565,35.07
radio434mhz,6133334B,2026-08-12 18:17:04.000Z,-36,60.956473,-138.032283
radio434mhz,6133334B,2026-08-12 18:17:07.000Z,-36,60.956454,-138.032317
bluetooth,D2A3B933,2026-08-12 18:17:09.000Z,-54,60.956433,-138.032332,11897,2,0,1571,14.75
radio434mhz,6133334B,2026-08-12 18:17:09.000Z,-48,60.956433,-138.032332
radio434mhz,6133334B,2026-08-12 18:17:12.000Z,-32,60.956413,-138.032316
radio434mhz,6133334B,2026-08-12 18:17:14.000Z,-40,60.956406,-138.032352
bluetooth,6CC65AEF,2026-08-12 18:17:16.000Z,-76,60.956406,-138.032352,61422,2,0,1569,29.64
radio434mhz,6133334B,2026-08-12 18:17:17.000Z,-38,60.956390,-138.032406
bluetooth,D2A3B933,2026-08-12 18:17:19.000Z,-49,60.956390,-138.032406,28923,2,0,1569,14.93
radio434mhz,6133334B,2026-08-12 18:17:19.000Z,-38,60.956390,-138.032406
radio434mhz,6133334B,2026-08-12 18:17:21.000Z,-37,60.956384,-138.032451
radio434mhz,6133334B,2026-08-12 18:17:24.000Z,-36,60.956365,-138.032480
radio434mhz,6133334B,2026-08-12 18:17:26.000Z,-38,60.956363,-138.032527
radio434mhz,6133334B,2026-08-12 18:17:29.000Z,-39,60.956350,-138.032573
radio434mhz,6133334B,2026-08-12 18:17:31.000Z,-36,60.956351,-138.032621
radio434mhz,6133334B,2026-08-12 18:17:34.000Z,-37,60.956355,-138.032683
radio434mhz,6133334B,2026-08-12 18:17:36.000Z,-36,60.956348,-138.032733
bluetooth,D2A3B933,2026-08-12 18:17:39.000Z,-38,60.956332,-138.032780,52725,2,0,1570,14.70
radio434mhz,6133334B,2026-08-12 18:17:39.000Z,-36,60.956332,-138.032780
radio434mhz,6133334B,2026-08-12 18:17:41.000Z,-36,60.956308,-138.032804
radio434mhz,6133334B,2026-08-12 18:17:44.000Z,-38,60.956276,-138.032813
radio434mhz,6133334B,2026-08-12 18:17:46.000Z,-38,60.956276,-138.032813
radio434mhz,6133334B,2026-08-12 18:17:48.000Z,-38,60.956242,-138.032807
bluetooth,D2A3B933,2026-08-12 18:17:49.000Z,-50,60.956242,-138.032807,17923,2,0,1570,14.65
radio434mhz,6133334B,2026-08-12 18:17:51.000Z,-37,60.956242,-138.032807
radio434mhz,6133334B,2026-08-12 18:17:53.000Z,-38,60.956242,-138.032807
radio434mhz,6133334B,2026-08-12 18:17:56.000Z,-38,60.956228,-138.032784
radio434mhz,6133334B,2026-08-12 18:17:58.000Z,-36,60.956228,-138.032784
bluetooth,D2A3B933,2026-08-12 18:17:58.000Z,-42,60.956228,-138.032784,23944,2,0,1569,14.81
radio434mhz,6133334B,2026-08-12 18:18:01.000Z,-36,60.956227,-138.032784
radio434mhz,6133334B,2026-08-12 18:18:03.000Z,-38,60.956224,-138.032786
radio434mhz,6133334B,2026-08-12 18:18:06.000Z,-38,60.956221,-138.032793
radio434mhz,6133334B,2026-08-12 18:18:08.000Z,-36,60.956217,-138.032811
radio434mhz,6133334B,2026-08-12 18:18:11.000Z,-37,60.956208,-138.032828
radio434mhz,6133334B,2026-08-12 18:18:13.000Z,-38,60.956204,-138.032804
radio434mhz,6133334B,2026-08-12 18:18:16.000Z,-39,60.956186,-138.032838
radio434mhz,6133334B,2026-08-12 18:18:18.000Z,-31,60.956176,-138.032860
bluetooth,D2A3B933,2026-08-12 18:18:18.000Z,-34,60.956176,-138.032860,31695,2,0,1570,14.68
radio434mhz,6133334B,2026-08-12 18:18:20.000Z,-41,60.956166,-138.032898
radio434mhz,6133334B,2026-08-12 18:18:23.000Z,-37,60.956166,-138.032947
radio434mhz,6133334B,2026-08-12 18:18:25.000Z,-38,60.956145,-138.032992
radio434mhz,6133334B,2026-08-12 18:18:28.000Z,-38,60.956115,-138.033029
bluetooth,D2A3B933,2026-08-12 18:18:28.000Z,-47,60.956115,-138.033029,57939,2,0,1571,14.81
radio434mhz,6133334B,2026-08-12 18:18:30.000Z,-39,60.956084,-138.033039
radio434mhz,6133334B,2026-08-12 18:18:33.000Z,-41,60.956049,-138.033019
radio434mhz,6133334B,2026-08-12 18:18:35.000Z,-39,60.956030,-138.033047
radio434mhz,6133334B,2026-08-12 18:18:38.000Z,-43,60.956006,-138.033076
bluetooth,D2A3B933,2026-08-12 18:18:38.000Z,-46,60.956006,-138.033076,62351,2,0,1570,14.93
radio434mhz,6133334B,2026-08-12 18:18:40.000Z,-38,60.955995,-138.033131
radio434mhz,6133334B,2026-08-12 18:18:43.000Z,-39,60.955959,-138.033160
radio434mhz,6133334B,2026-08-12 18:18:45.000Z,-35,60.955971,-138.033212
radio434mhz,6133334B,2026-08-12 18:18:47.000Z,-37,60.955962,-138.033242
bluetooth,D2A3B933,2026-08-12 18:18:48.000Z,-54,60.955962,-138.033242,44,2,0,1572,14.70
radio434mhz,6133334B,2026-08-12 18:18:50.000Z,-40,60.955969,-138.033299
radio434mhz,6133334B,2026-08-12 18:18:52.000Z,-38,60.955931,-138.033338
radio434mhz,6133334B,2026-08-12 18:18:55.000Z,-39,60.955907,-138.033361
radio434mhz,6133334B,2026-08-12 18:18:57.000Z,-39,60.955894,-138.033381
bluetooth,D2A3B933,2026-08-12 18:18:58.000Z,-45,60.955894,-138.033381,14456,2,0,1571,14.96
radio434mhz,6133334B,2026-08-12 18:19:00.000Z,-38,60.955873,-138.033410
radio434mhz,6133334B,2026-08-12 18:19:02.000Z,-39,60.955885,-138.033457
radio434mhz,6133334B,2026-08-12 18:19:05.000Z,-36,60.955880,-138.033500
radio434mhz,6133334B,2026-08-12 18:19:07.000Z,-39,60.955851,-138.033507
bluetooth,D2A3B933,2026-08-12 18:19:08.000Z,-66,60.955851,-138.033507,63683,2,0,1570,14.68
radio434mhz,6133334B,2026-08-12 18:19:10.000Z,-38,60.955839,-138.033568
radio434mhz,6133334B,2026-08-12 18:19:12.000Z,-40,60.955822,-138.033601
radio434mhz,6133334B,2026-08-12 18:19:14.000Z,-39,60.955801,-138.033595
radio434mhz,6133334B,2026-08-12 18:19:17.000Z,-39,60.955801,-138.033595
bluetooth,D2A3B933,2026-08-12 18:19:18.000Z,-46,60.955801,-138.033595,54543,2,0,1570,14.70
radio434mhz,6133334B,2026-08-12 18:19:19.000Z,-38,60.955791,-138.033647
radio434mhz,6133334B,2026-08-12 18:19:22.000Z,-37,60.955791,-138.033647
radio434mhz,6133334B,2026-08-12 18:19:24.000Z,-35,60.955794,-138.033651
radio434mhz,6133334B,2026-08-12 18:19:27.000Z,-37,60.955791,-138.033657
bluetooth,D2A3B933,2026-08-12 18:19:28.000Z,-50,60.955787,-138.033655,53842,2,0,1570,14.63
radio434mhz,6133334B,2026-08-12 18:19:29.000Z,-50,60.955787,-138.033655
radio434mhz,6133334B,2026-08-12 18:19:32.000Z,-36,60.955785,-138.033650
radio434mhz,6133334B,2026-08-12 18:19:34.000Z,-37,60.955774,-138.033647
radio434mhz,6133334B,2026-08-12 18:19:37.000Z,-37,60.955772,-138.033659
bluetooth,D2A3B933,2026-08-12 18:19:38.000Z,-65,60.955772,-138.033659,59267,2,0,1571,14.45
radio434mhz,6133334B,2026-08-12 18:19:39.000Z,-47,60.955740,-138.033715
radio434mhz,6133334B,2026-08-12 18:19:42.000Z,-38,60.955735,-138.033699
radio434mhz,6133334B,2026-08-12 18:19:44.000Z,-39,60.955720,-138.033705
radio434mhz,6133334B,2026-08-12 18:19:46.000Z,-36,60.955715,-138.033690
bluetooth,D2A3B933,2026-08-12 18:19:48.000Z,-47,60.955715,-138.033690,45444,2,0,1572,14.43
radio434mhz,6133334B,2026-08-12 18:19:49.000Z,-39,60.955687,-138.033704
radio434mhz,6133334B,2026-08-12 18:19:51.000Z,-38,60.955694,-138.033728
radio434mhz,6133334B,2026-08-12 18:19:54.000Z,-36,60.955672,-138.033767
radio434mhz,6133334B,2026-08-12 18:19:56.000Z,-38,60.955663,-138.033803
bluetooth,D2A3B933,2026-08-12 18:19:58.000Z,-48,60.955663,-138.033803,56879,2,0,1571,14.48
radio434mhz,6133334B,2026-08-12 18:19:59.000Z,-35,60.955663,-138.033803
radio434mhz,6133334B,2026-08-12 18:20:01.000Z,-38,60.955656,-138.033854
radio434mhz,6133334B,2026-08-12 18:20:04.000Z,-37,60.955646,-138.033872
radio434mhz,6133334B,2026-08-12 18:20:06.000Z,-36,60.955640,-138.033918
bluetooth,D2A3B933,2026-08-12 18:20:08.000Z,-40,60.955659,-138.033925,10626,2,0,1570,14.68
radio434mhz,6133334B,2026-08-12 18:20:09.000Z,-53,60.955659,-138.033925
radio434mhz,6133334B,2026-08-12 18:20:11.000Z,-38,60.955670,-138.033953
radio434mhz,6133334B,2026-08-12 18:20:13.000Z,-37,60.955668,-138.033933
radio434mhz,6133334B,2026-08-12 18:20:16.000Z,-41,60.955657,-138.033935
bluetooth,D2A3B933,2026-08-12 18:20:18.000Z,-32,60.955657,-138.033935,20620,2,0,1570,14.35
radio434mhz,6133334B,2026-08-12 18:20:18.000Z,-37,60.955659,-138.033941
radio434mhz,6133334B,2026-08-12 18:20:21.000Z,-35,60.955659,-138.033941
radio434mhz,6133334B,2026-08-12 18:20:23.000Z,-36,60.955658,-138.033951
radio434mhz,6133334B,2026-08-12 18:20:26.000Z,-42,60.955659,-138.033969
bluetooth,D2A3B933,2026-08-12 18:20:28.000Z,-37,60.955656,-138.033979,18963,2,0,1570,14.53
radio434mhz,6133334B,2026-08-12 18:20:28.000Z,-38,60.955656,-138.033979
radio434mhz,6133334B,2026-08-12 18:20:31.000Z,-36,60.955661,-138.033999
radio434mhz,6133334B,2026-08-12 18:20:33.000Z,-37,60.955657,-138.033996
radio434mhz,6133334B,2026-08-12 18:20:36.000Z,-36,60.955647,-138.034062
bluetooth,D2A3B933,2026-08-12 18:20:38.000Z,-35,60.955658,-138.034077,33259,2,0,1571,14.45
radio434mhz,6133334B,2026-08-12 18:20:38.000Z,-42,60.955658,-138.034077
radio434mhz,6133334B,2026-08-12 18:20:41.000Z,-38,60.955677,-138.034107
radio434mhz,6133334B,2026-08-12 18:20:43.000Z,-41,60.955722,-138.034005
radio434mhz,6133334B,2026-08-12 18:20:45.000Z,-37,60.955741,-138.034012
bluetooth,D2A3B933,2026-08-12 18:20:48.000Z,-56,60.955769,-138.033997,26159,2,0,1570,14.40
radio434mhz,6133334B,2026-08-12 18:20:48.000Z,-38,60.955769,-138.033997
radio434mhz,6133334B,2026-08-12 18:20:50.000Z,-40,60.955792,-138.034037
radio434mhz,6133334B,2026-08-12 18:20:53.000Z,-37,60.955815,-138.034033
radio434mhz,6133334B,2026-08-12 18:20:55.000Z,-31,60.955842,-138.034051
bluetooth,D2A3B933,2026-08-12 18:20:57.000Z,-45,60.955826,-138.033664,61554,2,0,1571,14.40
radio434mhz,6133334B,2026-08-12 18:20:58.000Z,-43,60.955826,-138.033664
radio434mhz,6133334B,2026-08-12 18:21:00.000Z,-38,60.955837,-138.033638
radio434mhz,6133334B,2026-08-12 18:21:03.000Z,-37,60.955864,-138.033501
radio434mhz,6133334B,2026-08-12 18:21:05.000Z,-38,60.955878,-138.033459
bluetooth,D2A3B933,2026-08-12 18:21:07.000Z,-43,60.955911,-138.033458,51409,2,0,1571,14.50
radio434mhz,6133334B,2026-08-12 18:21:08.000Z,-41,60.955911,-138.033458
radio434mhz,6133334B,2026-08-12 18:21:10.000Z,-40,60.955932,-138.033471
radio434mhz,6133334B,2026-08-12 18:21:13.000Z,-38,60.955967,-138.033452
radio434mhz,6133334B,2026-08-12 18:21:15.000Z,-38,60.955988,-138.033455
bluetooth,D2A3B933,2026-08-12 18:21:17.000Z,-38,60.956012,-138.033451,55447,2,0,1570,14.45
radio434mhz,6133334B,2026-08-12 18:21:17.000Z,-39,60.956012,-138.033451
radio434mhz,6133334B,2026-08-12 18:21:20.000Z,-38,60.956037,-138.033453
radio434mhz,6133334B,2026-08-12 18:21:22.000Z,-40,60.956063,-138.033492
radio434mhz,6133334B,2026-08-12 18:21:25.000Z,-38,60.956083,-138.033520
bluetooth,D2A3B933,2026-08-12 18:21:27.000Z,-33,60.956103,-138.033418,58252,2,0,1571,14.33
radio434mhz,6133334B,2026-08-12 18:21:27.000Z,-37,60.956103,-138.033418
radio434mhz,6133334B,2026-08-12 18:21:30.000Z,-37,60.956115,-138.033372
radio434mhz,6133334B,2026-08-12 18:21:32.000Z,-40,60.956124,-138.033318
radio434mhz,6133334B,2026-08-12 18:21:35.000Z,-36,60.956140,-138.033272
radio434mhz,6133334B,2026-08-12 18:21:37.000Z,-38,60.956164,-138.033240
bluetooth,D2A3B933,2026-08-12 18:21:37.000Z,-54,60.956164,-138.033240,26717,2,0,1570,14.48
radio434mhz,6133334B,2026-08-12 18:21:40.000Z,-36,60.956170,-138.033234
radio434mhz,6133334B,2026-08-12 18:21:42.000Z,-39,60.956170,-138.033234
radio434mhz,6133334B,2026-08-12 18:21:45.000Z,-41,60.956176,-138.033195
radio434mhz,6133334B,2026-08-12 18:21:47.000Z,-43,60.956176,-138.033169
bluetooth,D2A3B933,2026-08-12 18:21:47.000Z,-45,60.956176,-138.033169,20946,2,0,1570,14.60
radio434mhz,6133334B,2026-08-12 18:21:49.000Z,-42,60.956185,-138.033174
radio434mhz,6133334B,2026-08-12 18:21:52.000Z,-38,60.956185,-138.033174
radio434mhz,6133334B,2026-08-12 18:21:54.000Z,-38,60.956197,-138.033181
radio434mhz,6133334B,2026-08-12 18:21:57.000Z,-42,60.956198,-138.033158
bluetooth,D2A3B933,2026-08-12 18:21:57.000Z,-40,60.956198,-138.033158,40408,2,0,1571,14.43
bluetooth,6CC65AEF,2026-08-12 18:21:58.000Z,-85,60.956198,-138.033158,63566,2,0,1568,29.19
radio434mhz,6133334B,2026-08-12 18:21:59.000Z,-36,60.956191,-138.033138
radio434mhz,6133334B,2026-08-12 18:22:02.000Z,-37,60.956208,-138.033123
bluetooth,6CC65AEF,2026-08-12 18:22:03.000Z,-69,60.956208,-138.033123,64364,2,0,1569,29.56
radio434mhz,6133334B,2026-08-12 18:22:04.000Z,-36,60.956233,-138.033102
radio434mhz,6133334B,2026-08-12 18:22:07.000Z,-36,60.956224,-138.033072
bluetooth,D2A3B933,2026-08-12 18:22:07.000Z,-33,60.956224,-138.033072,40010,2,0,1569,14.68
radio434mhz,6133334B,2026-08-12 18:22:09.000Z,-38,60.956216,-138.033019
radio434mhz,6133334B,2026-08-12 18:22:12.000Z,-47,60.956216,-138.033019
bluetooth,6CC65AEF,2026-08-12 18:22:13.000Z,-75,60.956211,-138.033007,18369,2,0,1569,29.94
radio434mhz,6133334B,2026-08-12 18:22:14.000Z,-35,60.956211,-138.033007
radio434mhz,6133334B,2026-08-12 18:22:17.000Z,-39,60.956220,-138.032991
bluetooth,D2A3B933,2026-08-12 18:22:17.000Z,-32,60.956220,-138.032991,46158,2,0,1569,14.73
bluetooth,6CC65AEF,2026-08-12 18:22:18.000Z,-77,60.956216,-138.032961,19865,2,0,1569,30.25
radio434mhz,6133334B,2026-08-12 18:22:19.000Z,-36,60.956216,-138.032961
radio434mhz,6133334B,2026-08-12 18:22:21.000Z,-36,60.956258,-138.032953
bluetooth,6CC65AEF,2026-08-12 18:22:23.000Z,-63,60.956258,-138.032953,30220,2,0,1569,30.42
radio434mhz,6133334B,2026-08-12 18:22:24.000Z,-38,60.956297,-138.032939
radio434mhz,6133334B,2026-08-12 18:22:26.000Z,-38,60.956332,-138.032907
bluetooth,6CC65AEF,2026-08-12 18:22:27.000Z,-70,60.956332,-138.032907,50113,2,0,1568,30.55
radio434mhz,6133334B,2026-08-12 18:22:29.000Z,-39,60.956342,-138.032859
radio434mhz,6133334B,2026-08-12 18:22:31.000Z,-37,60.956379,-138.032834
bluetooth,6CC65AEF,2026-08-12 18:22:32.000Z,-82,60.956379,-138.032834,2625,2,0,1568,30.73
radio434mhz,6133334B,2026-08-12 18:22:34.000Z,-41,60.956398,-138.032791
radio434mhz,6133334B,2026-08-12 18:22:36.000Z,-37,60.956436,-138.032749
bluetooth,D2A3B933,2026-08-12 18:22:37.000Z,-44,60.956436,-138.032749,52717,2,0,1570,14.78
radio434mhz,6133334B,2026-08-12 18:22:39.000Z,-39,60.956448,-138.032700
radio434mhz,6133334B,2026-08-12 18:22:41.000Z,-36,60.956466,-138.032697
radio434mhz,6133334B,2026-08-12 18:22:44.000Z,-38,60.956493,-138.032697
radio434mhz,6133334B,2026-08-12 18:22:46.000Z,-37,60.956516,-138.032684
bluetooth,D2A3B933,2026-08-12 18:22:47.000Z,-39,60.956516,-138.032684,59039,2,0,1570,14.83
radio434mhz,6133334B,2026-08-12 18:22:49.000Z,-37,60.956535,-138.032656
radio434mhz,6133334B,2026-08-12 18:22:51.000Z,-38,60.956535,-138.032656
radio434mhz,6133334B,2026-08-12 18:22:54.000Z,-40,60.956559,-138.032613
radio434mhz,6133334B,2026-08-12 18:22:56.000Z,-41,60.956570,-138.032547
bluetooth,D2A3B933,2026-08-12 18:22:57.000Z,-39,60.956602,-138.032522,43051,2,0,1570,14.75
radio434mhz,6133334B,2026-08-12 18:22:58.000Z,-38,60.956602,-138.032522
radio434mhz,6133334B,2026-08-12 18:23:01.000Z,-38,60.956626,-138.032499
radio434mhz,6133334B,2026-08-12 18:23:03.000Z,-43,60.956646,-138.032452
radio434mhz,6133334B,2026-08-12 18:23:06.000Z,-38,60.956672,-138.032438
bluetooth,D2A3B933,2026-08-12 18:23:07.000Z,-43,60.956672,-138.032438,31254,2,0,1571,14.55
radio434mhz,6133334B,2026-08-12 18:23:08.000Z,-36,60.956696,-138.032441
radio434mhz,6133334B,2026-08-12 18:23:11.000Z,-37,60.956716,-138.032377
radio434mhz,6133334B,2026-08-12 18:23:13.000Z,-41,60.956733,-138.032337
radio434mhz,6133334B,2026-08-12 18:23:16.000Z,-38,60.956743,-138.032291
bluetooth,D2A3B933,2026-08-12 18:23:17.000Z,-36,60.956743,-138.032291,49399,2,0,1569,14.63
radio434mhz,6133334B,2026-08-12 18:23:18.000Z,-37,60.956753,-138.032305
radio434mhz,6133334B,2026-08-12 18:23:21.000Z,-43,60.956767,-138.032321
radio434mhz,6133334B,2026-08-12 18:23:23.000Z,-39,60.956773,-138.032277
radio434mhz,6133334B,2026-08-12 18:23:26.000Z,-41,60.956781,-138.032280
bluetooth,D2A3B933,2026-08-12 18:23:27.000Z,-39,60.956781,-138.032280,5438,2,0,1570,14.78
radio434mhz,6133334B,2026-08-12 18:23:28.000Z,-37,60.956797,-138.032243
radio434mhz,6133334B,2026-08-12 18:23:30.000Z,-37,60.956809,-138.032222
radio434mhz,6133334B,2026-08-12 18:23:33.000Z,-40,60.956809,-138.032222
radio434mhz,6133334B,2026-08-12 18:23:35.000Z,-38,60.956820,-138.032204
bluetooth,D2A3B933,2026-08-12 18:23:37.000Z,-24,60.956829,-138.032178,7144,2,0,1570,14.91
radio434mhz,6133334B,2026-08-12 18:23:38.000Z,-38,60.956829,-138.032178
radio434mhz,6133334B,2026-08-12 18:23:40.000Z,-41,60.956834,-138.032165
radio434mhz,6133334B,2026-08-12 18:23:43.000Z,-37,60.956855,-138.032155
radio434mhz,6133334B,2026-08-12 18:23:45.000Z,-38,60.956892,-138.032143
radio434mhz,6133334B,2026-08-12 18:23:48.000Z,-39,60.956892,-138.032143
radio434mhz,6133334B,2026-08-12 18:23:50.000Z,-42,60.956887,-138.032154
radio434mhz,6133334B,2026-08-12 18:23:53.000Z,-41,60.956866,-138.032139
radio434mhz,6133334B,2026-08-12 18:23:55.000Z,-37,60.956866,-138.032125
bluetooth,D2A3B933,2026-08-12 18:23:56.000Z,-28,60.956866,-138.032125,23594,2,0,1570,14.83
radio434mhz,6133334B,2026-08-12 18:23:58.000Z,-35,60.956866,-138.032104
radio434mhz,6133334B,2026-08-12 18:24:00.000Z,-42,60.956880,-138.032065
radio434mhz,6133334B,2026-08-12 18:24:02.000Z,-39,60.956880,-138.032065
radio434mhz,6133334B,2026-08-12 18:24:05.000Z,-37,60.956907,-138.031980
bluetooth,D2A3B933,2026-08-12 18:24:06.000Z,-47,60.956907,-138.031980,41818,2,0,1570,14.98
radio434mhz,6133334B,2026-08-12 18:24:07.000Z,-38,60.956932,-138.031996
radio434mhz,6133334B,2026-08-12 18:24:10.000Z,-38,60.956963,-138.032002
radio434mhz,6133334B,2026-08-12 18:24:12.000Z,-36,60.956994,-138.032007
radio434mhz,6133334B,2026-08-12 18:24:15.000Z,-40,60.957013,-138.032016
bluetooth,D2A3B933,2026-08-12 18:24:16.000Z,-43,60.957013,-138.032016,43455,2,0,1570,14.98
radio434mhz,6133334B,2026-08-12 18:24:17.000Z,-38,60.957036,-138.032025
radio434mhz,6133334B,2026-08-12 18:24:20.000Z,-41,60.957056,-138.031995
radio434mhz,6133334B,2026-08-12 18:24:22.000Z,-41,60.957055,-138.031990
radio434mhz,6133334B,2026-08-12 18:24:25.000Z,-36,60.957060,-138.031931
bluetooth,D2A3B933,2026-08-12 18:24:26.000Z,-43,60.957060,-138.031931,55944,2,0,1571,14.98
radio434mhz,6133334B,2026-08-12 18:24:27.000Z,-40,60.957091,-138.031940
radio434mhz,6133334B,2026-08-12 18:24:30.000Z,-39,60.957115,-138.031914
radio434mhz,6133334B,2026-08-12 18:24:32.000Z,-38,60.957136,-138.031894
radio434mhz,6133334B,2026-08-12 18:24:35.000Z,-37,60.957137,-138.031837
bluetooth,D2A3B933,2026-08-12 18:24:36.000Z,-44,60.957137,-138.031837,24464,2,0,1570,14.83
radio434mhz,6133334B,2026-08-12 18:24:37.000Z,-37,60.957164,-138.031817
radio434mhz,5552522A,2026-08-12 18:24:39.000Z,-109,60.957164,-138.031817
radio434mhz,6133334B,2026-08-12 18:24:39.000Z,-36,60.957193,-138.031810
radio434mhz,6133334B,2026-08-12 18:24:42.000Z,-38,60.957193,-138.031810
radio434mhz,6133334B,2026-08-12 18:24:44.000Z,-38,60.957210,-138.031728
radio434mhz,6133334B,2026-08-12 18:24:47.000Z,-42,60.957236,-138.031697
radio434mhz,6133334B,2026-08-12 18:24:49.000Z,-43,60.957273,-138.031609
radio434mhz,6133334B,2026-08-12 18:24:52.000Z,-36,60.957273,-138.031609
radio434mhz,6133334B,2026-08-12 18:24:54.000Z,-44,60.957296,-138.031577
bluetooth,D2A3B933,2026-08-12 18:24:56.000Z,-45,60.957302,-138.031527,57036,2,0,1570,15.36
radio434mhz,6133334B,2026-08-12 18:24:57.000Z,-42,60.957302,-138.031527
radio434mhz,6133334B,2026-08-12 18:24:59.000Z,-37,60.957287,-138.031463
radio434mhz,6133334B,2026-08-12 18:25:02.000Z,-36,60.957282,-138.031433
radio434mhz,6133334B,2026-08-12 18:25:04.000Z,-39,60.957284,-138.031404
bluetooth,D2A3B933,2026-08-12 18:25:06.000Z,-40,60.957314,-138.031358,22781,2,0,1571,15.03
radio434mhz,6133334B,2026-08-12 18:25:07.000Z,-40,60.957314,-138.031358
radio434mhz,6133334B,2026-08-12 18:25:09.000Z,-37,60.957347,-138.031343
radio434mhz,5552522A,2026-08-12 18:25:11.000Z,-106,60.957365,-138.031319
radio434mhz,6133334B,2026-08-12 18:25:12.000Z,-37,60.957365,-138.031319
radio434mhz,6133334B,2026-08-12 18:25:14.000Z,-35,60.957389,-138.031292
bluetooth,D2A3B933,2026-08-12 18:25:16.000Z,-38,60.957404,-138.031247,14981,2,0,1570,15.23
radio434mhz,6133334B,2026-08-12 18:25:16.000Z,-37,60.957404,-138.031247
radio434mhz,6133334B,2026-08-12 18:25:19.000Z,-36,60.957442,-138.031254
radio434mhz,6133334B,2026-08-12 18:25:21.000Z,-37,60.957471,-138.031234
radio434mhz,6133334B,2026-08-12 18:25:24.000Z,-37,60.957491,-138.031224
radio434mhz,6133334B,2026-08-12 18:25:26.000Z,-37,60.957508,-138.031181
radio434mhz,6133334B,2026-08-12 18:25:29.000Z,-43,60.957503,-138.031138
radio434mhz,5552522A,2026-08-12 18:25:30.000Z,-105,60.957486,-138.031084
radio434mhz,6133334B,2026-08-12 18:25:31.000Z,-42,60.957486,-138.031084
radio434mhz,6133334B,2026-08-12 18:25:34.000Z,-35,60.957478,-138.031034
bluetooth,D2A3B933,2026-08-12 18:25:36.000Z,-43,60.957492,-138.030987,9375,2,0,1569,15.16
radio434mhz,6133334B,2026-08-12 18:25:36.000Z,-41,60.957492,-138.030987
radio434mhz,6133334B,2026-08-12 18:25:39.000Z,-38,60.957491,-138.030955
radio434mhz,6133334B,2026-08-12 18:25:41.000Z,-54,60.957497,-138.030938
radio434mhz,6133334B,2026-08-12 18:25:44.000Z,-39,60.957537,-138.030941
bluetooth,D2A3B933,2026-08-12 18:25:46.000Z,-56,60.957555,-138.030959,57136,2,0,1570,15.06
radio434mhz,6133334B,2026-08-12 18:25:46.000Z,-40,60.957555,-138.030959
radio434mhz,6133334B,2026-08-12 18:25:48.000Z,-36,60.957587,-138.030965
radio434mhz,6133334B,2026-08-12 18:25:51.000Z,-37,60.957623,-138.030939
radio434mhz,6133334B,2026-08-12 18:25:53.000Z,-40,60.957642,-138.030888
radio434mhz,6133334B,2026-08-12 18:25:56.000Z,-40,60.957666,-138.030931
bluetooth,D2A3B933,2026-08-12 18:25:56.000Z,-26,60.957666,-138.030931,7595,2,0,1571,15.26
radio434mhz,6133334B,2026-08-12 18:25:58.000Z,-36,60.957691,-138.030871
radio434mhz,6133334B,2026-08-12 18:26:01.000Z,-36,60.957716,-138.030858
radio434mhz,5552522A,2026-08-12 18:26:02.000Z,-111,60.957716,-138.030858
radio434mhz,6133334B,2026-08-12 18:26:03.000Z,-42,60.957733,-138.030824
radio434mhz,6133334B,2026-08-12 18:26:06.000Z,-40,60.957741,-138.030807
bluetooth,D2A3B933,2026-08-12 18:26:06.000Z,-39,60.957741,-138.030807,8204,2,0,1570,15.03
radio434mhz,6133334B,2026-08-12 18:26:08.000Z,-35,60.957749,-138.030781
radio434mhz,6133334B,2026-08-12 18:26:11.000Z,-39,60.957753,-138.030713
radio434mhz,6133334B,2026-08-12 18:26:13.000Z,-36,60.957774,-138.030688
radio434mhz,6133334B,2026-08-12 18:26:16.000Z,-39,60.957791,-138.030642
bluetooth,D2A3B933,2026-08-12 18:26:16.000Z,-39,60.957791,-138.030642,21782,2,0,1570,14.93
radio434mhz,6133334B,2026-08-12 18:26:18.000Z,-37,60.957773,-138.030639
radio434mhz,6133334B,2026-08-12 18:26:20.000Z,-38,60.957746,-138.030665
radio434mhz,6133334B,2026-08-12 18:26:23.000Z,-42,60.957760,-138.030686
radio434mhz,6133334B,2026-08-12 18:26:25.000Z,-37,60.957735,-138.030717
bluetooth,D2A3B933,2026-08-12 18:26:26.000Z,-30,60.957735,-138.030717,55039,2,0,1569,15.23
radio434mhz,6133334B,2026-08-12 18:26:28.000Z,-38,60.957748,-138.030771
radio434mhz,6133334B,2026-08-12 18:26:30.000Z,-37,60.957720,-138.030766
radio434mhz,6133334B,2026-08-12 18:26:33.000Z,-36,60.957703,-138.030823
radio434mhz,6133334B,2026-08-12 18:26:35.000Z,-42,60.957684,-138.030868
bluetooth,D2A3B933,2026-08-12 18:26:36.000Z,-34,60.957684,-138.030868,65512,2,0,1571,14.98
radio434mhz,6133334B,2026-08-12 18:26:38.000Z,-40,60.957682,-138.030951
radio434mhz,6133334B,2026-08-12 18:26:40.000Z,-38,60.957667,-138.031011
radio434mhz,6133334B,2026-08-12 18:26:43.000Z,-39,60.957653,-138.031077
radio434mhz,6133334B,2026-08-12 18:26:45.000Z,-44,60.957632,-138.031114
bluetooth,D2A3B933,2026-08-12 18:26:46.000Z,-51,60.957632,-138.031114,2017,2,0,1569,15.18
radio434mhz,6133334B,2026-08-12 18:26:48.000Z,-39,60.957603,-138.031124
radio434mhz,6133334B,2026-08-12 18:26:50.000Z,-38,60.957603,-138.031124
radio434mhz,6133334B,2026-08-12 18:26:53.000Z,-39,60.957584,-138.031166
radio434mhz,5552522A,2026-08-12 18:26:53.000Z,-112,60.957584,-138.031166
radio434mhz,6133334B,2026-08-12 18:26:55.000Z,-38,60.957557,-138.031204
bluetooth,D2A3B933,2026-08-12 18:26:56.000Z,-48,60.957557,-138.031204,11924,2,0,1570,15.11
radio434mhz,6133334B,2026-08-12 18:26:57.000Z,-38,60.957543,-138.031227
radio434mhz,6133334B,2026-08-12 18:27:00.000Z,-38,60.957528,-138.031275
radio434mhz,6133334B,2026-08-12 18:27:02.000Z,-37,60.957496,-138.031265
radio434mhz,6133334B,2026-08-12 18:27:05.000Z,-36,60.957479,-138.031300
bluetooth,D2A3B933,2026-08-12 18:27:06.000Z,-40,60.957479,-138.031300,61346,2,0,1571,15.23
radio434mhz,6133334B,2026-08-12 18:27:07.000Z,-36,60.957443,-138.031315
radio434mhz,6133334B,2026-08-12 18:27:10.000Z,-35,60.957439,-138.031371
radio434mhz,6133334B,2026-08-12 18:27:12.000Z,-36,60.957414,-138.031402
radio434mhz,6133334B,2026-08-12 18:27:15.000Z,-38,60.957379,-138.031430
bluetooth,D2A3B933,2026-08-12 18:27:15.000Z,-56,60.957379,-138.031430,35260,2,0,1571,15.23
radio434mhz,6133334B,2026-08-12 18:27:17.000Z,-38,60.957356,-138.031459
radio434mhz,6133334B,2026-08-12 18:27:20.000Z,-40,60.957327,-138.031476
radio434mhz,6133334B,2026-08-12 18:27:22.000Z,-37,60.957303,-138.031502
radio434mhz,6133334B,2026-08-12 18:27:25.000Z,-39,60.957273,-138.031517
bluetooth,D2A3B933,2026-08-12 18:27:25.000Z,-44,60.957273,-138.031517,51998,2,0,1571,15.31
radio434mhz,6133334B,2026-08-12 18:27:27.000Z,-37,60.957263,-138.031563
radio434mhz,6133334B,2026-08-12 18:27:29.000Z,-42,60.957253,-138.031611
radio434mhz,6133334B,2026-08-12 18:27:32.000Z,-36,60.957227,-138.031632
radio434mhz,6133334B,2026-08-12 18:27:34.000Z,-40,60.957202,-138.031669
bluetooth,D2A3B933,2026-08-12 18:27:35.000Z,-63,60.957202,-138.031669,37235,2,0,1570,15.39
radio434mhz,6133334B,2026-08-12 18:27:37.000Z,-37,60.957183,-138.031683
radio434mhz,6133334B,2026-08-12 18:27:39.000Z,-36,60.957151,-138.031687
radio434mhz,6133334B,2026-08-12 18:27:42.000Z,-39,60.957157,-138.031781
radio434mhz,6133334B,2026-08-12 18:27:44.000Z,-39,60.957166,-138.031855
radio434mhz,6133334B,2026-08-12 18:27:47.000Z,-40,60.957143,-138.031921
radio434mhz,6133334B,2026-08-12 18:27:49.000Z,-37,60.957120,-138.031954
radio434mhz,6133334B,2026-08-12 18:27:52.000Z,-37,60.957111,-138.032027
radio434mhz,6133334B,2026-08-12 18:27:54.000Z,-39,60.957094,-138.032083
bluetooth,D2A3B933,2026-08-12 18:27:55.000Z,-46,60.957094,-138.032083,47428,2,0,1571,15.31
radio434mhz,6133334B,2026-08-12 18:27:57.000Z,-36,60.957073,-138.032099
radio434mhz,6133334B,2026-08-12 18:27:59.000Z,-37,60.957054,-138.032135
radio434mhz,6133334B,2026-08-12 18:28:02.000Z,-37,60.957030,-138.032172
radio434mhz,6133334B,2026-08-12 18:28:04.000Z,-37,60.957035,-138.032217
bluetooth,D2A3B933,2026-08-12 18:28:05.000Z,-66,60.957035,-138.032217,3538,2,0,1571,15.61
radio434mhz,6133334B,2026-08-12 18:28:06.000Z,-37,60.957019,-138.032244
radio434mhz,6133334B,2026-08-12 18:28:09.000Z,-37,60.957002,-138.032298
radio434mhz,6133334B,2026-08-12 18:28:11.000Z,-37,60.956976,-138.032282
radio434mhz,6133334B,2026-08-12 18:28:14.000Z,-36,60.956953,-138.032273
bluetooth,D2A3B933,2026-08-12 18:28:15.000Z,-43,60.956953,-138.032273,64140,2,0,1569,15.56
radio434mhz,6133334B,2026-08-12 18:28:16.000Z,-44,60.956953,-138.032273
radio434mhz,6133334B,2026-08-12 18:28:19.000Z,-40,60.956939,-138.032310
radio434mhz,6133334B,2026-08-12 18:28:21.000Z,-36,60.956920,-138.032332
radio434mhz,6133334B,2026-08-12 18:28:24.000Z,-41,60.956904,-138.032300
bluetooth,D2A3B933,2026-08-12 18:28:25.000Z,-44,60.956889,-138.032251,45459,2,0,1571,15.51
radio434mhz,6133334B,2026-08-12 18:28:26.000Z,-43,60.956889,-138.032251
radio434mhz,6133334B,2026-08-12 18:28:29.000Z,-42,60.956856,-138.032284
radio434mhz,6133334B,2026-08-12 18:28:31.000Z,-37,60.956835,-138.032285
radio434mhz,6133334B,2026-08-12 18:28:34.000Z,-38,60.956812,-138.032286
bluetooth,D2A3B933,2026-08-12 18:28:35.000Z,-37,60.956795,-138.032242,2392,2,0,1569,15.61
radio434mhz,6133334B,2026-08-12 18:28:36.000Z,-39,60.956795,-138.032242
radio434mhz,6133334B,2026-08-12 18:28:38.000Z,-38,60.956779,-138.032304
radio434mhz,6133334B,2026-08-12 18:28:41.000Z,-37,60.956745,-138.032336
radio434mhz,6133334B,2026-08-12 18:28:43.000Z,-38,60.956741,-138.032407
bluetooth,D2A3B933,2026-08-12 18:28:45.000Z,-39,60.956723,-138.032383,1282,2,0,1570,15.74
radio434mhz,6133334B,2026-08-12 18:28:46.000Z,-56,60.956723,-138.032383
radio434mhz,6133334B,2026-08-12 18:28:48.000Z,-41,60.956729,-138.032341
radio434mhz,6133334B,2026-08-12 18:28:51.000Z,-38,60.956734,-138.032277
radio434mhz,6133334B,2026-08-12 18:28:53.000Z,-42,60.956727,-138.032210
bluetooth,D2A3B933,2026-08-12 18:28:55.000Z,-31,60.956756,-138.032506,61507,2,0,1570,15.72
radio434mhz,6133334B,2026-08-12 18:28:56.000Z,-36,60.956756,-138.032506
radio434mhz,6133334B,2026-08-12 18:28:58.000Z,-44,60.956715,-138.032525
bluetooth,6CC65AEF,2026-08-12 18:29:00.000Z,-84,60.956713,-138.032519,31718,2,0,1569,29.89
radio434mhz,6133334B,2026-08-12 18:29:01.000Z,-50,60.956713,-138.032519
radio434mhz,6133334B,2026-08-12 18:29:03.000Z,-42,60.956689,-138.032504
bluetooth,D2A3B933,2026-08-12 18:29:05.000Z,-16,60.956679,-138.032494,33369,2,0,1570,15.66
radio434mhz,6133334B,2026-08-12 18:29:06.000Z,-49,60.956679,-138.032494
radio434mhz,6133334B,2026-08-12 18:29:08.000Z,-43,60.956650,-138.032472
radio434mhz,6133334B,2026-08-12 18:29:10.000Z,-42,60.956629,-138.032482
radio434mhz,6133334B,2026-08-12 18:29:13.000Z,-39,60.956605,-138.032514
radio434mhz,6133334B,2026-08-12 18:29:15.000Z,-39,60.956598,-138.032559
radio434mhz,6133334B,2026-08-12 18:29:18.000Z,-38,60.956584,-138.032527
radio434mhz,6133334B,2026-08-12 18:29:20.000Z,-37,60.956573,-138.032581
radio434mhz,6133334B,2026-08-12 18:29:23.000Z,-39,60.956563,-138.032618
bluetooth,D2A3B933,2026-08-12 18:29:25.000Z,-43,60.956563,-138.032618,54252,2,0,1570,15.49
radio434mhz,6133334B,2026-08-12 18:29:25.000Z,-41,60.956552,-138.032670
radio434mhz,6133334B,2026-08-12 18:29:28.000Z,-38,60.956532,-138.032712
radio434mhz,6133334B,2026-08-12 18:29:30.000Z,-38,60.956518,-138.032752
radio434mhz,6133334B,2026-08-12 18:29:33.000Z,-36,60.956496,-138.032791
bluetooth,D2A3B933,2026-08-12 18:29:35.000Z,-60,60.956493,-138.032847,27604,2,0,1571,15.41
radio434mhz,6133334B,2026-08-12 18:29:35.000Z,-38,60.956493,-138.032847
radio434mhz,6133334B,2026-08-12 18:29:38.000Z,-38,60.956472,-138.032853
radio434mhz,6133334B,2026-08-12 18:29:40.000Z,-42,60.956463,-138.032898
radio434mhz,6133334B,2026-08-12 18:29:42.000Z,-44,60.956448,-138.032935
bluetooth,D2A3B933,2026-08-12 18:29:45.000Z,-54,60.956448,-138.032935,34854,2,0,1571,15.66
radio434mhz,6133334B,2026-08-12 18:29:45.000Z,-39,60.956448,-138.032935
radio434mhz,6133334B,2026-08-12 18:29:47.000Z,-35,60.956437,-138.032973
radio434mhz,6133334B,2026-08-12 18:29:50.000Z,-37,60.956427,-138.033022
radio434mhz,6133334B,2026-08-12 18:29:52.000Z,-38,60.956409,-138.033063
radio434mhz,6133334B,2026-08-12 18:29:55.000Z,-37,60.956402,-138.033114
bluetooth,D2A3B933,2026-08-12 18:29:55.000Z,-49,60.956402,-138.033114,23844,2,0,1569,15.72
radio434mhz,6133334B,2026-08-12 18:29:57.000Z,-37,60.956371,-138.033122
radio434mhz,6133334B,2026-08-12 18:30:00.000Z,-37,60.956344,-138.033135
radio434mhz,6133334B,2026-08-12 18:30:02.000Z,-36,60.956319,-138.033169
radio434mhz,6133334B,2026-08-12 18:30:05.000Z,-37,60.956306,-138.033220
bluetooth,D2A3B933,2026-08-12 18:30:05.000Z,-41,60.956306,-138.033220,673,2,0,1570,15.18
radio434mhz,6133334B,2026-08-12 18:30:07.000Z,-37,60.956277,-138.033269
radio434mhz,6133334B,2026-08-12 18:30:09.000Z,-38,60.956251,-138.033277
radio434mhz,6133334B,2026-08-12 18:30:12.000Z,-43,60.956233,-138.033289
radio434mhz,6133334B,2026-08-12 18:30:14.000Z,-30,60.956215,-138.033280
bluetooth,D2A3B933,2026-08-12 18:30:15.000Z,-40,60.956215,-138.033280,27145,2,0,1570,15.49
radio434mhz,6133334B,2026-08-12 18:30:17.000Z,-36,60.956204,-138.033319
radio434mhz,6133334B,2026-08-12 18:30:19.000Z,-38,60.956190,-138.033377
radio434mhz,6133334B,2026-08-12 18:30:22.000Z,-37,60.956173,-138.033382
radio434mhz,6133334B,2026-08-12 18:30:24.000Z,-37,60.956154,-138.033357
radio434mhz,6133334B,2026-08-12 18:30:27.000Z,-36,60.956134,-138.033399
radio434mhz,6133334B,2026-08-12 18:30:29.000Z,-40,60.956113,-138.033426
radio434mhz,6133334B,2026-08-12 18:30:32.000Z,-38,60.956089,-138.033457
radio434mhz,6133334B,2026-08-12 18:30:34.000Z,-38,60.956067,-138.033476
bluetooth,D2A3B933,2026-08-12 18:30:35.000Z,-41,60.956067,-138.033476,34294,2,0,1570,15.61
radio434mhz,6133334B,2026-08-12 18:30:37.000Z,-37,60.956061,-138.033529
radio434mhz,6133334B,2026-08-12 18:30:39.000Z,-39,60.956038,-138.033535
radio434mhz,6133334B,2026-08-12 18:30:41.000Z,-38,60.956022,-138.033578
radio434mhz,6133334B,2026-08-12 18:30:44.000Z,-36,60.956001,-138.033584
radio434mhz,6133334B,2026-08-12 18:30:46.000Z,-39,60.955992,-138.033626
radio434mhz,6133334B,2026-08-12 18:30:49.000Z,-38,60.955980,-138.033668
radio434mhz,6133334B,2026-08-12 18:30:51.000Z,-43,60.955973,-138.033712
radio434mhz,6133334B,2026-08-12 18:30:54.000Z,-39,60.955968,-138.033756
bluetooth,D2A3B933,2026-08-12 18:30:55.000Z,-47,60.955968,-138.033756,36103,2,0,1570,15.11
radio434mhz,6133334B,2026-08-12 18:30:56.000Z,-37,60.955968,-138.033756
radio434mhz,6133334B,2026-08-12 18:30:59.000Z,-38,60.955968,-138.033801
radio434mhz,6133334B,2026-08-12 18:31:01.000Z,-36,60.955948,-138.033830
radio434mhz,6133334B,2026-08-12 18:31:04.000Z,-35,60.955916,-138.033831
radio434mhz,6133334B,2026-08-12 18:31:06.000Z,-37,60.955894,-138.033875
radio434mhz,6133334B,2026-08-12 18:31:09.000Z,-35,60.955892,-138.033951
radio434mhz,6133334B,2026-08-12 18:31:11.000Z,-36,60.955872,-138.033989
radio434mhz,6133334B,2026-08-12 18:31:13.000Z,-47,60.955849,-138.034007
bluetooth,D2A3B933,2026-08-12 18:31:14.000Z,-58,60.955849,-138.034007,3789,2,0,1571,15.41
radio434mhz,6133334B,2026-08-12 18:31:16.000Z,-37,60.955823,-138.034031
radio434mhz,6133334B,2026-08-12 18:31:18.000Z,-37,60.955812,-138.034073
radio434mhz,6133334B,2026-08-12 18:31:21.000Z,-37,60.955788,-138.034087
radio434mhz,6133334B,2026-08-12 18:31:23.000Z,-36,60.955765,-138.034107
bluetooth,D2A3B933,2026-08-12 18:31:24.000Z,-48,60.955765,-138.034107,11918,2,0,1570,14.98
radio434mhz,6133334B,2026-08-12 18:31:26.000Z,-40,60.955749,-138.034131
radio434mhz,6133334B,2026-08-12 18:31:28.000Z,-42,60.955764,-138.034107
radio434mhz,6133334B,2026-08-12 18:31:31.000Z,-36,60.955760,-138.034108
radio434mhz,6133334B,2026-08-12 18:31:33.000Z,-41,60.955775,-138.034141
bluetooth,D2A3B933,2026-08-12 18:31:34.000Z,-54,60.955775,-138.034141,24715,2,0,1570,15.11
radio434mhz,6133334B,2026-08-12 18:31:36.000Z,-36,60.955775,-138.034141
radio434mhz,6133334B,2026-08-12 18:31:38.000Z,-38,60.955754,-138.034105
radio434mhz,6133334B,2026-08-12 18:31:40.000Z,-38,60.955764,-138.034147
radio434mhz,6133334B,2026-08-12 18:31:43.000Z,-37,60.955764,-138.034101
bluetooth,D2A3B933,2026-08-12 18:31:44.000Z,-40,60.955776,-138.034062,9408,2,0,1571,14.98
radio434mhz,6133334B,2026-08-12 18:31:45.000Z,-38,60.955776,-138.034062
radio434mhz,6133334B,2026-08-12 18:31:48.000Z,-38,60.955785,-138.034081
radio434mhz,6133334B,2026-08-12 18:31:50.000Z,-36,60.955811,-138.034060
radio434mhz,6133334B,2026-08-12 18:31:53.000Z,-37,60.955803,-138.034067
bluetooth,D2A3B933,2026-08-12 18:31:54.000Z,-39,60.955803,-138.034067,4744,2,0,1570,15.26
radio434mhz,6133334B,2026-08-12 18:31:55.000Z,-39,60.955818,-138.034062
radio434mhz,6133334B,2026-08-12 18:31:58.000Z,-38,60.955841,-138.034077
radio434mhz,6133334B,2026-08-12 18:32:00.000Z,-42,60.955861,-138.034057
radio434mhz,6133334B,2026-08-12 18:32:03.000Z,-39,60.955880,-138.034071
bluetooth,D2A3B933,2026-08-12 18:32:04.000Z,-29,60.955880,-138.034071,17376,2,0,1570,15.13
radio434mhz,6133334B,2026-08-12 18:32:05.000Z,-38,60.955900,-138.034064
radio434mhz,6133334B,2026-08-12 18:32:08.000Z,-37,60.955917,-138.034080
radio434mhz,6133334B,2026-08-12 18:32:10.000Z,-39,60.955928,-138.034121
radio434mhz,6133334B,2026-08-12 18:32:12.000Z,-36,60.955971,-138.034094
bluetooth,D2A3B933,2026-08-12 18:32:14.000Z,-37,60.955971,-138.034094,61833,2,0,1570,15.11
radio434mhz,6133334B,2026-08-12 18:32:15.000Z,-33,60.955971,-138.034094
radio434mhz,6133334B,2026-08-12 18:32:17.000Z,-41,60.956025,-138.034001
radio434mhz,6133334B,2026-08-12 18:32:20.000Z,-37,60.956046,-138.033923
radio434mhz,6133334B,2026-08-12 18:32:22.000Z,-39,60.956087,-138.033900
radio434mhz,6133334B,2026-08-12 18:32:25.000Z,-41,60.956114,-138.033924
radio434mhz,6133334B,2026-08-12 18:32:27.000Z,-40,60.956150,-138.033922
radio434mhz,6133334B,2026-08-12 18:32:30.000Z,-44,60.956173,-138.033894
radio434mhz,6133334B,2026-08-12 18:32:32.000Z,-41,60.956201,-138.033886
bluetooth,D2A3B933,2026-08-12 18:32:34.000Z,-45,60.956227,-138.033898,49078,2,0,1570,15.26
radio434mhz,6133334B,2026-08-12 18:32:35.000Z,-36,60.956227,-138.033898
radio434mhz,6133334B,2026-08-12 18:32:37.000Z,-37,60.956259,-138.033895
radio434mhz,6133334B,2026-08-12 18:32:40.000Z,-38,60.956284,-138.033864
radio434mhz,6133334B,2026-08-12 18:32:42.000Z,-39,60.956313,-138.033877
bluetooth,D2A3B933,2026-08-12 18:32:44.000Z,-49,60.956334,-138.033852,11176,2,0,1569,15.23
radio434mhz,6133334B,2026-08-12 18:32:44.000Z,-39,60.956334,-138.033852
radio434mhz,6133334B,2026-08-12 18:32:47.000Z,-45,60.956358,-138.033839
radio434mhz,6133334B,2026-08-12 18:32:49.000Z,-39,60.956378,-138.033849
radio434mhz,6133334B,2026-08-12 18:32:52.000Z,-37,60.956403,-138.033858
bluetooth,D2A3B933,2026-08-12 18:32:54.000Z,-25,60.956426,-138.033869,42653,2,0,1570,15.21
radio434mhz,6133334B,2026-08-12 18:32:54.000Z,-39,60.956426,-138.033869
radio434mhz,6133334B,2026-08-12 18:32:57.000Z,-36,60.956449,-138.033850
radio434mhz,6133334B,2026-08-12 18:32:59.000Z,-37,60.956465,-138.033892
radio434mhz,6133334B,2026-08-12 18:33:02.000Z,-45,60.956486,-138.033919
bluetooth,D2A3B933,2026-08-12 18:33:04.000Z,-36,60.956486,-138.033919,21610,2,0,1570,15.21
radio434mhz,6133334B,2026-08-12 18:33:04.000Z,-36,60.956486,-138.033919
radio434mhz,6133334B,2026-08-12 18:33:07.000Z,-36,60.956505,-138.033940
radio434mhz,6133334B,2026-08-12 18:33:09.000Z,-36,60.956524,-138.033926
radio434mhz,6133334B,2026-08-12 18:33:11.000Z,-38,60.956533,-138.033944
bluetooth,D2A3B933,2026-08-12 18:33:14.000Z,-30,60.956544,-138.033965,43236,2,0,1569,15.18
radio434mhz,6133334B,2026-08-12 18:33:14.000Z,-42,60.956544,-138.033965
radio434mhz,6133334B,2026-08-12 18:33:16.000Z,-37,60.956560,-138.033982
radio434mhz,6133334B,2026-08-12 18:33:19.000Z,-42,60.956594,-138.033917
radio434mhz,6133334B,2026-08-12 18:33:21.000Z,-39,60.956615,-138.033869
radio434mhz,6133334B,2026-08-12 18:33:24.000Z,-35,60.956637,-138.033793
bluetooth,D2A3B933,2026-08-12 18:33:24.000Z,-40,60.956637,-138.033793,58043,2,0,1570,15.29
radio434mhz,6133334B,2026-08-12 18:33:26.000Z,-37,60.956651,-138.033736
radio434mhz,6133334B,2026-08-12 18:33:29.000Z,-38,60.956646,-138.033673
radio434mhz,6133334B,2026-08-12 18:33:31.000Z,-38,60.956663,-138.033634
radio434mhz,6133334B,2026-08-12 18:33:34.000Z,-39,60.956691,-138.033603
bluetooth,D2A3B933,2026-08-12 18:33:34.000Z,-44,60.956691,-138.033603,1672,2,0,1570,15.39
radio434mhz,6133334B,2026-08-12 18:33:36.000Z,-37,60.956704,-138.033557
radio434mhz,6133334B,2026-08-12 18:33:39.000Z,-37,60.956722,-138.033497
radio434mhz,6133334B,2026-08-12 18:33:41.000Z,-39,60.956743,-138.033469
radio434mhz,6133334B,2026-08-12 18:33:44.000Z,-42,60.956743,-138.033469
bluetooth,D2A3B933,2026-08-12 18:33:44.000Z,-43,60.956743,-138.033469,5964,2,0,1569,15.16
radio434mhz,6133334B,2026-08-12 18:33:46.000Z,-40,60.956779,-138.033450
radio434mhz,6133334B,2026-08-12 18:33:48.000Z,-41,60.956785,-138.033478
radio434mhz,6133334B,2026-08-12 18:33:51.000Z,-39,60.956813,-138.033468
radio434mhz,6133334B,2026-08-12 18:33:53.000Z,-40,60.956821,-138.033469
bluetooth,D2A3B933,2026-08-12 18:33:54.000Z,-49,60.956821,-138.033469,15191,2,0,1570,15.31
radio434mhz,6133334B,2026-08-12 18:33:56.000Z,-38,60.956826,-138.033413
radio434mhz,6133334B,2026-08-12 18:33:58.000Z,-40,60.956858,-138.033482
radio434mhz,6133334B,2026-08-12 18:34:01.000Z,-38,60.956885,-138.033480
radio434mhz,6133334B,2026-08-12 18:34:03.000Z,-36,60.956906,-138.033479
bluetooth,D2A3B933,2026-08-12 18:34:04.000Z,-48,60.956906,-138.033479,13311,2,0,1571,15.39
radio434mhz,6133334B,2026-08-12 18:34:06.000Z,-38,60.956911,-138.033424
radio434mhz,6133334B,2026-08-12 18:34:08.000Z,-37,60.956929,-138.033410
radio434mhz,6133334B,2026-08-12 18:34:11.000Z,-39,60.956929,-138.033410
radio434mhz,6133334B,2026-08-12 18:34:13.000Z,-39,60.956929,-138.033410
bluetooth,D2A3B933,2026-08-12 18:34:14.000Z,-40,60.956929,-138.033410,29942,2,0,1570,15.72
radio434mhz,6133334B,2026-08-12 18:34:16.000Z,-39,60.956910,-138.033254
radio434mhz,6133334B,2026-08-12 18:34:18.000Z,-41,60.956907,-138.033297
radio434mhz,6133334B,2026-08-12 18:34:20.000Z,-39,60.956923,-138.033217
radio434mhz,6133334B,2026-08-12 18:34:23.000Z,-38,60.956927,-138.033126
bluetooth,D2A3B933,2026-08-12 18:34:24.000Z,-50,60.956927,-138.033126,44105,2,0,1570,15.92
radio434mhz,6133334B,2026-08-12 18:34:25.000Z,-41,60.956927,-138.033126
radio434mhz,6133334B,2026-08-12 18:34:28.000Z,-41,60.956954,-138.033059
radio434mhz,6133334B,2026-08-12 18:34:30.000Z,-38,60.956978,-138.033090
radio434mhz,6133334B,2026-08-12 18:34:33.000Z,-43,60.957009,-138.033111
radio434mhz,6133334B,2026-08-12 18:34:35.000Z,-38,60.957036,-138.033096
radio434mhz,6133334B,2026-08-12 18:34:38.000Z,-42,60.957036,-138.033096
radio434mhz,6133334B,2026-08-12 18:34:40.000Z,-37,60.957034,-138.033092
radio434mhz,6133334B,2026-08-12 18:34:43.000Z,-36,60.957035,-138.033080
bluetooth,D2A3B933,2026-08-12 18:34:43.000Z,-38,60.957035,-138.033073,60713,2,0,1570,15.79
radio434mhz,6133334B,2026-08-12 18:34:45.000Z,-36,60.957035,-138.033073
radio434mhz,6133334B,2026-08-12 18:34:47.000Z,-39,60.957068,-138.032972
radio434mhz,6133334B,2026-08-12 18:34:50.000Z,-36,60.957093,-138.032968
radio434mhz,6133334B,2026-08-12 18:34:52.000Z,-37,60.957094,-138.032871
bluetooth,D2A3B933,2026-08-12 18:34:53.000Z,-33,60.957094,-138.032871,45919,2,0,1571,15.82
radio434mhz,6133334B,2026-08-12 18:34:55.000Z,-36,60.957108,-138.032824
radio434mhz,6133334B,2026-08-12 18:34:57.000Z,-39,60.957116,-138.032800
radio434mhz,6133334B,2026-08-12 18:35:00.000Z,-38,60.957141,-138.032789
radio434mhz,6133334B,2026-08-12 18:35:02.000Z,-41,60.957158,-138.032746
bluetooth,D2A3B933,2026-08-12 18:35:03.000Z,-36,60.957158,-138.032746,23208,2,0,1571,15.87
radio434mhz,6133334B,2026-08-12 18:35:05.000Z,-35,60.957172,-138.032704
radio434mhz,6133334B,2026-08-12 18:35:07.000Z,-35,60.957177,-138.032681
radio434mhz,6133334B,2026-08-12 18:35:10.000Z,-55,60.957185,-138.032650
radio434mhz,6133334B,2026-08-12 18:35:12.000Z,-57,60.957208,-138.032717
bluetooth,D2A3B933,2026-08-12 18:35:13.000Z,-42,60.957208,-138.032717,7664,2,0,1571,16.07
radio434mhz,6133334B,2026-08-12 18:35:15.000Z,-38,60.957208,-138.032717
radio434mhz,6133334B,2026-08-12 18:35:17.000Z,-38,60.957234,-138.032760
radio434mhz,6133334B,2026-08-12 18:35:19.000Z,-40,60.957257,-138.032797
radio434mhz,6133334B,2026-08-12 18:35:22.000Z,-45,60.957295,-138.032790
radio434mhz,6133334B,2026-08-12 18:35:24.000Z,-40,60.957316,-138.032788
radio434mhz,6133334B,2026-08-12 18:35:27.000Z,-45,60.957347,-138.032785
radio434mhz,6133334B,2026-08-12 18:35:29.000Z,-41,60.957336,-138.032772
radio434mhz,6133334B,2026-08-12 18:35:32.000Z,-37,60.957356,-138.032761
bluetooth,D2A3B933,2026-08-12 18:35:33.000Z,-40,60.957356,-138.032761,53205,2,0,1571,16.20
radio434mhz,6133334B,2026-08-12 18:35:34.000Z,-36,60.957355,-138.032758
radio434mhz,6133334B,2026-08-12 18:35:37.000Z,-40,60.957392,-138.032660
radio434mhz,6133334B,2026-08-12 18:35:39.000Z,-38,60.957403,-138.032619
radio434mhz,6133334B,2026-08-12 18:35:42.000Z,-51,60.957403,-138.032619
bluetooth,D2A3B933,2026-08-12 18:35:43.000Z,-27,60.957425,-138.032569,31859,2,0,1570,16.07
radio434mhz,6133334B,2026-08-12 18:35:44.000Z,-47,60.957425,-138.032569
radio434mhz,6133334B,2026-08-12 18:35:47.000Z,-38,60.957401,-138.032558
radio434mhz,6133334B,2026-08-12 18:35:49.000Z,-39,60.957406,-138.032542
radio434mhz,6133334B,2026-08-12 18:35:51.000Z,-37,60.957396,-138.032470
bluetooth,D2A3B933,2026-08-12 18:35:53.000Z,-35,60.957398,-138.032403,21151,2,0,1570,15.97
radio434mhz,6133334B,2026-08-12 18:35:54.000Z,-39,60.957398,-138.032403
radio434mhz,6133334B,2026-08-12 18:35:56.000Z,-39,60.957407,-138.032344
radio434mhz,6133334B,2026-08-12 18:35:59.000Z,-39,60.957406,-138.032286
radio434mhz,6133334B,2026-08-12 18:36:01.000Z,-39,60.957398,-138.032232
bluetooth,D2A3B933,2026-08-12 18:36:03.000Z,-40,60.957391,-138.032187,18595,2,0,1569,16.30
radio434mhz,6133334B,2026-08-12 18:36:04.000Z,-38,60.957391,-138.032187
radio434mhz,6133334B,2026-08-12 18:36:06.000Z,-37,60.957405,-138.032165
radio434mhz,6133334B,2026-08-12 18:36:09.000Z,-36,60.957434,-138.032134
radio434mhz,6133334B,2026-08-12 18:36:11.000Z,-40,60.957455,-138.032087
bluetooth,D2A3B933,2026-08-12 18:36:13.000Z,-57,60.957455,-138.032087,58805,2,0,1571,16.20
radio434mhz,6133334B,2026-08-12 18:36:14.000Z,-37,60.957473,-138.032002
radio434mhz,6133334B,2026-08-12 18:36:16.000Z,-37,60.957491,-138.031993
radio434mhz,6133334B,2026-08-12 18:36:19.000Z,-40,60.957520,-138.031980
radio434mhz,6133334B,2026-08-12 18:36:21.000Z,-37,60.957553,-138.031953
bluetooth,D2A3B933,2026-08-12 18:36:23.000Z,-50,60.957568,-138.031906,7411,2,0,1570,16.35
radio434mhz,6133334B,2026-08-12 18:36:23.000Z,-36,60.957568,-138.031906
radio434mhz,6133334B,2026-08-12 18:36:26.000Z,-36,60.957601,-138.031870
radio434mhz,6133334B,2026-08-12 18:36:28.000Z,-41,60.957635,-138.031850
radio434mhz,6133334B,2026-08-12 18:36:31.000Z,-37,60.957663,-138.031863
bluetooth,D2A3B933,2026-08-12 18:36:33.000Z,-29,60.957663,-138.031863,25926,2,0,1570,16.04
radio434mhz,6133334B,2026-08-12 18:36:33.000Z,-35,60.957663,-138.031863
radio434mhz,6133334B,2026-08-12 18:36:36.000Z,-37,60.957695,-138.031835
radio434mhz,6133334B,2026-08-12 18:36:38.000Z,-40,60.957719,-138.031824
radio434mhz,6133334B,2026-08-12 18:36:41.000Z,-33,60.957743,-138.031793
bluetooth,D2A3B933,2026-08-12 18:36:43.000Z,-50,60.957768,-138.031807,23230,2,0,1571,15.94
radio434mhz,6133334B,2026-08-12 18:36:43.000Z,-38,60.957768,-138.031807
radio434mhz,6133334B,2026-08-12 18:36:46.000Z,-37,60.957803,-138.031817
radio434mhz,6133334B,2026-08-12 18:36:48.000Z,-40,60.957821,-138.031786
radio434mhz,6133334B,2026-08-12 18:36:51.000Z,-41,60.957816,-138.031744
radio434mhz,6133334B,2026-08-12 18:36:53.000Z,-39,60.957831,-138.031776
bluetooth,D2A3B933,2026-08-12 18:36:53.000Z,-32,60.957831,-138.031776,31868,2,0,1571,16.12
radio434mhz,5552522A,2026-08-12 18:36:55.000Z,-107,60.957831,-138.031776
radio434mhz,6133334B,2026-08-12 18:36:55.000Z,-42,60.957860,-138.031769
radio434mhz,6133334B,2026-08-12 18:36:58.000Z,-42,60.957860,-138.031769
radio434mhz,6133334B,2026-08-12 18:37:00.000Z,-39,60.957882,-138.031711
radio434mhz,6133334B,2026-08-12 18:37:03.000Z,-39,60.957912,-138.031694
radio434mhz,6133334B,2026-08-12 18:37:05.000Z,-38,60.957934,-138.031665
radio434mhz,6133334B,2026-08-12 18:37:08.000Z,-37,60.957976,-138.031632
radio434mhz,6133334B,2026-08-12 18:37:10.000Z,-38,60.958001,-138.031620
radio434mhz,6133334B,2026-08-12 18:37:13.000Z,-33,60.958019,-138.031606
radio434mhz,6133334B,2026-08-12 18:37:15.000Z,-38,60.958042,-138.031581
radio434mhz,6133334B,2026-08-12 18:37:18.000Z,-41,60.958029,-138.031540
radio434mhz,6133334B,2026-08-12 18:37:20.000Z,-41,60.958038,-138.031541
radio434mhz,6133334B,2026-08-12 18:37:23.000Z,-39,60.958050,-138.031588
bluetooth,D2A3B933,2026-08-12 18:37:23.000Z,-45,60.958050,-138.031588,46489,2,0,1569,16.04
radio434mhz,6133334B,2026-08-12 18:37:25.000Z,-40,60.958065,-138.031643
radio434mhz,6133334B,2026-08-12 18:37:27.000Z,-37,60.958100,-138.031629
radio434mhz,6133334B,2026-08-12 18:37:30.000Z,-38,60.958121,-138.031599
radio434mhz,6133334B,2026-08-12 18:37:32.000Z,-38,60.958150,-138.031531
bluetooth,D2A3B933,2026-08-12 18:37:33.000Z,-41,60.958150,-138.031531,55707,2,0,1571,15.77
radio434mhz,6133334B,2026-08-12 18:37:35.000Z,-38,60.958146,-138.031481
radio434mhz,6133334B,2026-08-12 18:37:37.000Z,-42,60.958123,-138.031457
radio434mhz,6133334B,2026-08-12 18:37:40.000Z,-39,60.958124,-138.031403
radio434mhz,6133334B,2026-08-12 18:37:42.000Z,-39,60.958125,-138.031359
bluetooth,D2A3B933,2026-08-12 18:37:43.000Z,-38,60.958125,-138.031359,62885,2,0,1570,16.04
radio434mhz,6133334B,2026-08-12 18:37:45.000Z,-37,60.958116,-138.031313
radio434mhz,6133334B,2026-08-12 18:37:47.000Z,-38,60.958128,-138.031256
radio434mhz,6133334B,2026-08-12 18:37:50.000Z,-37,60.958128,-138.031201
radio434mhz,6133334B,2026-08-12 18:37:52.000Z,-38,60.958089,-138.031184
bluetooth,D2A3B933,2026-08-12 18:37:53.000Z,-29,60.958089,-138.031184,47780,2,0,1570,15.89
radio434mhz,6133334B,2026-08-12 18:37:54.000Z,-41,60.958064,-138.031173
radio434mhz,6133334B,2026-08-12 18:37:57.000Z,-38,60.958064,-138.031173
radio434mhz,6133334B,2026-08-12 18:37:59.000Z,-37,60.958031,-138.031169
radio434mhz,6133334B,2026-08-12 18:38:02.000Z,-39,60.958011,-138.031148
bluetooth,D2A3B933,2026-08-12 18:38:03.000Z,-48,60.957987,-138.031136,60019,2,0,1569,16.04
radio434mhz,6133334B,2026-08-12 18:38:04.000Z,-38,60.957987,-138.031136
radio434mhz,6133334B,2026-08-12 18:38:07.000Z,-35,60.957980,-138.031074
radio434mhz,6133334B,2026-08-12 18:38:09.000Z,-38,60.957969,-138.031090
radio434mhz,6133334B,2026-08-12 18:38:12.000Z,-40,60.957947,-138.031081
bluetooth,D2A3B933,2026-08-12 18:38:13.000Z,-50,60.957947,-138.031081,579,2,0,1570,15.79
radio434mhz,6133334B,2026-08-12 18:38:14.000Z,-38,60.957925,-138.031125
radio434mhz,6133334B,2026-08-12 18:38:17.000Z,-39,60.957919,-138.031170
radio434mhz,6133334B,2026-08-12 18:38:19.000Z,-42,60.957941,-138.031212
radio434mhz,6133334B,2026-08-12 18:38:22.000Z,-42,60.957893,-138.031108
bluetooth,D2A3B933,2026-08-12 18:38:23.000Z,-45,60.957846,-138.031001,38440,2,0,1570,15.82
radio434mhz,6133334B,2026-08-12 18:38:24.000Z,-38,60.957846,-138.031001
radio434mhz,5552522A,2026-08-12 18:38:24.000Z,-110,60.957846,-138.031001
radio434mhz,6133334B,2026-08-12 18:38:26.000Z,-36,60.957805,-138.030926
radio434mhz,6133334B,2026-08-12 18:38:29.000Z,-37,60.957778,-138.030886
radio434mhz,6133334B,2026-08-12 18:38:31.000Z,-38,60.957762,-138.030833
bluetooth,D2A3B933,2026-08-12 18:38:33.000Z,-28,60.957762,-138.030833,34667,2,0,1570,15.92
radio434mhz,6133334B,2026-08-12 18:38:34.000Z,-35,60.957737,-138.030804
radio434mhz,6133334B,2026-08-12 18:38:36.000Z,-38,60.957730,-138.030844
radio434mhz,6133334B,2026-08-12 18:38:39.000Z,-37,60.957707,-138.030845
radio434mhz,5552522A,2026-08-12 18:38:40.000Z,-109,60.957707,-138.030845
radio434mhz,6133334B,2026-08-12 18:38:41.000Z,-41,60.957688,-138.030863
bluetooth,D2A3B933,2026-08-12 18:38:43.000Z,-24,60.957688,-138.030863,34134,2,0,1571,15.61
radio434mhz,6133334B,2026-08-12 18:38:44.000Z,-40,60.957652,-138.030847
radio434mhz,6133334B,2026-08-12 18:38:46.000Z,-38,60.957645,-138.030763
radio434mhz,6133334B,2026-08-12 18:38:49.000Z,-39,60.957621,-138.030772
radio434mhz,6133334B,2026-08-12 18:38:51.000Z,-36,60.957583,-138.030811
bluetooth,D2A3B933,2026-08-12 18:38:53.000Z,-49,60.957583,-138.030811,8183,2,0,1569,15.74
radio434mhz,5552522A,2026-08-12 18:38:53.000Z,-108,60.957574,-138.030857
radio434mhz,6133334B,2026-08-12 18:38:54.000Z,-38,60.957574,-138.030857
radio434mhz,6133334B,2026-08-12 18:38:56.000Z,-35,60.957582,-138.030911
radio434mhz,6133334B,2026-08-12 18:38:58.000Z,-36,60.957566,-138.030934
radio434mhz,6133334B,2026-08-12 18:39:01.000Z,-37,60.957567,-138.030956
radio434mhz,5552522A,2026-08-12 18:39:02.000Z,-106,60.957567,-138.030956
bluetooth,D2A3B933,2026-08-12 18:39:03.000Z,-42,60.957567,-138.030956,6412,2,0,1570,15.59
radio434mhz,6133334B,2026-08-12 18:39:03.000Z,-37,60.957567,-138.030956
radio434mhz,5552522A,2026-08-12 18:39:06.000Z,-106,60.957568,-138.031019
radio434mhz,6133334B,2026-08-12 18:39:06.000Z,-40,60.957568,-138.031019
radio434mhz,6133334B,2026-08-12 18:39:08.000Z,-38,60.957583,-138.031081
radio434mhz,6133334B,2026-08-12 18:39:11.000Z,-41,60.957567,-138.031118
bluetooth,D2A3B933,2026-08-12 18:39:13.000Z,-47,60.957588,-138.031169,60843,2,0,1570,15.51
radio434mhz,6133334B,2026-08-12 18:39:13.000Z,-37,60.957588,-138.031169
radio434mhz,6133334B,2026-08-12 18:39:16.000Z,-43,60.957560,-138.031148
radio434mhz,6133334B,2026-08-12 18:39:18.000Z,-38,60.957562,-138.031182
radio434mhz,6133334B,2026-08-12 18:39:21.000Z,-37,60.957535,-138.031208
bluetooth,D2A3B933,2026-08-12 18:39:23.000Z,-34,60.957555,-138.031293,38897,2,0,1571,15.66
radio434mhz,6133334B,2026-08-12 18:39:23.000Z,-36,60.957555,-138.031293
radio434mhz,6133334B,2026-08-12 18:39:25.000Z,-36,60.957539,-138.031338
radio434mhz,6133334B,2026-08-12 18:39:28.000Z,-36,60.957543,-138.031398
radio434mhz,6133334B,2026-08-12 18:39:30.000Z,-41,60.957525,-138.031365
bluetooth,D2A3B933,2026-08-12 18:39:32.000Z,-44,60.957522,-138.031431,11473,2,0,1570,15.79
radio434mhz,6133334B,2026-08-12 18:39:33.000Z,-39,60.957522,-138.031431
radio434mhz,6133334B,2026-08-12 18:39:35.000Z,-34,60.957502,-138.031480
radio434mhz,6133334B,2026-08-12 18:39:38.000Z,-41,60.957517,-138.031529
radio434mhz,6133334B,2026-08-12 18:39:40.000Z,-38,60.957518,-138.031580
bluetooth,D2A3B933,2026-08-12 18:39:42.000Z,-47,60.957499,-138.031580,9224,2,0,1570,15.56
radio434mhz,6133334B,2026-08-12 18:39:43.000Z,-42,60.957499,-138.031580
radio434mhz,6133334B,2026-08-12 18:39:45.000Z,-37,60.957504,-138.031633
radio434mhz,6133334B,2026-08-12 18:39:48.000Z,-43,60.957470,-138.031704
radio434mhz,6133334B,2026-08-12 18:39:50.000Z,-41,60.957439,-138.031713
bluetooth,D2A3B933,2026-08-12 18:39:52.000Z,-30,60.957404,-138.031686,63466,2,0,1570,15.82
radio434mhz,6133334B,2026-08-12 18:39:52.000Z,-54,60.957404,-138.031686
radio434mhz,6133334B,2026-08-12 18:39:55.000Z,-42,60.957372,-138.031687
radio434mhz,6133334B,2026-08-12 18:39:57.000Z,-38,60.957351,-138.031712
radio434mhz,6133334B,2026-08-12 18:40:00.000Z,-41,60.957323,-138.031720
radio434mhz,6133334B,2026-08-12 18:40:02.000Z,-34,60.957297,-138.031692
bluetooth,D2A3B933,2026-08-12 18:40:02.000Z,-37,60.957297,-138.031692,52177,2,0,1570,15.72
radio434mhz,6133334B,2026-08-12 18:40:05.000Z,-37,60.957278,-138.031722
radio434mhz,6133334B,2026-08-12 18:40:07.000Z,-37,60.957285,-138.031781
radio434mhz,6133334B,2026-08-12 18:40:10.000Z,-40,60.957283,-138.031820
radio434mhz,6133334B,2026-08-12 18:40:12.000Z,-42,60.957298,-138.031840
bluetooth,D2A3B933,2026-08-12 18:40:12.000Z,-39,60.957298,-138.031840,21849,2,0,1570,16.02
radio434mhz,6133334B,2026-08-12 18:40:15.000Z,-37,60.957297,-138.031862
radio434mhz,6133334B,2026-08-12 18:40:17.000Z,-35,60.957306,-138.031881
radio434mhz,6133334B,2026-08-12 18:40:20.000Z,-37,60.957310,-138.031901
radio434mhz,6133334B,2026-08-12 18:40:22.000Z,-38,60.957269,-138.031897
bluetooth,D2A3B933,2026-08-12 18:40:22.000Z,-41,60.957269,-138.031897,36808,2,0,1571,15.99
radio434mhz,6133334B,2026-08-12 18:40:24.000Z,-37,60.957247,-138.031884
radio434mhz,6133334B,2026-08-12 18:40:27.000Z,-37,60.957205,-138.031932
radio434mhz,6133334B,2026-08-12 18:40:29.000Z,-32,60.957189,-138.031967
radio434mhz,6133334B,2026-08-12 18:40:32.000Z,-38,60.957189,-138.031967
bluetooth,D2A3B933,2026-08-12 18:40:32.000Z,-41,60.957180,-138.032027,6794,2,0,1570,15.94
radio434mhz,6133334B,2026-08-12 18:40:34.000Z,-37,60.957180,-138.032027
radio434mhz,6133334B,2026-08-12 18:40:37.000Z,-38,60.957179,-138.032071
radio434mhz,6133334B,2026-08-12 18:40:39.000Z,-36,60.957174,-138.032120
radio434mhz,6133334B,2026-08-12 18:40:42.000Z,-36,60.957161,-138.032152
bluetooth,D2A3B933,2026-08-12 18:40:42.000Z,-48,60.957146,-138.032206,4669,2,0,1570,16.25
radio434mhz,6133334B,2026-08-12 18:40:44.000Z,-39,60.957146,-138.032206
radio434mhz,6133334B,2026-08-12 18:40:47.000Z,-41,60.957115,-138.032213
radio434mhz,6133334B,2026-08-12 18:40:49.000Z,-38,60.957084,-138.032238
radio434mhz,6133334B,2026-08-12 18:40:52.000Z,-38,60.957082,-138.032306
bluetooth,D2A3B933,2026-08-12 18:40:52.000Z,-45,60.957082,-138.032306,51241,2,0,1569,16.35
radio434mhz,6133334B,2026-08-12 18:40:54.000Z,-38,60.957081,-138.032358
radio434mhz,6133334B,2026-08-12 18:40:56.000Z,-38,60.957073,-138.032391
radio434mhz,6133334B,2026-08-12 18:40:59.000Z,-41,60.957063,-138.032442
radio434mhz,6133334B,2026-08-12 18:41:01.000Z,-40,60.957079,-138.032490
bluetooth,D2A3B933,2026-08-12 18:41:02.000Z,-39,60.957079,-138.032490,45200,2,0,1570,16.37
radio434mhz,6133334B,2026-08-12 18:41:04.000Z,-39,60.957076,-138.032541
radio434mhz,6133334B,2026-08-12 18:41:06.000Z,-40,60.957073,-138.032567
radio434mhz,6133334B,2026-08-12 18:41:09.000Z,-38,60.957051,-138.032581
radio434mhz,6133334B,2026-08-12 18:41:11.000Z,-36,60.957036,-138.032638
radio434mhz,6133334B,2026-08-12 18:41:14.000Z,-38,60.957020,-138.032692
radio434mhz,6133334B,2026-08-12 18:41:16.000Z,-37,60.956991,-138.032712
radio434mhz,6133334B,2026-08-12 18:41:19.000Z,-41,60.956964,-138.032729
radio434mhz,6133334B,2026-08-12 18:41:21.000Z,-37,60.956939,-138.032749
bluetooth,D2A3B933,2026-08-12 18:41:22.000Z,-34,60.956917,-138.032761,34792,2,0,1570,16.20
radio434mhz,6133334B,2026-08-12 18:41:23.000Z,-39,60.956917,-138.032761
radio434mhz,6133334B,2026-08-12 18:41:26.000Z,-38,60.956900,-138.032747
radio434mhz,6133334B,2026-08-12 18:41:28.000Z,-40,60.956873,-138.032724
radio434mhz,6133334B,2026-08-12 18:41:31.000Z,-36,60.956842,-138.032718
radio434mhz,6133334B,2026-08-12 18:41:33.000Z,-37,60.956811,-138.032736
radio434mhz,6133334B,2026-08-12 18:41:36.000Z,-49,60.956784,-138.032688
radio434mhz,6133334B,2026-08-12 18:41:38.000Z,-37,60.956784,-138.032688
radio434mhz,6133334B,2026-08-12 18:41:41.000Z,-38,60.956757,-138.032706
bluetooth,D2A3B933,2026-08-12 18:41:42.000Z,-41,60.956750,-138.032706,8093,2,0,1569,16.85
radio434mhz,6133334B,2026-08-12 18:41:43.000Z,-36,60.956750,-138.032706
radio434mhz,6133334B,2026-08-12 18:41:46.000Z,-36,60.956752,-138.032750
radio434mhz,6133334B,2026-08-12 18:41:48.000Z,-39,60.956754,-138.032806
radio434mhz,6133334B,2026-08-12 18:41:50.000Z,-39,60.956739,-138.032845
bluetooth,D2A3B933,2026-08-12 18:41:52.000Z,-25,60.956722,-138.032865,13403,2,0,1570,16.90
radio434mhz,6133334B,2026-08-12 18:41:53.000Z,-40,60.956722,-138.032865
radio434mhz,6133334B,2026-08-12 18:41:55.000Z,-42,60.956693,-138.032893
radio434mhz,6133334B,2026-08-12 18:41:58.000Z,-40,60.956675,-138.032909
radio434mhz,6133334B,2026-08-12 18:42:00.000Z,-41,60.956659,-138.032953
bluetooth,D2A3B933,2026-08-12 18:42:02.000Z,-27,60.956659,-138.032953,59285,2,0,1570,16.85
radio434mhz,6133334B,2026-08-12 18:42:03.000Z,-38,60.956637,-138.032984
radio434mhz,6133334B,2026-08-12 18:42:05.000Z,-39,60.956616,-138.033011
radio434mhz,6133334B,2026-08-12 18:42:08.000Z,-38,60.956616,-138.033011
radio434mhz,6133334B,2026-08-12 18:42:10.000Z,-44,60.956596,-138.033063
bluetooth,D2A3B933,2026-08-12 18:42:12.000Z,-18,60.956601,-138.033094,24652,2,0,1570,16.73
radio434mhz,6133334B,2026-08-12 18:42:13.000Z,-47,60.956601,-138.033094
radio434mhz,6133334B,2026-08-12 18:42:15.000Z,-45,60.956594,-138.033160
radio434mhz,6133334B,2026-08-12 18:42:17.000Z,-40,60.956572,-138.033168
radio434mhz,6133334B,2026-08-12 18:42:20.000Z,-37,60.956567,-138.033128
bluetooth,D2A3B933,2026-08-12 18:42:22.000Z,-46,60.956542,-138.033076,28151,2,0,1570,16.40
radio434mhz,6133334B,2026-08-12 18:42:22.000Z,-39,60.956542,-138.033076
radio434mhz,6133334B,2026-08-12 18:42:25.000Z,-38,60.956518,-138.033045
radio434mhz,6133334B,2026-08-12 18:42:27.000Z,-37,60.956480,-138.033050
radio434mhz,6133334B,2026-08-12 18:42:30.000Z,-41,60.956458,-138.033074
bluetooth,D2A3B933,2026-08-12 18:42:32.000Z,-36,60.956458,-138.033074,29573,2,0,1570,16.68
radio434mhz,6133334B,2026-08-12 18:42:32.000Z,-39,60.956458,-138.033074
radio434mhz,6133334B,2026-08-12 18:42:35.000Z,-41,60.956431,-138.033107
radio434mhz,6133334B,2026-08-12 18:42:37.000Z,-38,60.956419,-138.033146
radio434mhz,6133334B,2026-08-12 18:42:39.000Z,-43,60.956389,-138.033153
radio434mhz,6133334B,2026-08-12 18:42:42.000Z,-40,60.956385,-138.033114
bluetooth,D2A3B933,2026-08-12 18:42:42.000Z,-47,60.956385,-138.033114,63442,2,0,1570,16.68
radio434mhz,6133334B,2026-08-12 18:42:44.000Z,-36,60.956367,-138.033078
radio434mhz,6133334B,2026-08-12 18:42:47.000Z,-40,60.956367,-138.033106
radio434mhz,6133334B,2026-08-12 18:42:49.000Z,-42,60.956355,-138.033154
radio434mhz,6133334B,2026-08-12 18:42:52.000Z,-41,60.956335,-138.033157
bluetooth,D2A3B933,2026-08-12 18:42:52.000Z,-51,60.956335,-138.033157,32564,2,0,1570,16.60
radio434mhz,6133334B,2026-08-12 18:42:54.000Z,-38,60.956313,-138.033174
radio434mhz,6133334B,2026-08-12 18:42:57.000Z,-42,60.956272,-138.033229
radio434mhz,6133334B,2026-08-12 18:42:59.000Z,-41,60.956276,-138.033295
radio434mhz,6133334B,2026-08-12 18:43:02.000Z,-38,60.956289,-138.033339
radio434mhz,6133334B,2026-08-12 18:43:04.000Z,-43,60.956304,-138.033393
radio434mhz,6133334B,2026-08-12 18:43:06.000Z,-39,60.956301,-138.033464
radio434mhz,6133334B,2026-08-12 18:43:09.000Z,-41,60.956290,-138.033519
radio434mhz,6133334B,2026-08-12 18:43:11.000Z,-39,60.956253,-138.033541
bluetooth,D2A3B933,2026-08-12 18:43:12.000Z,-58,60.956253,-138.033541,49135,2,0,1570,16.40
radio434mhz,6133334B,2026-08-12 18:43:14.000Z,-42,60.956241,-138.033622
radio434mhz,6133334B,2026-08-12 18:43:16.000Z,-41,60.956241,-138.033622
radio434mhz,6133334B,2026-08-12 18:43:19.000Z,-39,60.956226,-138.033635
radio434mhz,6133334B,2026-08-12 18:43:21.000Z,-41,60.956205,-138.033672
bluetooth,D2A3B933,2026-08-12 18:43:22.000Z,-35,60.956191,-138.033654,37157,2,0,1571,16.40
radio434mhz,6133334B,2026-08-12 18:43:24.000Z,-40,60.956191,-138.033654
radio434mhz,6133334B,2026-08-12 18:43:26.000Z,-39,60.956176,-138.033620
radio434mhz,6133334B,2026-08-12 18:43:29.000Z,-39,60.956188,-138.033555
radio434mhz,6133334B,2026-08-12 18:43:31.000Z,-53,60.956186,-138.033593
bluetooth,D2A3B933,2026-08-12 18:43:32.000Z,-39,60.956186,-138.033593,14598,2,0,1570,16.40
radio434mhz,6133334B,2026-08-12 18:43:33.000Z,-37,60.956196,-138.033633
radio434mhz,6133334B,2026-08-12 18:43:36.000Z,-37,60.956196,-138.033633
radio434mhz,6133334B,2026-08-12 18:43:38.000Z,-32,60.956236,-138.033649
radio434mhz,6133334B,2026-08-12 18:43:41.000Z,-34,60.956240,-138.033702
bluetooth,D2A3B933,2026-08-12 18:43:42.000Z,-42,60.956211,-138.033781,8990,2,0,1570,16.22
radio434mhz,6133334B,2026-08-12 18:43:43.000Z,-39,60.956211,-138.033781
radio434mhz,6133334B,2026-08-12 18:43:46.000Z,-41,60.956185,-138.033802
radio434mhz,6133334B,2026-08-12 18:43:48.000Z,-42,60.956176,-138.033828
radio434mhz,6133334B,2026-08-12 18:43:51.000Z,-41,60.956174,-138.033870
bluetooth,D2A3B933,2026-08-12 18:43:52.000Z,-29,60.956120,-138.033849,51156,2,0,1571,16.45
radio434mhz,6133334B,2026-08-12 18:43:53.000Z,-37,60.956120,-138.033849
radio434mhz,6133334B,2026-08-12 18:43:55.000Z,-38,60.956092,-138.033861
radio434mhz,6133334B,2026-08-12 18:43:58.000Z,-42,60.956071,-138.033852
radio434mhz,6133334B,2026-08-12 18:44:00.000Z,-45,60.956064,-138.033798
bluetooth,D2A3B933,2026-08-12 18:44:02.000Z,-26,60.956026,-138.033796,50728,2,0,1570,16.04
radio434mhz,6133334B,2026-08-12 18:44:03.000Z,-62,60.956026,-138.033796
radio434mhz,6133334B,2026-08-12 18:44:05.000Z,-40,60.956003,-138.033823
radio434mhz,6133334B,2026-08-12 18:44:08.000Z,-42,60.955988,-138.033849
radio434mhz,6133334B,2026-08-12 18:44:10.000Z,-37,60.955961,-138.033875
bluetooth,D2A3B933,2026-08-12 18:44:12.000Z,-28,60.955915,-138.033942,15634,2,0,1571,16.12
radio434mhz,6133334B,2026-08-12 18:44:13.000Z,-41,60.955915,-138.033942
radio434mhz,6133334B,2026-08-12 18:44:15.000Z,-44,60.955917,-138.033994
radio434mhz,6133334B,2026-08-12 18:44:18.000Z,-41,60.955894,-138.034040
radio434mhz,6133334B,2026-08-12 18:44:20.000Z,-39,60.955870,-138.034074
bluetooth,D2A3B933,2026-08-12 18:44:22.000Z,-45,60.955854,-138.034067,49088,2,0,1571,16.09
radio434mhz,6133334B,2026-08-12 18:44:22.000Z,-33,60.955854,-138.034067
radio434mhz,6133334B,2026-08-12 18:44:25.000Z,-38,60.955843,-138.034128
radio434mhz,6133334B,2026-08-12 18:44:27.000Z,-37,60.955838,-138.034152
radio434mhz,6133334B,2026-08-12 18:44:30.000Z,-40,60.955818,-138.034202
bluetooth,D2A3B933,2026-08-12 18:44:32.000Z,-46,60.955795,-138.034243,63595,2,0,1571,16.32
radio434mhz,6133334B,2026-08-12 18:44:32.000Z,-45,60.955795,-138.034243
radio434mhz,6133334B,2026-08-12 18:44:35.000Z,-39,60.955787,-138.034301
radio434mhz,6133334B,2026-08-12 18:44:37.000Z,-41,60.955789,-138.034324
radio434mhz,6133334B,2026-08-12 18:44:40.000Z,-39,60.955789,-138.034367
bluetooth,D2A3B933,2026-08-12 18:44:42.000Z,-29,60.955773,-138.034366,23198,2,0,1571,16.25
radio434mhz,6133334B,2026-08-12 18:44:42.000Z,-42,60.955773,-138.034366
radio434mhz,6133334B,2026-08-12 18:44:44.000Z,-40,60.955760,-138.034383
radio434mhz,6133334B,2026-08-12 18:44:47.000Z,-43,60.955712,-138.034381
radio434mhz,6133334B,2026-08-12 18:44:49.000Z,-41,60.955685,-138.034384
bluetooth,D2A3B933,2026-08-12 18:44:52.000Z,-32,60.955685,-138.034384,25611,2,0,1571,16.30
radio434mhz,6133334B,2026-08-12 18:44:52.000Z,-37,60.955650,-138.034379
radio434mhz,6133334B,2026-08-12 18:44:54.000Z,-38,60.955635,-138.034422
radio434mhz,6133334B,2026-08-12 18:44:57.000Z,-39,60.955635,-138.034422
radio434mhz,6133334B,2026-08-12 18:44:59.000Z,-40,60.955608,-138.034420
bluetooth,D2A3B933,2026-08-12 18:45:02.000Z,-34,60.955625,-138.034387,35922,2,0,1570,16.04
radio434mhz,6133334B,2026-08-12 18:45:02.000Z,-41,60.955625,-138.034387
radio434mhz,6133334B,2026-08-12 18:45:04.000Z,-39,60.955634,-138.034405
radio434mhz,6133334B,2026-08-12 18:45:07.000Z,-42,60.955665,-138.034399
radio434mhz,6133334B,2026-08-12 18:45:09.000Z,-39,60.955665,-138.034399
radio434mhz,6133334B,2026-08-12 18:45:11.000Z,-37,60.955671,-138.034400
bluetooth,D2A3B933,2026-08-12 18:45:12.000Z,-33,60.955710,-138.034378,56677,2,0,1570,16.17
radio434mhz,6133334B,2026-08-12 18:45:14.000Z,-53,60.955710,-138.034378
radio434mhz,6133334B,2026-08-12 18:45:16.000Z,-39,60.955730,-138.034386
radio434mhz,6133334B,2026-08-12 18:45:19.000Z,-41,60.955787,-138.034422
radio434mhz,6133334B,2026-08-12 18:45:21.000Z,-34,60.955807,-138.034424
bluetooth,D2A3B933,2026-08-12 18:45:22.000Z,-36,60.955807,-138.034424,15735,2,0,1570,16.27
radio434mhz,6133334B,2026-08-12 18:45:24.000Z,-39,60.955814,-138.034441
radio434mhz,6133334B,2026-08-12 18:45:26.000Z,-48,60.955792,-138.034472
radio434mhz,6133334B,2026-08-12 18:45:29.000Z,-37,60.955773,-138.034500
radio434mhz,6133334B,2026-08-12 18:45:31.000Z,-39,60.955762,-138.034503
bluetooth,D2A3B933,2026-08-12 18:45:32.000Z,-17,60.955762,-138.034503,22025,2,0,1571,16.45
radio434mhz,6133334B,2026-08-12 18:45:33.000Z,-37,60.955758,-138.034500
radio434mhz,6133334B,2026-08-12 18:45:36.000Z,-42,60.955757,-138.034511
radio434mhz,6133334B,2026-08-12 18:45:38.000Z,-44,60.955755,-138.034507
radio434mhz,6133334B,2026-08-12 18:45:41.000Z,-42,60.955762,-138.034521
bluetooth,D2A3B933,2026-08-12 18:45:41.000Z,-46,60.955762,-138.034521,57362,2,0,1570,16.55
radio434mhz,6133334B,2026-08-12 18:45:43.000Z,-35,60.955762,-138.034521
radio434mhz,6133334B,2026-08-12 18:45:46.000Z,-37,60.955772,-138.034514
radio434mhz,6133334B,2026-08-12 18:45:48.000Z,-37,60.955782,-138.034538
radio434mhz,6133334B,2026-08-12 18:45:51.000Z,-37,60.955777,-138.034519
bluetooth,D2A3B933,2026-08-12 18:45:51.000Z,-44,60.955777,-138.034519,378,2,0,1570,16.30
radio434mhz,6133334B,2026-08-12 18:45:53.000Z,-44,60.955837,-138.034557
radio434mhz,6133334B,2026-08-12 18:45:56.000Z,-39,60.955862,-138.034563
radio434mhz,6133334B,2026-08-12 18:45:58.000Z,-36,60.955870,-138.034542
radio434mhz,6133334B,2026-08-12 18:46:00.000Z,-37,60.955859,-138.034538
bluetooth,D2A3B933,2026-08-12 18:46:01.000Z,-42,60.955859,-138.034538,63404,2,0,1570,16.62
radio434mhz,6133334B,2026-08-12 18:46:03.000Z,-40,60.955872,-138.034523
radio434mhz,6133334B,2026-08-12 18:46:05.000Z,-42,60.955872,-138.034523
radio434mhz,6133334B,2026-08-12 18:46:08.000Z,-42,60.955882,-138.034564
radio434mhz,6133334B,2026-08-12 18:46:10.000Z,-39,60.955881,-138.034558
radio434mhz,6133334B,2026-08-12 18:46:13.000Z,-38,60.955878,-138.034566
radio434mhz,6133334B,2026-08-12 18:46:15.000Z,-37,60.955878,-138.034566
radio434mhz,6133334B,2026-08-12 18:46:18.000Z,-39,60.955871,-138.034576
radio434mhz,6133334B,2026-08-12 18:46:20.000Z,-37,60.955865,-138.034573
bluetooth,D2A3B933,2026-08-12 18:46:21.000Z,-41,60.955875,-138.034581,14800,2,0,1570,16.57
radio434mhz,6133334B,2026-08-12 18:46:22.000Z,-40,60.955875,-138.034581
radio434mhz,6133334B,2026-08-12 18:46:25.000Z,-40,60.955878,-138.034571
radio434mhz,6133334B,2026-08-12 18:46:27.000Z,-38,60.955882,-138.034567
radio434mhz,6133334B,2026-08-12 18:46:30.000Z,-37,60.955881,-138.034556
bluetooth,D2A3B933,2026-08-12 18:46:31.000Z,-43,60.955881,-138.034556,15588,2,0,1570,16.47
radio434mhz,6133334B,2026-08-12 18:46:32.000Z,-46,60.955910,-138.034438
radio434mhz,6133334B,2026-08-12 18:46:35.000Z,-38,60.955936,-138.034390
radio434mhz,6133334B,2026-08-12 18:46:37.000Z,-35,60.955936,-138.034390
radio434mhz,6133334B,2026-08-12 18:46:40.000Z,-39,60.955967,-138.034353
bluetooth,D2A3B933,2026-08-12 18:46:41.000Z,-38,60.956010,-138.034327,39239,2,0,1570,16.68
radio434mhz,6133334B,2026-08-12 18:46:42.000Z,-41,60.956010,-138.034327
radio434mhz,6133334B,2026-08-12 18:46:45.000Z,-36,60.956041,-138.034293
radio434mhz,6133334B,2026-08-12 18:46:47.000Z,-43,60.956037,-138.034276
radio434mhz,6133334B,2026-08-12 18:46:49.000Z,-41,60.956050,-138.034297
bluetooth,D2A3B933,2026-08-12 18:46:51.000Z,-45,60.956069,-138.034287,61018,2,0,1570,16.40
radio434mhz,6133334B,2026-08-12 18:46:52.000Z,-41,60.956069,-138.034287
radio434mhz,6133334B,2026-08-12 18:46:54.000Z,-44,60.956093,-138.034323
radio434mhz,6133334B,2026-08-12 18:46:57.000Z,-38,60.956114,-138.034293
radio434mhz,6133334B,2026-08-12 18:46:59.000Z,-38,60.956122,-138.034330
bluetooth,D2A3B933,2026-08-12 18:47:01.000Z,-35,60.956122,-138.034330,38566,2,0,1570,16.60
radio434mhz,6133334B,2026-08-12 18:47:02.000Z,-34,60.956140,-138.034352
radio434mhz,6133334B,2026-08-12 18:47:04.000Z,-36,60.956140,-138.034352
radio434mhz,6133334B,2026-08-12 18:47:07.000Z,-42,60.956169,-138.034356
radio434mhz,6133334B,2026-08-12 18:47:09.000Z,-38,60.956198,-138.034322
bluetooth,D2A3B933,2026-08-12 18:47:11.000Z,-35,60.956203,-138.034346,54393,2,0,1570,16.07
radio434mhz,6133334B,2026-08-12 18:47:11.000Z,-38,60.956203,-138.034346
radio434mhz,6133334B,2026-08-12 18:47:14.000Z,-35,60.956221,-138.034325
radio434mhz,6133334B,2026-08-12 18:47:16.000Z,-36,60.956247,-138.034322
radio434mhz,6133334B,2026-08-12 18:47:19.000Z,-40,60.956266,-138.034172
radio434mhz,6133334B,2026-08-12 18:47:21.000Z,-38,60.956286,-138.033999
bluetooth,D2A3B933,2026-08-12 18:47:21.000Z,-45,60.956286,-138.033999,4045,2,0,1571,16.32
radio434mhz,6133334B,2026-08-12 18:47:24.000Z,-35,60.956294,-138.033911
radio434mhz,6133334B,2026-08-12 18:47:26.000Z,-38,60.956325,-138.033838
radio434mhz,6133334B,2026-08-12 18:47:29.000Z,-38,60.956346,-138.033807
radio434mhz,6133334B,2026-08-12 18:47:31.000Z,-41,60.956363,-138.033764
bluetooth,D2A3B933,2026-08-12 18:47:31.000Z,-49,60.956363,-138.033764,21652,2,0,1570,16.20
radio434mhz,6133334B,2026-08-12 18:47:33.000Z,-35,60.956368,-138.033720
radio434mhz,6133334B,2026-08-12 18:47:36.000Z,-41,60.956386,-138.033706
radio434mhz,6133334B,2026-08-12 18:47:38.000Z,-41,60.956403,-138.033692
radio434mhz,6133334B,2026-08-12 18:47:41.000Z,-41,60.956425,-138.033675
radio434mhz,6133334B,2026-08-12 18:47:43.000Z,-38,60.956451,-138.033693
radio434mhz,6133334B,2026-08-12 18:47:46.000Z,-39,60.956480,-138.033700
radio434mhz,6133334B,2026-08-12 18:47:48.000Z,-40,60.956509,-138.033662
radio434mhz,6133334B,2026-08-12 18:47:51.000Z,-39,60.956541,-138.033615
radio434mhz,6133334B,2026-08-12 18:47:53.000Z,-37,60.956545,-138.033579
radio434mhz,6133334B,2026-08-12 18:47:56.000Z,-37,60.956555,-138.033541
radio434mhz,6133334B,2026-08-12 18:47:58.000Z,-42,60.956571,-138.033491
radio434mhz,6133334B,2026-08-12 18:48:00.000Z,-38,60.956580,-138.033439
bluetooth,D2A3B933,2026-08-12 18:48:01.000Z,-46,60.956580,-138.033439,15604,2,0,1570,16.42
radio434mhz,6133334B,2026-08-12 18:48:03.000Z,-41,60.956589,-138.033403
radio434mhz,6133334B,2026-08-12 18:48:05.000Z,-36,60.956589,-138.033403
radio434mhz,6133334B,2026-08-12 18:48:08.000Z,-40,60.956561,-138.033380
radio434mhz,6133334B,2026-08-12 18:48:10.000Z,-36,60.956561,-138.033350
bluetooth,D2A3B933,2026-08-12 18:48:11.000Z,-44,60.956626,-138.033359,629,2,0,1570,16.20
radio434mhz,6133334B,2026-08-12 18:48:13.000Z,-38,60.956626,-138.033359
radio434mhz,6133334B,2026-08-12 18:48:15.000Z,-36,60.956638,-138.033298
radio434mhz,6133334B,2026-08-12 18:48:18.000Z,-36,60.956681,-138.033270
radio434mhz,6133334B,2026-08-12 18:48:20.000Z,-37,60.956709,-138.033244
bluetooth,D2A3B933,2026-08-12 18:48:21.000Z,-43,60.956709,-138.033244,16918,2,0,1572,16.04
radio434mhz,6133334B,2026-08-12 18:48:22.000Z,-39,60.956721,-138.033161
radio434mhz,6133334B,2026-08-12 18:48:25.000Z,-39,60.956740,-138.033155
radio434mhz,6133334B,2026-08-12 18:48:27.000Z,-36,60.956763,-138.033132
radio434mhz,6133334B,2026-08-12 18:48:30.000Z,-37,60.956795,-138.033122
bluetooth,D2A3B933,2026-08-12 18:48:31.000Z,-53,60.956795,-138.033122,62930,2,0,1571,16.04
radio434mhz,6133334B,2026-08-12 18:48:32.000Z,-41,60.956795,-138.033122
radio434mhz,6133334B,2026-08-12 18:48:35.000Z,-37,60.956830,-138.033098
radio434mhz,6133334B,2026-08-12 18:48:37.000Z,-37,60.956867,-138.033065
radio434mhz,6133334B,2026-08-12 18:48:40.000Z,-37,60.956877,-138.033011
bluetooth,D2A3B933,2026-08-12 18:48:41.000Z,-47,60.956885,-138.032956,2631,2,0,1571,15.84
radio434mhz,6133334B,2026-08-12 18:48:42.000Z,-36,60.956885,-138.032956
radio434mhz,6133334B,2026-08-12 18:48:45.000Z,-36,60.956903,-138.032912
radio434mhz,6133334B,2026-08-12 18:48:47.000Z,-39,60.956916,-138.032909
radio434mhz,6133334B,2026-08-12 18:48:49.000Z,-36,60.956946,-138.032921
bluetooth,D2A3B933,2026-08-12 18:48:51.000Z,-45,60.956965,-138.032928,61919,2,0,1571,15.99
radio434mhz,6133334B,2026-08-12 18:48:52.000Z,-37,60.956965,-138.032928
radio434mhz,6133334B,2026-08-12 18:48:54.000Z,-36,60.956973,-138.032864
radio434mhz,6133334B,2026-08-12 18:48:57.000Z,-39,60.956980,-138.032807
radio434mhz,6133334B,2026-08-12 18:48:59.000Z,-37,60.957004,-138.032789
bluetooth,D2A3B933,2026-08-12 18:49:01.000Z,-47,60.957026,-138.032799,16617,2,0,1570,16.25
radio434mhz,6133334B,2026-08-12 18:49:02.000Z,-39,60.957026,-138.032799
radio434mhz,6133334B,2026-08-12 18:49:04.000Z,-38,60.957042,-138.032760
radio434mhz,6133334B,2026-08-12 18:49:07.000Z,-36,60.957049,-138.032781
radio434mhz,6133334B,2026-08-12 18:49:09.000Z,-37,60.957055,-138.032732
bluetooth,D2A3B933,2026-08-12 18:49:11.000Z,-41,60.957066,-138.032685,15874,2,0,1569,16.32
radio434mhz,6133334B,2026-08-12 18:49:11.000Z,-37,60.957066,-138.032685
radio434mhz,6133334B,2026-08-12 18:49:14.000Z,-37,60.957085,-138.032646
radio434mhz,6133334B,2026-08-12 18:49:16.000Z,-36,60.957083,-138.032605
radio434mhz,6133334B,2026-08-12 18:49:19.000Z,-36,60.957066,-138.032564
bluetooth,D2A3B933,2026-08-12 18:49:21.000Z,-45,60.957092,-138.032551,41310,2,0,1572,16.12
radio434mhz,6133334B,2026-08-12 18:49:21.000Z,-37,60.957092,-138.032551
radio434mhz,6133334B,2026-08-12 18:49:24.000Z,-37,60.957101,-138.032503
radio434mhz,6133334B,2026-08-12 18:49:26.000Z,-37,60.957101,-138.032503
radio434mhz,6133334B,2026-08-12 18:49:29.000Z,-36,60.957152,-138.032479
bluetooth,D2A3B933,2026-08-12 18:49:31.000Z,-44,60.957177,-138.032436,59683,2,0,1571,16.12
radio434mhz,6133334B,2026-08-12 18:49:31.000Z,-39,60.957177,-138.032436
radio434mhz,6133334B,2026-08-12 18:49:34.000Z,-40,60.957186,-138.032415
radio434mhz,6133334B,2026-08-12 18:49:36.000Z,-37,60.957180,-138.032362
radio434mhz,6133334B,2026-08-12 18:49:38.000Z,-38,60.957195,-138.032313
bluetooth,D2A3B933,2026-08-12 18:49:41.000Z,-52,60.957215,-138.032273,12256,2,0,1570,16.32
radio434mhz,6133334B,2026-08-12 18:49:41.000Z,-40,60.957215,-138.032273
radio434mhz,6133334B,2026-08-12 18:49:43.000Z,-42,60.957255,-138.032252
radio434mhz,6133334B,2026-08-12 18:49:46.000Z,-37,60.957319,-138.032195
radio434mhz,6133334B,2026-08-12 18:49:48.000Z,-39,60.957347,-138.032172
radio434mhz,6133334B,2026-08-12 18:49:51.000Z,-41,60.957365,-138.032190
bluetooth,D2A3B933,2026-08-12 18:49:51.000Z,-45,60.957365,-138.032190,13638,2,0,1572,16.35
radio434mhz,6133334B,2026-08-12 18:49:53.000Z,-40,60.957377,-138.032139
radio434mhz,6133334B,2026-08-12 18:49:56.000Z,-38,60.957408,-138.032140
radio434mhz,6133334B,2026-08-12 18:49:58.000Z,-38,60.957428,-138.032097
radio434mhz,6133334B,2026-08-12 18:50:00.000Z,-38,60.957424,-138.032052
bluetooth,D2A3B933,2026-08-12 18:50:01.000Z,-40,60.957424,-138.032052,48555,2,0,1570,16.42
radio434mhz,6133334B,2026-08-12 18:50:03.000Z,-39,60.957424,-138.032052
radio434mhz,6133334B,2026-08-12 18:50:05.000Z,-40,60.957418,-138.031997
radio434mhz,6133334B,2026-08-12 18:50:08.000Z,-39,60.957429,-138.031947
radio434mhz,6133334B,2026-08-12 18:50:10.000Z,-37,60.957440,-138.031901
bluetooth,D2A3B933,2026-08-12 18:50:11.000Z,-50,60.957483,-138.031921,22656,2,0,1570,16.17
radio434mhz,6133334B,2026-08-12 18:50:13.000Z,-39,60.957483,-138.031921
radio434mhz,6133334B,2026-08-12 18:50:15.000Z,-36,60.957478,-138.031870
radio434mhz,5552522A,2026-08-12 18:50:17.000Z,-109,60.957501,-138.031812
radio434mhz,6133334B,2026-08-12 18:50:18.000Z,-35,60.957501,-138.031812
radio434mhz,6133334B,2026-08-12 18:50:20.000Z,-40,60.957503,-138.031766
bluetooth,D2A3B933,2026-08-12 18:50:21.000Z,-44,60.957555,-138.031692,19934,2,0,1570,16.40
radio434mhz,6133334B,2026-08-12 18:50:23.000Z,-38,60.957555,-138.031692
radio434mhz,6133334B,2026-08-12 18:50:25.000Z,-38,60.957586,-138.031675
radio434mhz,6133334B,2026-08-12 18:50:27.000Z,-38,60.957614,-138.031699
radio434mhz,6133334B,2026-08-12 18:50:30.000Z,-37,60.957639,-138.031690
bluetooth,D2A3B933,2026-08-12 18:50:31.000Z,-52,60.957645,-138.031664,39877,2,0,1570,16.04
radio434mhz,6133334B,2026-08-12 18:50:32.000Z,-37,60.957645,-138.031664
radio434mhz,6133334B,2026-08-12 18:50:35.000Z,-37,60.957663,-138.031605
radio434mhz,6133334B,2026-08-12 18:50:37.000Z,-38,60.957677,-138.031564
radio434mhz,6133334B,2026-08-12 18:50:40.000Z,-36,60.957698,-138.031568
bluetooth,D2A3B933,2026-08-12 18:50:41.000Z,-51,60.957717,-138.031649,13784,2,0,1570,16.27
radio434mhz,6133334B,2026-08-12 18:50:42.000Z,-36,60.957717,-138.031649
radio434mhz,6133334B,2026-08-12 18:50:45.000Z,-37,60.957740,-138.031658
radio434mhz,6133334B,2026-08-12 18:50:47.000Z,-38,60.957773,-138.031594
radio434mhz,6133334B,2026-08-12 18:50:49.000Z,-38,60.957788,-138.031532
radio434mhz,6133334B,2026-08-12 18:50:52.000Z,-38,60.957812,-138.031495
radio434mhz,6133334B,2026-08-12 18:50:54.000Z,-33,60.957816,-138.031438
radio434mhz,6133334B,2026-08-12 18:50:57.000Z,-36,60.957815,-138.031391
radio434mhz,6133334B,2026-08-12 18:50:59.000Z,-37,60.957834,-138.031351
bluetooth,D2A3B933,2026-08-12 18:51:01.000Z,-46,60.957834,-138.031351,65440,2,0,1570,15.99
radio434mhz,6133334B,2026-08-12 18:51:02.000Z,-37,60.957854,-138.031285
radio434mhz,6133334B,2026-08-12 18:51:04.000Z,-39,60.957880,-138.031260
radio434mhz,6133334B,2026-08-12 18:51:07.000Z,-39,60.957900,-138.031241
radio434mhz,6133334B,2026-08-12 18:51:09.000Z,-40,60.957921,-138.031248
bluetooth,D2A3B933,2026-08-12 18:51:11.000Z,-56,60.957934,-138.031210,53165,2,0,1570,16.12
radio434mhz,6133334B,2026-08-12 18:51:12.000Z,-36,60.957934,-138.031210
radio434mhz,6133334B,2026-08-12 18:51:14.000Z,-39,60.957961,-138.031224
radio434mhz,6133334B,2026-08-12 18:51:16.000Z,-36,60.957983,-138.031162
radio434mhz,6133334B,2026-08-12 18:51:19.000Z,-39,60.958009,-138.031148
bluetooth,D2A3B933,2026-08-12 18:51:21.000Z,-44,60.958009,-138.031148,22396,2,0,1570,16.02
radio434mhz,6133334B,2026-08-12 18:51:21.000Z,-40,60.958013,-138.031152
radio434mhz,6133334B,2026-08-12 18:51:24.000Z,-36,60.958007,-138.031211
radio434mhz,6133334B,2026-08-12 18:51:26.000Z,-38,60.958002,-138.031300
radio434mhz,6133334B,2026-08-12 18:51:29.000Z,-45,60.958002,-138.031300
bluetooth,D2A3B933,2026-08-12 18:51:30.000Z,-29,60.957991,-138.031335,40919,2,0,1570,16.22
radio434mhz,6133334B,2026-08-12 18:51:31.000Z,-37,60.957991,-138.031335
radio434mhz,6133334B,2026-08-12 18:51:34.000Z,-37,60.957979,-138.031284
radio434mhz,6133334B,2026-08-12 18:51:36.000Z,-40,60.957970,-138.031265
radio434mhz,6133334B,2026-08-12 18:51:39.000Z,-37,60.957960,-138.031236
bluetooth,D2A3B933,2026-08-12 18:51:40.000Z,-44,60.957945,-138.031267,50406,2,0,1571,16.30
radio434mhz,6133334B,2026-08-12 18:51:41.000Z,-38,60.957939,-138.031279
radio434mhz,6133334B,2026-08-12 18:51:43.000Z,-40,60.957939,-138.031323
radio434mhz,6133334B,2026-08-12 18:51:46.000Z,-38,60.957912,-138.031353
radio434mhz,6133334B,2026-08-12 18:51:48.000Z,-41,60.957912,-138.031353
bluetooth,D2A3B933,2026-08-12 18:51:50.000Z,-33,60.957887,-138.031388,7172,2,0,1570,16.07
radio434mhz,6133334B,2026-08-12 18:51:51.000Z,-38,60.957887,-138.031388
radio434mhz,6133334B,2026-08-12 18:51:53.000Z,-40,60.957882,-138.031423
radio434mhz,6133334B,2026-08-12 18:51:56.000Z,-38,60.957870,-138.031484
radio434mhz,6133334B,2026-08-12 18:51:58.000Z,-38,60.957840,-138.031530
bluetooth,D2A3B933,2026-08-12 18:52:00.000Z,-22,60.957825,-138.031573,6118,2,0,1572,16.30
radio434mhz,6133334B,2026-08-12 18:52:01.000Z,-38,60.957825,-138.031573
radio434mhz,6133334B,2026-08-12 18:52:03.000Z,-41,60.957784,-138.031582
radio434mhz,6133334B,2026-08-12 18:52:06.000Z,-36,60.957771,-138.031627
radio434mhz,6133334B,2026-08-12 18:52:08.000Z,-38,60.957754,-138.031584
bluetooth,D2A3B933,2026-08-12 18:52:10.000Z,-44,60.957732,-138.031600,36224,2,0,1570,16.22
radio434mhz,6133334B,2026-08-12 18:52:10.000Z,-38,60.957732,-138.031600
radio434mhz,6133334B,2026-08-12 18:52:13.000Z,-38,60.957692,-138.031645
radio434mhz,6133334B,2026-08-12 18:52:15.000Z,-38,60.957660,-138.031682
radio434mhz,6133334B,2026-08-12 18:52:18.000Z,-35,60.957643,-138.031729
radio434mhz,6133334B,2026-08-12 18:52:20.000Z,-37,60.957617,-138.031775
bluetooth,D2A3B933,2026-08-12 18:52:20.000Z,-42,60.957617,-138.031775,6366,2,0,1570,16.22
radio434mhz,6133334B,2026-08-12 18:52:23.000Z,-39,60.957587,-138.031789
radio434mhz,6133334B,2026-08-12 18:52:25.000Z,-37,60.957570,-138.031834
radio434mhz,6133334B,2026-08-12 18:52:28.000Z,-39,60.957585,-138.031884
radio434mhz,6133334B,2026-08-12 18:52:30.000Z,-42,60.957605,-138.031935
bluetooth,D2A3B933,2026-08-12 18:52:30.000Z,-49,60.957605,-138.031935,35038,2,0,1570,16.04
radio434mhz,6133334B,2026-08-12 18:52:32.000Z,-37,60.957591,-138.031998
radio434mhz,6133334B,2026-08-12 18:52:35.000Z,-36,60.957599,-138.032057
radio434mhz,6133334B,2026-08-12 18:52:37.000Z,-40,60.957573,-138.032064
radio434mhz,6133334B,2026-08-12 18:52:40.000Z,-37,60.957586,-138.032118
bluetooth,D2A3B933,2026-08-12 18:52:40.000Z,-40,60.957586,-138.032118,3384,2,0,1569,16.37
radio434mhz,6133334B,2026-08-12 18:52:42.000Z,-38,60.957569,-138.032150
radio434mhz,6133334B,2026-08-12 18:52:45.000Z,-37,60.957555,-138.032192
radio434mhz,6133334B,2026-08-12 18:52:47.000Z,-37,60.957534,-138.032219
radio434mhz,6133334B,2026-08-12 18:52:50.000Z,-37,60.957538,-138.032262
bluetooth,D2A3B933,2026-08-12 18:52:50.000Z,-53,60.957538,-138.032262,29347,2,0,1570,16.20
radio434mhz,6133334B,2026-08-12 18:52:52.000Z,-41,60.957506,-138.032322
radio434mhz,6133334B,2026-08-12 18:52:55.000Z,-39,60.957459,-138.032332
radio434mhz,6133334B,2026-08-12 18:52:57.000Z,-38,60.957427,-138.032314
radio434mhz,6133334B,2026-08-12 18:52:59.000Z,-41,60.957402,-138.032340
bluetooth,D2A3B933,2026-08-12 18:53:00.000Z,-48,60.957402,-138.032340,14316,2,0,1571,16.40
radio434mhz,6133334B,2026-08-12 18:53:02.000Z,-46,60.957381,-138.032383
radio434mhz,6133334B,2026-08-12 18:53:04.000Z,-41,60.957346,-138.032397
radio434mhz,6133334B,2026-08-12 18:53:07.000Z,-37,60.957346,-138.032397
radio434mhz,6133334B,2026-08-12 18:53:09.000Z,-38,60.957318,-138.032391
radio434mhz,6133334B,2026-08-12 18:53:12.000Z,-38,60.957297,-138.032410
radio434mhz,6133334B,2026-08-12 18:53:14.000Z,-32,60.957271,-138.032444
radio434mhz,6133334B,2026-08-12 18:53:17.000Z,-36,60.957218,-138.032446
radio434mhz,6133334B,2026-08-12 18:53:19.000Z,-44,60.957218,-138.032446
bluetooth,D2A3B933,2026-08-12 18:53:20.000Z,-37,60.957197,-138.032442,50797,2,0,1571,16.22
radio434mhz,6133334B,2026-08-12 18:53:22.000Z,-40,60.957197,-138.032442
radio434mhz,6133334B,2026-08-12 18:53:24.000Z,-39,60.957171,-138.032455
radio434mhz,6133334B,2026-08-12 18:53:26.000Z,-38,60.957165,-138.032522
radio434mhz,6133334B,2026-08-12 18:53:29.000Z,-38,60.957168,-138.032594
bluetooth,D2A3B933,2026-08-12 18:53:30.000Z,-32,60.957173,-138.032616,55753,2,0,1570,16.37
radio434mhz,6133334B,2026-08-12 18:53:31.000Z,-37,60.957173,-138.032616
radio434mhz,6133334B,2026-08-12 18:53:34.000Z,-45,60.957193,-138.032636
radio434mhz,6133334B,2026-08-12 18:53:36.000Z,-41,60.957199,-138.032663
radio434mhz,6133334B,2026-08-12 18:53:39.000Z,-39,60.957187,-138.032709
bluetooth,D2A3B933,2026-08-12 18:53:40.000Z,-33,60.957178,-138.032745,16685,2,0,1570,16.30
radio434mhz,6133334B,2026-08-12 18:53:41.000Z,-39,60.957178,-138.032745
radio434mhz,6133334B,2026-08-12 18:53:44.000Z,-37,60.957168,-138.032751
radio434mhz,6133334B,2026-08-12 18:53:46.000Z,-39,60.957148,-138.032765
radio434mhz,6133334B,2026-08-12 18:53:49.000Z,-38,60.957135,-138.032805
bluetooth,D2A3B933,2026-08-12 18:53:50.000Z,-45,60.957107,-138.032853,56676,2,0,1570,16.37
radio434mhz,6133334B,2026-08-12 18:53:51.000Z,-37,60.957107,-138.032853
radio434mhz,6133334B,2026-08-12 18:53:53.000Z,-41,60.957079,-138.032898
radio434mhz,6133334B,2026-08-12 18:53:56.000Z,-46,60.957062,-138.032917
radio434mhz,6133334B,2026-08-12 18:53:58.000Z,-41,60.957037,-138.032910
bluetooth,D2A3B933,2026-08-12 18:54:00.000Z,-31,60.957037,-138.032910,36689,2,0,1572,16.25
radio434mhz,6133334B,2026-08-12 18:54:01.000Z,-43,60.957021,-138.032923
radio434mhz,6133334B,2026-08-12 18:54:03.000Z,-38,60.957005,-138.032919
radio434mhz,6133334B,2026-08-12 18:54:06.000Z,-41,60.957007,-138.032946
radio434mhz,6133334B,2026-08-12 18:54:08.000Z,-41,60.957000,-138.032991
bluetooth,D2A3B933,2026-08-12 18:54:10.000Z,-36,60.957000,-138.032991,43477,2,0,1570,16.32
radio434mhz,6133334B,2026-08-12 18:54:11.000Z,-40,60.956972,-138.033029
radio434mhz,6133334B,2026-08-12 18:54:13.000Z,-40,60.956950,-138.033059
radio434mhz,6133334B,2026-08-12 18:54:15.000Z,-39,60.956946,-138.033105
radio434mhz,6133334B,2026-08-12 18:54:18.000Z,-40,60.956944,-138.033146
bluetooth,D2A3B933,2026-08-12 18:54:20.000Z,-46,60.956916,-138.033151,21669,2,0,1571,16.25
radio434mhz,6133334B,2026-08-12 18:54:20.000Z,-36,60.956916,-138.033151
radio434mhz,6133334B,2026-08-12 18:54:23.000Z,-40,60.956885,-138.033122
radio434mhz,6133334B,2026-08-12 18:54:25.000Z,-39,60.956859,-138.033098
radio434mhz,6133334B,2026-08-12 18:54:28.000Z,-38,60.956833,-138.033080
radio434mhz,6133334B,2026-08-12 18:54:30.000Z,-37,60.956801,-138.033063
radio434mhz,6133334B,2026-08-12 18:54:33.000Z,-40,60.956771,-138.033160
radio434mhz,6133334B,2026-08-12 18:54:35.000Z,-38,60.956759,-138.033196
radio434mhz,6133334B,2026-08-12 18:54:38.000Z,-38,60.956775,-138.033275
bluetooth,D2A3B933,2026-08-12 18:54:40.000Z,-32,60.956758,-138.033298,54927,2,0,1570,16.50
radio434mhz,6133334B,2026-08-12 18:54:40.000Z,-39,60.956758,-138.033298
radio434mhz,6133334B,2026-08-12 18:54:42.000Z,-40,60.956748,-138.033327
radio434mhz,6133334B,2026-08-12 18:54:45.000Z,-37,60.956748,-138.033327
radio434mhz,6133334B,2026-08-12 18:54:47.000Z,-39,60.956747,-138.033358
radio434mhz,6133334B,2026-08-12 18:54:50.000Z,-43,60.956743,-138.033389
bluetooth,D2A3B933,2026-08-12 18:54:50.000Z,-60,60.956743,-138.033389,13136,2,0,1570,16.40
radio434mhz,6133334B,2026-08-12 18:54:52.000Z,-36,60.956723,-138.033377
radio434mhz,6133334B,2026-08-12 18:54:55.000Z,-43,60.956705,-138.033394
radio434mhz,6133334B,2026-08-12 18:54:57.000Z,-37,60.956665,-138.033376
radio434mhz,6133334B,2026-08-12 18:55:00.000Z,-36,60.956642,-138.033406
bluetooth,D2A3B933,2026-08-12 18:55:00.000Z,-44,60.956642,-138.033406,50725,2,0,1571,16.35
radio434mhz,6133334B,2026-08-12 18:55:02.000Z,-39,60.956593,-138.033380
radio434mhz,6133334B,2026-08-12 18:55:04.000Z,-38,60.956570,-138.033410
radio434mhz,6133334B,2026-08-12 18:55:07.000Z,-40,60.956538,-138.033411
radio434mhz,6133334B,2026-08-12 18:55:09.000Z,-44,60.956510,-138.033439
bluetooth,D2A3B933,2026-08-12 18:55:10.000Z,-50,60.956510,-138.033439,17198,2,0,1570,16.42
radio434mhz,6133334B,2026-08-12 18:55:12.000Z,-39,60.956473,-138.033515
radio434mhz,6133334B,2026-08-12 18:55:14.000Z,-39,60.956448,-138.033546
radio434mhz,6133334B,2026-08-12 18:55:17.000Z,-38,60.956424,-138.033584
radio434mhz,6133334B,2026-08-12 18:55:19.000Z,-40,60.956405,-138.033631
bluetooth,D2A3B933,2026-08-12 18:55:20.000Z,-48,60.956405,-138.033631,60384,2,0,1570,16.42
radio434mhz,6133334B,2026-08-12 18:55:22.000Z,-39,60.956400,-138.033687
radio434mhz,6133334B,2026-08-12 18:55:24.000Z,-39,60.956400,-138.033687
radio434mhz,6133334B,2026-08-12 18:55:27.000Z,-39,60.956409,-138.033749
bluetooth,D2A3B933,2026-08-12 18:55:30.000Z,-43,60.956372,-138.033828,45208,2,0,1571,16.22
radio434mhz,6133334B,2026-08-12 18:55:31.000Z,-41,60.956372,-138.033828
radio434mhz,6133334B,2026-08-12 18:55:34.000Z,-39,60.956390,-138.033870
radio434mhz,6133334B,2026-08-12 18:55:36.000Z,-37,60.956423,-138.033895
radio434mhz,6133334B,2026-08-12 18:55:39.000Z,-43,60.956448,-138.033892
bluetooth,D2A3B933,2026-08-12 18:55:40.000Z,-57,60.956448,-138.033892,2444,2,0,1571,16.37
radio434mhz,6133334B,2026-08-12 18:55:41.000Z,-42,60.956456,-138.033960
radio434mhz,6133334B,2026-08-12 18:55:44.000Z,-36,60.956474,-138.033993
radio434mhz,6133334B,2026-08-12 18:55:46.000Z,-38,60.956473,-138.034038
radio434mhz,6133334B,2026-08-12 18:55:49.000Z,-39,60.956473,-138.034038
bluetooth,D2A3B933,2026-08-12 18:55:50.000Z,-23,60.956511,-138.034048,16272,2,0,1569,16.40
radio434mhz,6133334B,2026-08-12 18:55:51.000Z,-37,60.956511,-138.034048
radio434mhz,6133334B,2026-08-12 18:55:54.000Z,-37,60.956515,-138.034098
radio434mhz,6133334B,2026-08-12 18:55:56.000Z,-44,60.956514,-138.034157
radio434mhz,6133334B,2026-08-12 18:55:58.000Z,-40,60.956419,-138.034245
bluetooth,D2A3B933,2026-08-12 18:56:00.000Z,-39,60.956419,-138.034245,21389,2,0,1571,16.22
radio434mhz,6133334B,2026-08-12 18:56:01.000Z,-38,60.956368,-138.034266
radio434mhz,6133334B,2026-08-12 18:56:03.000Z,-38,60.956354,-138.034289
radio434mhz,6133334B,2026-08-12 18:56:06.000Z,-37,60.956315,-138.034354
radio434mhz,6133334B,2026-08-12 18:56:08.000Z,-37,60.956311,-138.034418
bluetooth,D2A3B933,2026-08-12 18:56:10.000Z,-30,60.956311,-138.034418,53101,2,0,1569,16.17
radio434mhz,6133334B,2026-08-12 18:56:11.000Z,-38,60.956281,-138.034422
radio434mhz,6133334B,2026-08-12 18:56:13.000Z,-38,60.956259,-138.034452
radio434mhz,6133334B,2026-08-12 18:56:16.000Z,-39,60.956232,-138.034462
radio434mhz,6133334B,2026-08-12 18:56:18.000Z,-40,60.956212,-138.034475
bluetooth,D2A3B933,2026-08-12 18:56:20.000Z,-22,60.956212,-138.034475,8121,2,0,1570,16.20
radio434mhz,6133334B,2026-08-12 18:56:20.000Z,-43,60.956212,-138.034475
radio434mhz,6133334B,2026-08-12 18:56:23.000Z,-39,60.956195,-138.034455
radio434mhz,6133334B,2026-08-12 18:56:25.000Z,-38,60.956194,-138.034450
radio434mhz,6133334B,2026-08-12 18:56:28.000Z,-40,60.956182,-138.034456
bluetooth,D2A3B933,2026-08-12 18:56:30.000Z,-28,60.956176,-138.034462,42666,2,0,1570,16.22
radio434mhz,6133334B,2026-08-12 18:56:30.000Z,-40,60.956176,-138.034462
radio434mhz,6133334B,2026-08-12 18:56:33.000Z,-36,60.956168,-138.034488
radio434mhz,6133334B,2026-08-12 18:56:35.000Z,-36,60.956165,-138.034491
radio434mhz,6133334B,2026-08-12 18:56:38.000Z,-40,60.956166,-138.034518
bluetooth,D2A3B933,2026-08-12 18:56:40.000Z,-17,60.956166,-138.034518,12689,2,0,1571,16.30
radio434mhz,6133334B,2026-08-12 18:56:40.000Z,-47,60.956167,-138.034524
radio434mhz,6133334B,2026-08-12 18:56:43.000Z,-42,60.956166,-138.034530
radio434mhz,6133334B,2026-08-12 18:56:45.000Z,-38,60.956166,-138.034530
radio434mhz,6133334B,2026-08-12 18:56:47.000Z,-47,60.956165,-138.034532
bluetooth,D2A3B933,2026-08-12 18:56:50.000Z,-25,60.956161,-138.034533,1264,2,0,1572,16.30
radio434mhz,6133334B,2026-08-12 18:56:50.000Z,-38,60.956161,-138.034533
radio434mhz,6133334B,2026-08-12 18:56:52.000Z,-40,60.956160,-138.034534
radio434mhz,6133334B,2026-08-12 18:56:55.000Z,-35,60.956159,-138.034533
radio434mhz,6133334B,2026-08-12 18:56:57.000Z,-39,60.956147,-138.034529
bluetooth,D2A3B933,2026-08-12 18:57:00.000Z,-26,60.956137,-138.034538,22553,2,0,1570,16.52
radio434mhz,6133334B,2026-08-12 18:57:00.000Z,-37,60.956137,-138.034538
radio434mhz,6133334B,2026-08-12 18:57:02.000Z,-39,60.956093,-138.034537
radio434mhz,6133334B,2026-08-12 18:57:05.000Z,-49,60.956073,-138.034538
radio434mhz,6133334B,2026-08-12 18:57:07.000Z,-38,60.956073,-138.034538
radio434mhz,6133334B,2026-08-12 18:57:09.000Z,-39,60.956069,-138.034562
bluetooth,D2A3B933,2026-08-12 18:57:10.000Z,-18,60.956069,-138.034562,3317,2,0,1571,17.16
radio434mhz,6133334B,2026-08-12 18:57:12.000Z,-38,60.956062,-138.034584
radio434mhz,6133334B,2026-08-12 18:57:14.000Z,-35,60.956056,-138.034593
radio434mhz,6133334B,2026-08-12 18:57:17.000Z,-38,60.956046,-138.034621
radio434mhz,6133334B,2026-08-12 18:57:19.000Z,-40,60.956046,-138.034627
bluetooth,D2A3B933,2026-08-12 18:57:20.000Z,-39,60.956046,-138.034627,25272,2,0,1571,17.23
radio434mhz,6133334B,2026-08-12 18:57:22.000Z,-40,60.956040,-138.034652
radio434mhz,6133334B,2026-08-12 18:57:24.000Z,-38,60.956040,-138.034652
radio434mhz,6133334B,2026-08-12 18:57:27.000Z,-38,60.956038,-138.034660
radio434mhz,6133334B,2026-08-12 18:57:29.000Z,-37,60.956035,-138.034680
bluetooth,D2A3B933,2026-08-12 18:57:30.000Z,-45,60.956035,-138.034680,37363,2,0,1570,17.38
radio434mhz,6133334B,2026-08-12 18:57:31.000Z,-44,60.956031,-138.034685
radio434mhz,6133334B,2026-08-12 18:57:34.000Z,-36,60.956031,-138.034688
radio434mhz,6133334B,2026-08-12 18:57:36.000Z,-36,60.956031,-138.034688
radio434mhz,6133334B,2026-08-12 18:57:39.000Z,-37,60.956031,-138.034692
bluetooth,D2A3B933,2026-08-12 18:57:40.000Z,-21,60.956032,-138.034689,25027,2,0,1570,17.76
radio434mhz,6133334B,2026-08-12 18:57:44.000Z,-38,60.956027,-138.034697
radio434mhz,6133334B,2026-08-12 18:57:46.000Z,-36,60.956028,-138.034698
radio434mhz,6133334B,2026-08-12 18:57:49.000Z,-42,60.956026,-138.034708
bluetooth,D2A3B933,2026-08-12 18:57:50.000Z,-37,60.956031,-138.034713,48499,2,0,1569,17.51
radio434mhz,6133334B,2026-08-12 18:57:51.000Z,-38,60.956031,-138.034713
radio434mhz,6133334B,2026-08-12 18:57:53.000Z,-36,60.956031,-138.034719
radio434mhz,6133334B,2026-08-12 18:57:56.000Z,-47,60.956033,-138.034720
radio434mhz,6133334B,2026-08-12 18:57:58.000Z,-54,60.956032,-138.034721
bluetooth,D2A3B933,2026-08-12 18:58:00.000Z,-32,60.956032,-138.034721,30589,2,0,1571,17.56
radio434mhz,6133334B,2026-08-12 18:58:01.000Z,-38,60.956036,-138.034733
radio434mhz,6133334B,2026-08-12 18:58:03.000Z,-37,60.956036,-138.034733
radio434mhz,6133334B,2026-08-12 18:58:06.000Z,-39,60.956037,-138.034736
radio434mhz,6133334B,2026-08-12 18:58:08.000Z,-37,60.956037,-138.034736
bluetooth,D2A3B933,2026-08-12 18:58:10.000Z,-35,60.956054,-138.034759,49954,2,0,1570,17.84
radio434mhz,6133334B,2026-08-12 18:58:10.000Z,-45,60.956054,-138.034759
radio434mhz,6133334B,2026-08-12 18:58:13.000Z,-41,60.956078,-138.034785
radio434mhz,6133334B,2026-08-12 18:58:15.000Z,-42,60.956080,-138.034784
radio434mhz,6133334B,2026-08-12 18:58:18.000Z,-36,60.956107,-138.034811
bluetooth,D2A3B933,2026-08-12 18:58:20.000Z,-39,60.956107,-138.034811,25115,2,0,1570,18.24
radio434mhz,6133334B,2026-08-12 18:58:20.000Z,-40,60.956141,-138.034836
radio434mhz,6133334B,2026-08-12 18:58:23.000Z,-50,60.956150,-138.034847
radio434mhz,6133334B,2026-08-12 18:58:25.000Z,-42,60.956150,-138.034847
radio434mhz,6133334B,2026-08-12 18:58:28.000Z,-39,60.956178,-138.034857
bluetooth,D2A3B933,2026-08-12 18:58:30.000Z,-25,60.956187,-138.034855,51533,2,0,1569,17.79
radio434mhz,6133334B,2026-08-12 18:58:30.000Z,-44,60.956187,-138.034855
radio434mhz,6133334B,2026-08-12 18:58:32.000Z,-44,60.956187,-138.034855
radio434mhz,6133334B,2026-08-12 18:58:35.000Z,-48,60.956201,-138.034853
radio434mhz,6133334B,2026-08-12 18:58:37.000Z,-38,60.956209,-138.034847
bluetooth,D2A3B933,2026-08-12 18:58:40.000Z,-24,60.956212,-138.034842,23528,2,0,1570,17.84
radio434mhz,6133334B,2026-08-12 18:58:40.000Z,-36,60.956212,-138.034842
radio434mhz,6133334B,2026-08-12 18:58:42.000Z,-38,60.956212,-138.034842
radio434mhz,6133334B,2026-08-12 18:58:45.000Z,-37,60.956218,-138.034830
radio434mhz,6133334B,2026-08-12 18:58:47.000Z,-37,60.956220,-138.034824
radio434mhz,6133334B,2026-08-12 18:58:49.000Z,-35,60.956218,-138.034817
bluetooth,D2A3B933,2026-08-12 18:58:50.000Z,-18,60.956218,-138.034817,54029,2,0,1570,18.01
radio434mhz,6133334B,2026-08-12 18:58:52.000Z,-42,60.956223,-138.034808
radio434mhz,6133334B,2026-08-12 18:58:54.000Z,-40,60.956227,-138.034812
radio434mhz,6133334B,2026-08-12 18:58:57.000Z,-38,60.956227,-138.034804
radio434mhz,6133334B,2026-08-12 18:58:59.000Z,-36,60.956230,-138.034798
bluetooth,D2A3B933,2026-08-12 18:59:00.000Z,-17,60.956230,-138.034798,14405,2,0,1571,17.86
radio434mhz,6133334B,2026-08-12 18:59:02.000Z,-39,60.956228,-138.034789
radio434mhz,6133334B,2026-08-12 18:59:04.000Z,-43,60.956229,-138.034791
radio434mhz,6133334B,2026-08-12 18:59:07.000Z,-43,60.956229,-138.034791
radio434mhz,6133334B,2026-08-12 18:59:09.000Z,-39,60.956237,-138.034753
bluetooth,D2A3B933,2026-08-12 18:59:10.000Z,-25,60.956237,-138.034753,15202,2,0,1570,17.86
radio434mhz,6133334B,2026-08-12 18:59:11.000Z,-36,60.956252,-138.034686
radio434mhz,6133334B,2026-08-12 18:59:14.000Z,-39,60.956267,-138.034609
radio434mhz,6133334B,2026-08-12 18:59:16.000Z,-36,60.956264,-138.034523
radio434mhz,6133334B,2026-08-12 18:59:19.000Z,-38,60.956269,-138.034459
bluetooth,D2A3B933,2026-08-12 18:59:20.000Z,-40,60.956269,-138.034459,50551,2,0,1570,17.81
radio434mhz,6133334B,2026-08-12 18:59:21.000Z,-37,60.956284,-138.034423
radio434mhz,6133334B,2026-08-12 18:59:24.000Z,-35,60.956305,-138.034431
radio434mhz,6133334B,2026-08-12 18:59:26.000Z,-36,60.956294,-138.034393
radio434mhz,6133334B,2026-08-12 18:59:29.000Z,-39,60.956300,-138.034382
bluetooth,D2A3B933,2026-08-12 18:59:30.000Z,-41,60.956300,-138.034382,32856,2,0,1570,17.66
radio434mhz,6133334B,2026-08-12 18:59:31.000Z,-38,60.956300,-138.034382
radio434mhz,6133334B,2026-08-12 18:59:33.000Z,-37,60.956297,-138.034334
radio434mhz,6133334B,2026-08-12 18:59:36.000Z,-39,60.956306,-138.034274
radio434mhz,6133334B,2026-08-12 18:59:38.000Z,-35,60.956281,-138.034244
bluetooth,D2A3B933,2026-08-12 18:59:40.000Z,-40,60.956279,-138.034166,58430,2,0,1570,17.48
radio434mhz,6133334B,2026-08-12 18:59:41.000Z,-37,60.956279,-138.034166
radio434mhz,6133334B,2026-08-12 18:59:43.000Z,-37,60.956293,-138.034176
radio434mhz,6133334B,2026-08-12 18:59:46.000Z,-34,60.956300,-138.034208
radio434mhz,6133334B,2026-08-12 18:59:48.000Z,-40,60.956309,-138.034217
bluetooth,D2A3B933,2026-08-12 18:59:50.000Z,-43,60.956328,-138.034206,45593,2,0,1570,17.46
radio434mhz,6133334B,2026-08-12 18:59:50.000Z,-36,60.956328,-138.034206
radio434mhz,6133334B,2026-08-12 18:59:53.000Z,-39,60.956332,-138.034160
radio434mhz,6133334B,2026-08-12 18:59:55.000Z,-37,60.956362,-138.034131
radio434mhz,6133334B,2026-08-12 18:59:58.000Z,-37,60.956338,-138.034132
bluetooth,D2A3B933,2026-08-12 19:00:00.000Z,-22,60.956338,-138.034132,34603,2,0,1570,17.31
radio434mhz,6133334B,2026-08-12 19:00:00.000Z,-36,60.956317,-138.034086
radio434mhz,6133334B,2026-08-12 19:00:03.000Z,-42,60.956308,-138.034029
radio434mhz,6133334B,2026-08-12 19:00:05.000Z,-36,60.956316,-138.033984
radio434mhz,6133334B,2026-08-12 19:00:08.000Z,-37,60.956318,-138.033894
bluetooth,D2A3B933,2026-08-12 19:00:10.000Z,-29,60.956318,-138.033894,23089,2,0,1571,17.36
radio434mhz,6133334B,2026-08-12 19:00:10.000Z,-39,60.956348,-138.033839
radio434mhz,6133334B,2026-08-12 19:00:12.000Z,-39,60.956369,-138.033810
radio434mhz,6133334B,2026-08-12 19:00:15.000Z,-36,60.956397,-138.033798
radio434mhz,6133334B,2026-08-12 19:00:17.000Z,-36,60.956397,-138.033798
bluetooth,D2A3B933,2026-08-12 19:00:20.000Z,-46,60.956418,-138.033793,28118,2,0,1571,17.28
radio434mhz,6133334B,2026-08-12 19:00:20.000Z,-45,60.956418,-138.033793
radio434mhz,6133334B,2026-08-12 19:00:22.000Z,-37,60.956444,-138.033802
radio434mhz,6133334B,2026-08-12 19:00:25.000Z,-40,60.956456,-138.033836
radio434mhz,6133334B,2026-08-12 19:00:27.000Z,-36,60.956476,-138.033863
radio434mhz,6133334B,2026-08-12 19:00:29.000Z,-44,60.956496,-138.033891
bluetooth,D2A3B933,2026-08-12 19:00:29.000Z,-48,60.956496,-138.033891,7227,2,0,1571,17.33
radio434mhz,6133334B,2026-08-12 19:00:32.000Z,-37,60.956530,-138.033878
radio434mhz,6133334B,2026-08-12 19:00:34.000Z,-37,60.956551,-138.033905
radio434mhz,6133334B,2026-08-12 19:00:37.000Z,-38,60.956591,-138.033855
radio434mhz,6133334B,2026-08-12 19:00:39.000Z,-39,60.956613,-138.033811
bluetooth,D2A3B933,2026-08-12 19:00:40.000Z,-45,60.956613,-138.033811,2508,2,0,1571,17.23
radio434mhz,6133334B,2026-08-12 19:00:42.000Z,-37,60.956645,-138.033739
radio434mhz,6133334B,2026-08-12 19:00:44.000Z,-36,60.956647,-138.033721
radio434mhz,6133334B,2026-08-12 19:00:47.000Z,-36,60.956661,-138.033687
radio434mhz,6133334B,2026-08-12 19:00:49.000Z,-36,60.956661,-138.033687
bluetooth,D2A3B933,2026-08-12 19:00:49.000Z,-33,60.956683,-138.033679,3292,2,0,1570,17.26
radio434mhz,6133334B,2026-08-12 19:00:51.000Z,-36,60.956683,-138.033679
radio434mhz,6133334B,2026-08-12 19:00:54.000Z,-37,60.956699,-138.033635
radio434mhz,6133334B,2026-08-12 19:00:56.000Z,-36,60.956714,-138.033608
radio434mhz,6133334B,2026-08-12 19:00:59.000Z,-36,60.956735,-138.033593
bluetooth,D2A3B933,2026-08-12 19:00:59.000Z,-18,60.956742,-138.033559,37951,2,0,1570,17.23
radio434mhz,6133334B,2026-08-12 19:01:01.000Z,-38,60.956742,-138.033559
radio434mhz,6133334B,2026-08-12 19:01:04.000Z,-42,60.956790,-138.033590
radio434mhz,6133334B,2026-08-12 19:01:06.000Z,-36,60.956818,-138.033582
radio434mhz,6133334B,2026-08-12 19:01:09.000Z,-35,60.956849,-138.033571
bluetooth,D2A3B933,2026-08-12 19:01:09.000Z,-19,60.956877,-138.033598,11117,2,0,1570,17.05
radio434mhz,6133334B,2026-08-12 19:01:11.000Z,-36,60.956877,-138.033598
radio434mhz,6133334B,2026-08-12 19:01:13.000Z,-35,60.956896,-138.033547
radio434mhz,6133334B,2026-08-12 19:01:16.000Z,-37,60.956924,-138.033522
radio434mhz,6133334B,2026-08-12 19:01:18.000Z,-36,60.956938,-138.033435
bluetooth,D2A3B933,2026-08-12 19:01:19.000Z,-19,60.956958,-138.033400,26950,2,0,1571,17.16
radio434mhz,6133334B,2026-08-12 19:01:21.000Z,-38,60.956958,-138.033400
radio434mhz,6133334B,2026-08-12 19:01:23.000Z,-38,60.956989,-138.033403
radio434mhz,6133334B,2026-08-12 19:01:26.000Z,-37,60.957014,-138.033412
radio434mhz,6133334B,2026-08-12 19:01:28.000Z,-37,60.957041,-138.033358
radio434mhz,6133334B,2026-08-12 19:01:31.000Z,-37,60.957055,-138.033305
radio434mhz,6133334B,2026-08-12 19:01:33.000Z,-35,60.957079,-138.033300
radio434mhz,6133334B,2026-08-12 19:01:35.000Z,-36,60.957095,-138.033268
radio434mhz,6133334B,2026-08-12 19:01:38.000Z,-36,60.957090,-138.033212
bluetooth,D2A3B933,2026-08-12 19:01:39.000Z,-43,60.957121,-138.033178,59433,2,0,1571,17.13
radio434mhz,6133334B,2026-08-12 19:01:40.000Z,-38,60.957121,-138.033178
radio434mhz,6133334B,2026-08-12 19:01:43.000Z,-38,60.957120,-138.033112
radio434mhz,6133334B,2026-08-12 19:01:45.000Z,-36,60.957147,-138.033088
radio434mhz,6133334B,2026-08-12 19:01:48.000Z,-39,60.957135,-138.033018
bluetooth,D2A3B933,2026-08-12 19:01:49.000Z,-42,60.957159,-138.032971,64465,2,0,1571,16.93
radio434mhz,6133334B,2026-08-12 19:01:50.000Z,-40,60.957159,-138.032971
radio434mhz,6133334B,2026-08-12 19:01:52.000Z,-39,60.957175,-138.032932
radio434mhz,6133334B,2026-08-12 19:01:55.000Z,-42,60.957195,-138.032893
radio434mhz,6133334B,2026-08-12 19:01:57.000Z,-38,60.957212,-138.032840
radio434mhz,6133334B,2026-08-12 19:02:00.000Z,-35,60.957225,-138.032786
radio434mhz,6133334B,2026-08-12 19:02:02.000Z,-38,60.957262,-138.032768
radio434mhz,6133334B,2026-08-12 19:02:05.000Z,-50,60.957290,-138.032791
radio434mhz,6133334B,2026-08-12 19:02:07.000Z,-38,60.957290,-138.032791
bluetooth,D2A3B933,2026-08-12 19:02:09.000Z,-47,60.957306,-138.032739,11861,2,0,1571,17.05
radio434mhz,6133334B,2026-08-12 19:02:10.000Z,-38,60.957306,-138.032739
radio434mhz,6133334B,2026-08-12 19:02:12.000Z,-43,60.957308,-138.032688
radio434mhz,6133334B,2026-08-12 19:02:14.000Z,-42,60.957307,-138.032653
radio434mhz,6133334B,2026-08-12 19:02:17.000Z,-36,60.957303,-138.032646
radio434mhz,6133334B,2026-08-12 19:02:19.000Z,-41,60.957304,-138.032640
bluetooth,D2A3B933,2026-08-12 19:02:19.000Z,-51,60.957304,-138.032640,59311,2,0,1570,17.00
radio434mhz,6133334B,2026-08-12 19:02:22.000Z,-44,60.957292,-138.032651
radio434mhz,6133334B,2026-08-12 19:02:24.000Z,-37,60.957290,-138.032665
radio434mhz,6133334B,2026-08-12 19:02:27.000Z,-42,60.957310,-138.032642
radio434mhz,6133334B,2026-08-12 19:02:29.000Z,-42,60.957338,-138.032624
bluetooth,D2A3B933,2026-08-12 19:02:29.000Z,-38,60.957338,-138.032624,15114,2,0,1570,17.03
radio434mhz,6133334B,2026-08-12 19:02:32.000Z,-39,60.957345,-138.032560
radio434mhz,6133334B,2026-08-12 19:02:34.000Z,-36,60.957357,-138.032520
radio434mhz,6133334B,2026-08-12 19:02:36.000Z,-38,60.957347,-138.032454
radio434mhz,6133334B,2026-08-12 19:02:39.000Z,-39,60.957371,-138.032417
bluetooth,D2A3B933,2026-08-12 19:02:39.000Z,-46,60.957371,-138.032417,36524,2,0,1571,17.00
radio434mhz,6133334B,2026-08-12 19:02:41.000Z,-38,60.957375,-138.032396
radio434mhz,6133334B,2026-08-12 19:02:44.000Z,-37,60.957400,-138.032395
radio434mhz,6133334B,2026-08-12 19:02:46.000Z,-38,60.957428,-138.032387
radio434mhz,6133334B,2026-08-12 19:02:49.000Z,-37,60.957453,-138.032363
bluetooth,D2A3B933,2026-08-12 19:02:49.000Z,-39,60.957453,-138.032363,37190,2,0,1571,17.00
radio434mhz,6133334B,2026-08-12 19:02:51.000Z,-39,60.957456,-138.032248
radio434mhz,6133334B,2026-08-12 19:02:54.000Z,-37,60.957456,-138.032248
radio434mhz,6133334B,2026-08-12 19:02:56.000Z,-35,60.957483,-138.032246
radio434mhz,6133334B,2026-08-12 19:02:58.000Z,-41,60.957490,-138.032189
bluetooth,D2A3B933,2026-08-12 19:02:59.000Z,-41,60.957490,-138.032189,23304,2,0,1570,16.95
radio434mhz,6133334B,2026-08-12 19:03:01.000Z,-39,60.957503,-138.032132
radio434mhz,6133334B,2026-08-12 19:03:03.000Z,-38,60.957496,-138.032070
radio434mhz,6133334B,2026-08-12 19:03:06.000Z,-39,60.957503,-138.032024
radio434mhz,6133334B,2026-08-12 19:03:08.000Z,-44,60.957527,-138.031962
bluetooth,D2A3B933,2026-08-12 19:03:09.000Z,-41,60.957527,-138.031962,40108,2,0,1570,17.13
radio434mhz,6133334B,2026-08-12 19:03:11.000Z,-37,60.957548,-138.031965
radio434mhz,6133334B,2026-08-12 19:03:13.000Z,-43,60.957574,-138.031965
radio434mhz,6133334B,2026-08-12 19:03:16.000Z,-39,60.957588,-138.031972
radio434mhz,6133334B,2026-08-12 19:03:18.000Z,-37,60.957610,-138.032035
bluetooth,D2A3B933,2026-08-12 19:03:19.000Z,-46,60.957610,-138.032035,21651,2,0,1570,17.00
radio434mhz,6133334B,2026-08-12 19:03:20.000Z,-35,60.957634,-138.032045
radio434mhz,6133334B,2026-08-12 19:03:23.000Z,-36,60.957661,-138.032055
radio434mhz,6133334B,2026-08-12 19:03:25.000Z,-38,60.957683,-138.032051
radio434mhz,6133334B,2026-08-12 19:03:28.000Z,-39,60.957709,-138.032057
bluetooth,D2A3B933,2026-08-12 19:03:29.000Z,-52,60.957709,-138.032057,13036,2,0,1571,17.03
radio434mhz,6133334B,2026-08-12 19:03:30.000Z,-37,60.957731,-138.032035
radio434mhz,6133334B,2026-08-12 19:03:33.000Z,-34,60.957741,-138.031998
radio434mhz,6133334B,2026-08-12 19:03:35.000Z,-38,60.957751,-138.031972
radio434mhz,6133334B,2026-08-12 19:03:38.000Z,-38,60.957756,-138.031913
bluetooth,D2A3B933,2026-08-12 19:03:39.000Z,-48,60.957756,-138.031913,23297,2,0,1571,17.11
radio434mhz,6133334B,2026-08-12 19:03:40.000Z,-37,60.957776,-138.031899
radio434mhz,6133334B,2026-08-12 19:03:42.000Z,-37,60.957776,-138.031899
radio434mhz,6133334B,2026-08-12 19:03:45.000Z,-36,60.957809,-138.031865
radio434mhz,6133334B,2026-08-12 19:03:47.000Z,-38,60.957850,-138.031899
bluetooth,D2A3B933,2026-08-12 19:03:49.000Z,-55,60.957880,-138.031929,47379,2,0,1572,16.98
radio434mhz,6133334B,2026-08-12 19:03:50.000Z,-41,60.957880,-138.031929
radio434mhz,6133334B,2026-08-12 19:03:52.000Z,-41,60.957907,-138.031934
radio434mhz,6133334B,2026-08-12 19:03:55.000Z,-41,60.957912,-138.031918
radio434mhz,6133334B,2026-08-12 19:03:57.000Z,-38,60.957926,-138.031928
bluetooth,D2A3B933,2026-08-12 19:03:59.000Z,-45,60.957944,-138.031948,37113,2,0,1570,17.08
radio434mhz,6133334B,2026-08-12 19:04:00.000Z,-36,60.957944,-138.031948
radio434mhz,6133334B,2026-08-12 19:04:02.000Z,-38,60.957943,-138.031881
radio434mhz,6133334B,2026-08-12 19:04:04.000Z,-40,60.957919,-138.031853
radio434mhz,6133334B,2026-08-12 19:04:07.000Z,-40,60.957912,-138.031813
bluetooth,D2A3B933,2026-08-12 19:04:09.000Z,-20,60.957912,-138.031813,56685,2,0,1570,16.95
radio434mhz,6133334B,2026-08-12 19:04:09.000Z,-37,60.957910,-138.031764
radio434mhz,6133334B,2026-08-12 19:04:12.000Z,-36,60.957911,-138.031725
radio434mhz,6133334B,2026-08-12 19:04:14.000Z,-36,60.957911,-138.031725
radio434mhz,6133334B,2026-08-12 19:04:17.000Z,-36,60.957934,-138.031622
radio434mhz,6133334B,2026-08-12 19:04:19.000Z,-36,60.957934,-138.031622
bluetooth,D2A3B933,2026-08-12 19:04:19.000Z,-17,60.957934,-138.031622,31324,2,0,1571,17.00
radio434mhz,6133334B,2026-08-12 19:04:22.000Z,-46,60.957947,-138.031559
radio434mhz,6133334B,2026-08-12 19:04:24.000Z,-36,60.957989,-138.031547
radio434mhz,6133334B,2026-08-12 19:04:26.000Z,-37,60.958004,-138.031510
radio434mhz,6133334B,2026-08-12 19:04:29.000Z,-37,60.958048,-138.031582
bluetooth,D2A3B933,2026-08-12 19:04:29.000Z,-20,60.958048,-138.031582,12490,2,0,1571,17.03
radio434mhz,6133334B,2026-08-12 19:04:31.000Z,-42,60.958076,-138.031603
radio434mhz,6133334B,2026-08-12 19:04:34.000Z,-38,60.958105,-138.031608
radio434mhz,6133334B,2026-08-12 19:04:36.000Z,-37,60.958128,-138.031598
radio434mhz,6133334B,2026-08-12 19:04:39.000Z,-37,60.958153,-138.031591
bluetooth,D2A3B933,2026-08-12 19:04:39.000Z,-22,60.958153,-138.031591,22629,2,0,1570,16.98
radio434mhz,6133334B,2026-08-12 19:04:41.000Z,-37,60.958171,-138.031559
radio434mhz,6133334B,2026-08-12 19:04:44.000Z,-37,60.958192,-138.031536
radio434mhz,6133334B,2026-08-12 19:04:46.000Z,-38,60.958213,-138.031498
radio434mhz,6133334B,2026-08-12 19:04:48.000Z,-40,60.958240,-138.031472
bluetooth,D2A3B933,2026-08-12 19:04:49.000Z,-52,60.958240,-138.031472,24507,2,0,1571,16.88
radio434mhz,6133334B,2026-08-12 19:04:51.000Z,-39,60.958264,-138.031441
radio434mhz,6133334B,2026-08-12 19:04:53.000Z,-37,60.958275,-138.031376
radio434mhz,6133334B,2026-08-12 19:04:56.000Z,-37,60.958275,-138.031376
radio434mhz,6133334B,2026-08-12 19:04:58.000Z,-38,60.958290,-138.031351
bluetooth,D2A3B933,2026-08-12 19:04:59.000Z,-52,60.958311,-138.031308,25387,2,0,1570,17.11
radio434mhz,6133334B,2026-08-12 19:05:01.000Z,-38,60.958311,-138.031308
radio434mhz,6133334B,2026-08-12 19:05:03.000Z,-39,60.958315,-138.031283
radio434mhz,6133334B,2026-08-12 19:05:06.000Z,-36,60.958341,-138.031248
radio434mhz,6133334B,2026-08-12 19:05:08.000Z,-38,60.958344,-138.031228
bluetooth,D2A3B933,2026-08-12 19:05:09.000Z,-55,60.958344,-138.031228,30398,2,0,1570,16.98
radio434mhz,6133334B,2026-08-12 19:05:10.000Z,-41,60.958342,-138.031192
radio434mhz,6133334B,2026-08-12 19:05:13.000Z,-38,60.958325,-138.031192
radio434mhz,6133334B,2026-08-12 19:05:15.000Z,-38,60.958304,-138.031196
radio434mhz,6133334B,2026-08-12 19:05:18.000Z,-40,60.958299,-138.031166
bluetooth,D2A3B933,2026-08-12 19:05:19.000Z,-46,60.958299,-138.031166,54776,2,0,1571,17.13
radio434mhz,6133334B,2026-08-12 19:05:20.000Z,-38,60.958269,-138.031174
radio434mhz,6133334B,2026-08-12 19:05:23.000Z,-38,60.958241,-138.031199
radio434mhz,6133334B,2026-08-12 19:05:25.000Z,-35,60.958216,-138.031257
radio434mhz,6133334B,2026-08-12 19:05:28.000Z,-36,60.958216,-138.031257
bluetooth,D2A3B933,2026-08-12 19:05:29.000Z,-50,60.958193,-138.031305,8858,2,0,1570,17.05
radio434mhz,6133334B,2026-08-12 19:05:30.000Z,-35,60.958193,-138.031305
radio434mhz,6133334B,2026-08-12 19:05:33.000Z,-38,60.958201,-138.031388
radio434mhz,6133334B,2026-08-12 19:05:35.000Z,-38,60.958188,-138.031437
radio434mhz,6133334B,2026-08-12 19:05:37.000Z,-43,60.958183,-138.031470
bluetooth,D2A3B933,2026-08-12 19:05:39.000Z,-44,60.958160,-138.031501,3958,2,0,1570,16.98
radio434mhz,6133334B,2026-08-12 19:05:40.000Z,-37,60.958160,-138.031501
radio434mhz,6133334B,2026-08-12 19:05:42.000Z,-35,60.958141,-138.031543
radio434mhz,6133334B,2026-08-12 19:05:45.000Z,-39,60.958127,-138.031590
radio434mhz,6133334B,2026-08-12 19:05:47.000Z,-38,60.958115,-138.031585
bluetooth,D2A3B933,2026-08-12 19:05:49.000Z,-42,60.958100,-138.031620,43708,2,0,1569,17.21
radio434mhz,6133334B,2026-08-12 19:05:50.000Z,-37,60.958100,-138.031620
radio434mhz,6133334B,2026-08-12 19:05:52.000Z,-39,60.958057,-138.031599
radio434mhz,6133334B,2026-08-12 19:05:55.000Z,-36,60.958033,-138.031631
radio434mhz,6133334B,2026-08-12 19:05:57.000Z,-38,60.957995,-138.031605
bluetooth,D2A3B933,2026-08-12 19:05:59.000Z,-50,60.957974,-138.031636,3943,2,0,1570,17.26
radio434mhz,6133334B,2026-08-12 19:05:59.000Z,-45,60.957974,-138.031636
radio434mhz,6133334B,2026-08-12 19:06:02.000Z,-41,60.957952,-138.031564
radio434mhz,6133334B,2026-08-12 19:06:04.000Z,-38,60.957932,-138.031556
radio434mhz,6133334B,2026-08-12 19:06:07.000Z,-36,60.957898,-138.031566
bluetooth,D2A3B933,2026-08-12 19:06:09.000Z,-40,60.957898,-138.031566,48599,2,0,1571,17.08
radio434mhz,6133334B,2026-08-12 19:06:09.000Z,-38,60.957874,-138.031601
radio434mhz,6133334B,2026-08-12 19:06:12.000Z,-41,60.957841,-138.031605
radio434mhz,6133334B,2026-08-12 19:06:14.000Z,-36,60.957841,-138.031605
radio434mhz,6133334B,2026-08-12 19:06:17.000Z,-37,60.957817,-138.031598
radio434mhz,6133334B,2026-08-12 19:06:19.000Z,-36,60.957799,-138.031629
bluetooth,D2A3B933,2026-08-12 19:06:19.000Z,-26,60.957799,-138.031629,39115,2,0,1571,17.18
radio434mhz,6133334B,2026-08-12 19:06:21.000Z,-37,60.957752,-138.031670
radio434mhz,6133334B,2026-08-12 19:06:24.000Z,-36,60.957752,-138.031670
radio434mhz,6133334B,2026-08-12 19:06:26.000Z,-36,60.957727,-138.031709
radio434mhz,6133334B,2026-08-12 19:06:29.000Z,-36,60.957701,-138.031677
bluetooth,D2A3B933,2026-08-12 19:06:29.000Z,-24,60.957701,-138.031677,391,2,0,1571,17.16
radio434mhz,6133334B,2026-08-12 19:06:31.000Z,-41,60.957683,-138.031718
radio434mhz,6133334B,2026-08-12 19:06:34.000Z,-36,60.957656,-138.031721
radio434mhz,6133334B,2026-08-12 19:06:36.000Z,-36,60.957633,-138.031713
radio434mhz,6133334B,2026-08-12 19:06:38.000Z,-48,60.957616,-138.031772
bluetooth,D2A3B933,2026-08-12 19:06:39.000Z,-40,60.957616,-138.031772,45370,2,0,1570,17.00
radio434mhz,6133334B,2026-08-12 19:06:41.000Z,-38,60.957616,-138.031813
radio434mhz,6133334B,2026-08-12 19:06:43.000Z,-38,60.957603,-138.031847
radio434mhz,6133334B,2026-08-12 19:06:46.000Z,-37,60.957576,-138.031870
radio434mhz,6133334B,2026-08-12 19:06:48.000Z,-40,60.957548,-138.031913
bluetooth,D2A3B933,2026-08-12 19:06:49.000Z,-40,60.957548,-138.031913,25221,2,0,1570,17.46
radio434mhz,6133334B,2026-08-12 19:06:51.000Z,-37,60.957531,-138.031979
radio434mhz,6133334B,2026-08-12 19:06:53.000Z,-40,60.957505,-138.032025
radio434mhz,6133334B,2026-08-12 19:06:56.000Z,-37,60.957517,-138.032088
radio434mhz,6133334B,2026-08-12 19:06:58.000Z,-44,60.957504,-138.032138
bluetooth,D2A3B933,2026-08-12 19:06:59.000Z,-55,60.957504,-138.032138,36848,2,0,1571,17.16
radio434mhz,6133334B,2026-08-12 19:07:00.000Z,-36,60.957507,-138.032184
radio434mhz,6133334B,2026-08-12 19:07:03.000Z,-36,60.957490,-138.032259
radio434mhz,6133334B,2026-08-12 19:07:05.000Z,-38,60.957510,-138.032311
radio434mhz,6133334B,2026-08-12 19:07:08.000Z,-37,60.957512,-138.032363
bluetooth,D2A3B933,2026-08-12 19:07:09.000Z,-45,60.957512,-138.032363,6447,2,0,1571,17.18
radio434mhz,6133334B,2026-08-12 19:07:10.000Z,-40,60.957504,-138.032389
radio434mhz,6133334B,2026-08-12 19:07:13.000Z,-41,60.957495,-138.032432
radio434mhz,6133334B,2026-08-12 19:07:15.000Z,-40,60.957495,-138.032432
radio434mhz,6133334B,2026-08-12 19:07:18.000Z,-38,60.957498,-138.032476
bluetooth,D2A3B933,2026-08-12 19:07:19.000Z,-49,60.957483,-138.032542,14,2,0,1570,17.33
radio434mhz,6133334B,2026-08-12 19:07:20.000Z,-39,60.957483,-138.032542
radio434mhz,6133334B,2026-08-12 19:07:22.000Z,-39,60.957480,-138.032562
radio434mhz,6133334B,2026-08-12 19:07:25.000Z,-38,60.957457,-138.032582
radio434mhz,6133334B,2026-08-12 19:07:27.000Z,-41,60.957456,-138.032613
bluetooth,D2A3B933,2026-08-12 19:07:29.000Z,-51,60.957433,-138.032643,55935,2,0,1570,17.23
radio434mhz,6133334B,2026-08-12 19:07:30.000Z,-40,60.957433,-138.032643
radio434mhz,6133334B,2026-08-12 19:07:32.000Z,-38,60.957413,-138.032652
radio434mhz,6133334B,2026-08-12 19:07:35.000Z,-38,60.957391,-138.032678
radio434mhz,6133334B,2026-08-12 19:07:37.000Z,-38,60.957394,-138.032723
bluetooth,D2A3B933,2026-08-12 19:07:39.000Z,-43,60.957395,-138.032776,3071,2,0,1571,17.28
radio434mhz,6133334B,2026-08-12 19:07:40.000Z,-37,60.957395,-138.032776
radio434mhz,6133334B,2026-08-12 19:07:42.000Z,-38,60.957365,-138.032780
radio434mhz,6133334B,2026-08-12 19:07:44.000Z,-39,60.957340,-138.032816
radio434mhz,6133334B,2026-08-12 19:07:47.000Z,-37,60.957319,-138.032861
bluetooth,D2A3B933,2026-08-12 19:07:49.000Z,-42,60.957322,-138.032919,25765,2,0,1570,17.46
radio434mhz,6133334B,2026-08-12 19:07:49.000Z,-40,60.957322,-138.032919
radio434mhz,6133334B,2026-08-12 19:07:52.000Z,-37,60.957274,-138.032922
radio434mhz,6133334B,2026-08-12 19:07:54.000Z,-38,60.957240,-138.032908
radio434mhz,6133334B,2026-08-12 19:07:57.000Z,-36,60.957240,-138.032908
bluetooth,D2A3B933,2026-08-12 19:07:59.000Z,-49,60.957226,-138.033009,40915,2,0,1571,17.38
radio434mhz,6133334B,2026-08-12 19:07:59.000Z,-37,60.957226,-138.033009
radio434mhz,6133334B,2026-08-12 19:08:01.000Z,-38,60.957232,-138.033058
radio434mhz,6133334B,2026-08-12 19:08:04.000Z,-39,60.957233,-138.033105
radio434mhz,6133334B,2026-08-12 19:08:06.000Z,-37,60.957223,-138.033167
radio434mhz,6133334B,2026-08-12 19:08:09.000Z,-38,60.957188,-138.033201
bluetooth,D2A3B933,2026-08-12 19:08:09.000Z,-54,60.957188,-138.033201,20954,2,0,1571,17.31
radio434mhz,6133334B,2026-08-12 19:08:11.000Z,-36,60.957176,-138.033255
radio434mhz,6133334B,2026-08-12 19:08:14.000Z,-36,60.957143,-138.033299
radio434mhz,6133334B,2026-08-12 19:08:16.000Z,-40,60.957124,-138.033344
radio434mhz,6133334B,2026-08-12 19:08:19.000Z,-42,60.957076,-138.033360
bluetooth,D2A3B933,2026-08-12 19:08:19.000Z,-48,60.957076,-138.033360,49246,2,0,1571,17.38
radio434mhz,6133334B,2026-08-12 19:08:21.000Z,-39,60.957038,-138.033380
radio434mhz,6133334B,2026-08-12 19:08:23.000Z,-42,60.957010,-138.033402
radio434mhz,6133334B,2026-08-12 19:08:26.000Z,-39,60.956983,-138.033420
radio434mhz,6133334B,2026-08-12 19:08:28.000Z,-36,60.956951,-138.033411
bluetooth,D2A3B933,2026-08-12 19:08:29.000Z,-42,60.956951,-138.033411,3189,2,0,1570,17.48
radio434mhz,6133334B,2026-08-12 19:08:31.000Z,-38,60.956934,-138.033458
radio434mhz,6133334B,2026-08-12 19:08:33.000Z,-33,60.956930,-138.033514
radio434mhz,6133334B,2026-08-12 19:08:36.000Z,-37,60.956921,-138.033562
radio434mhz,6133334B,2026-08-12 19:08:38.000Z,-36,60.956921,-138.033562
bluetooth,D2A3B933,2026-08-12 19:08:39.000Z,-29,60.956904,-138.033617,30697,2,0,1571,17.51
radio434mhz,6133334B,2026-08-12 19:08:40.000Z,-37,60.956904,-138.033617
radio434mhz,6133334B,2026-08-12 19:08:43.000Z,-36,60.956875,-138.033600
radio434mhz,6133334B,2026-08-12 19:08:45.000Z,-36,60.956847,-138.033581
radio434mhz,6133334B,2026-08-12 19:08:48.000Z,-33,60.956822,-138.033578
bluetooth,D2A3B933,2026-08-12 19:08:49.000Z,-40,60.956803,-138.033596,43805,2,0,1570,17.46
radio434mhz,6133334B,2026-08-12 19:08:50.000Z,-35,60.956803,-138.033596
radio434mhz,6133334B,2026-08-12 19:08:53.000Z,-39,60.956784,-138.033640
radio434mhz,6133334B,2026-08-12 19:08:55.000Z,-35,60.956783,-138.033700
radio434mhz,6133334B,2026-08-12 19:08:58.000Z,-40,60.956763,-138.033683
bluetooth,D2A3B933,2026-08-12 19:08:59.000Z,-49,60.956744,-138.033654,38567,2,0,1571,17.31
radio434mhz,6133334B,2026-08-12 19:09:00.000Z,-39,60.956744,-138.033654
radio434mhz,6133334B,2026-08-12 19:09:02.000Z,-39,60.956741,-138.033687
radio434mhz,6133334B,2026-08-12 19:09:05.000Z,-36,60.956721,-138.033672
radio434mhz,6133334B,2026-08-12 19:09:07.000Z,-38,60.956716,-138.033768
bluetooth,D2A3B933,2026-08-12 19:09:09.000Z,-36,60.956691,-138.033790,53274,2,0,1571,17.48
radio434mhz,6133334B,2026-08-12 19:09:10.000Z,-40,60.956691,-138.033790
radio434mhz,6133334B,2026-08-12 19:09:12.000Z,-37,60.956664,-138.033820
radio434mhz,6133334B,2026-08-12 19:09:15.000Z,-39,60.956639,-138.033844
radio434mhz,6133334B,2026-08-12 19:09:17.000Z,-39,60.956633,-138.033921
bluetooth,D2A3B933,2026-08-12 19:09:19.000Z,-50,60.956625,-138.033986,4300,2,0,1570,17.26
radio434mhz,6133334B,2026-08-12 19:09:19.000Z,-38,60.956625,-138.033986
radio434mhz,6133334B,2026-08-12 19:09:22.000Z,-41,60.956607,-138.034022
radio434mhz,6133334B,2026-08-12 19:09:24.000Z,-37,60.956600,-138.034083
radio434mhz,6133334B,2026-08-12 19:09:27.000Z,-37,60.956578,-138.034094
bluetooth,D2A3B933,2026-08-12 19:09:29.000Z,-47,60.956553,-138.034109,51770,2,0,1570,17.26
radio434mhz,6133334B,2026-08-12 19:09:29.000Z,-41,60.956553,-138.034109
radio434mhz,6133334B,2026-08-12 19:09:32.000Z,-38,60.956531,-138.034146
radio434mhz,6133334B,2026-08-12 19:09:34.000Z,-35,60.956504,-138.034168
radio434mhz,6133334B,2026-08-12 19:09:37.000Z,-35,60.956497,-138.034213
radio434mhz,6133334B,2026-08-12 19:09:39.000Z,-38,60.956508,-138.034272
radio434mhz,6133334B,2026-08-12 19:09:41.000Z,-39,60.956493,-138.034301
radio434mhz,6133334B,2026-08-12 19:09:44.000Z,-37,60.956478,-138.034344
radio434mhz,6133334B,2026-08-12 19:09:46.000Z,-37,60.956462,-138.034371
radio434mhz,6133334B,2026-08-12 19:09:49.000Z,-37,60.956459,-138.034415
bluetooth,D2A3B933,2026-08-12 19:09:49.000Z,-54,60.956459,-138.034415,44544,2,0,1570,17.41
radio434mhz,6133334B,2026-08-12 19:09:51.000Z,-37,60.956425,-138.034410
radio434mhz,6133334B,2026-08-12 19:09:54.000Z,-39,60.956403,-138.034422
radio434mhz,6133334B,2026-08-12 19:09:56.000Z,-38,60.956383,-138.034420
radio434mhz,6133334B,2026-08-12 19:09:58.000Z,-40,60.956393,-138.034452
bluetooth,D2A3B933,2026-08-12 19:09:59.000Z,-39,60.956393,-138.034452,53421,2,0,1571,17.28
radio434mhz,6133334B,2026-08-12 19:10:01.000Z,-37,60.956388,-138.034449
radio434mhz,6133334B,2026-08-12 19:10:03.000Z,-38,60.956398,-138.034479
radio434mhz,6133334B,2026-08-12 19:10:06.000Z,-36,60.956398,-138.034479
radio434mhz,6133334B,2026-08-12 19:10:08.000Z,-36,60.956375,-138.034497
bluetooth,D2A3B933,2026-08-12 19:10:09.000Z,-36,60.956375,-138.034497,15957,2,0,1570,17.28
radio434mhz,6133334B,2026-08-12 19:10:11.000Z,-57,60.956376,-138.034537
radio434mhz,6133334B,2026-08-12 19:10:13.000Z,-42,60.956362,-138.034523
radio434mhz,6133334B,2026-08-12 19:10:16.000Z,-36,60.956357,-138.034546
radio434mhz,6133334B,2026-08-12 19:10:18.000Z,-44,60.956347,-138.034599
bluetooth,D2A3B933,2026-08-12 19:10:19.000Z,-31,60.956347,-138.034599,11577,2,0,1572,17.16
radio434mhz,6133334B,2026-08-12 19:10:20.000Z,-41,60.956337,-138.034631
radio434mhz,6133334B,2026-08-12 19:10:23.000Z,-44,60.956306,-138.034655
radio434mhz,6133334B,2026-08-12 19:10:25.000Z,-42,60.956291,-138.034671
radio434mhz,6133334B,2026-08-12 19:10:28.000Z,-36,60.956257,-138.034691
bluetooth,D2A3B933,2026-08-12 19:10:29.000Z,-28,60.956257,-138.034691,4491,2,0,1570,17.23
radio434mhz,6133334B,2026-08-12 19:10:30.000Z,-40,60.956257,-138.034691
radio434mhz,6133334B,2026-08-12 19:10:33.000Z,-41,60.956249,-138.034676
radio434mhz,6133334B,2026-08-12 19:10:35.000Z,-41,60.956253,-138.034673
radio434mhz,6133334B,2026-08-12 19:10:37.000Z,-38,60.956251,-138.034661
bluetooth,D2A3B933,2026-08-12 19:10:39.000Z,-33,60.956251,-138.034661,59214,2,0,1570,17.56
radio434mhz,6133334B,2026-08-12 19:10:40.000Z,-37,60.956251,-138.034662
radio434mhz,6133334B,2026-08-12 19:10:42.000Z,-37,60.956251,-138.034662
radio434mhz,6133334B,2026-08-12 19:10:45.000Z,-46,60.956247,-138.034654
radio434mhz,6133334B,2026-08-12 19:10:47.000Z,-36,60.956246,-138.034652
bluetooth,D2A3B933,2026-08-12 19:10:49.000Z,-22,60.956248,-138.034651,25607,2,0,1570,17.61
radio434mhz,6133334B,2026-08-12 19:10:50.000Z,-60,60.956248,-138.034651
radio434mhz,6133334B,2026-08-12 19:10:52.000Z,-39,60.956243,-138.034658
radio434mhz,6133334B,2026-08-12 19:10:54.000Z,-44,60.956246,-138.034669
radio434mhz,6133334B,2026-08-12 19:10:57.000Z,-39,60.956245,-138.034690
bluetooth,D2A3B933,2026-08-12 19:10:59.000Z,-20,60.956245,-138.034690,25512,2,0,1570,17.71
radio434mhz,6133334B,2026-08-12 19:10:59.000Z,-51,60.956245,-138.034690
radio434mhz,6133334B,2026-08-12 19:11:02.000Z,-48,60.956253,-138.034721
radio434mhz,6133334B,2026-08-12 19:11:04.000Z,-45,60.956251,-138.034712
radio434mhz,6133334B,2026-08-12 19:11:07.000Z,-46,60.956248,-138.034698
radio434mhz,6133334B,2026-08-12 19:11:09.000Z,-37,60.956248,-138.034692
radio434mhz,6133334B,2026-08-12 19:11:11.000Z,-41,60.956246,-138.034694
radio434mhz,6133334B,2026-08-12 19:11:14.000Z,-36,60.956246,-138.034694
radio434mhz,6133334B,2026-08-12 19:11:16.000Z,-42,60.956248,-138.034693
radio434mhz,6133334B,2026-08-12 19:11:19.000Z,-38,60.956248,-138.034693
radio434mhz,6133334B,2026-08-12 19:11:21.000Z,-45,60.956243,-138.034703
radio434mhz,6133334B,2026-08-12 19:11:24.000Z,-53,60.956243,-138.034710
radio434mhz,6133334B,2026-08-12 19:11:26.000Z,-35,60.956243,-138.034710
radio434mhz,6133334B,2026-08-12 19:11:29.000Z,-40,60.956242,-138.034718
bluetooth,D2A3B933,2026-08-12 19:11:29.000Z,-27,60.956242,-138.034718,27737,2,0,1570,18.01
radio434mhz,6133334B,2026-08-12 19:11:31.000Z,-35,60.956242,-138.034718
radio434mhz,6133334B,2026-08-12 19:11:33.000Z,-42,60.956243,-138.034715
radio434mhz,6133334B,2026-08-12 19:11:36.000Z,-49,60.956243,-138.034715
radio434mhz,6133334B,2026-08-12 19:11:38.000Z,-34,60.956244,-138.034715
bluetooth,D2A3B933,2026-08-12 19:11:39.000Z,-22,60.956244,-138.034715,15941,2,0,1570,18.29
radio434mhz,6133334B,2026-08-12 19:11:41.000Z,-48,60.956244,-138.034712
radio434mhz,6133334B,2026-08-12 19:11:43.000Z,-37,60.956246,-138.034712
radio434mhz,6133334B,2026-08-12 19:11:46.000Z,-37,60.956244,-138.034713
radio434mhz,6133334B,2026-08-12 19:11:48.000Z,-43,60.956247,-138.034710
bluetooth,D2A3B933,2026-08-12 19:11:49.000Z,-26,60.956247,-138.034710,3323,2,0,1570,17.91
radio434mhz,6133334B,2026-08-12 19:11:50.000Z,-37,60.956247,-138.034701
radio434mhz,6133334B,2026-08-12 19:11:53.000Z,-37,60.956255,-138.034702
radio434mhz,6133334B,2026-08-12 19:11:55.000Z,-42,60.956262,-138.034680
radio434mhz,6133334B,2026-08-12 19:11:58.000Z,-39,60.956264,-138.034683
bluetooth,D2A3B933,2026-08-12 19:11:59.000Z,-24,60.956264,-138.034683,28238,2,0,1571,17.79
radio434mhz,6133334B,2026-08-12 19:12:00.000Z,-37,60.956272,-138.034675
radio434mhz,6133334B,2026-08-12 19:12:03.000Z,-42,60.956272,-138.034675
radio434mhz,6133334B,2026-08-12 19:12:05.000Z,-40,60.956300,-138.034646
radio434mhz,6133334B,2026-08-12 19:12:07.000Z,-38,60.956331,-138.034676
bluetooth,D2A3B933,2026-08-12 19:12:09.000Z,-26,60.956331,-138.034676,8263,2,0,1570,18.14
radio434mhz,6133334B,2026-08-12 19:12:10.000Z,-38,60.956344,-138.034687
radio434mhz,6133334B,2026-08-12 19:12:12.000Z,-43,60.956403,-138.034660
radio434mhz,6133334B,2026-08-12 19:12:15.000Z,-38,60.956421,-138.034648
radio434mhz,6133334B,2026-08-12 19:12:17.000Z,-38,60.956460,-138.034615
bluetooth,D2A3B933,2026-08-12 19:12:19.000Z,-28,60.956483,-138.034622,30374,2,0,1570,17.89
radio434mhz,6133334B,2026-08-12 19:12:20.000Z,-35,60.956483,-138.034622
radio434mhz,6133334B,2026-08-12 19:12:22.000Z,-36,60.956492,-138.034519
radio434mhz,6133334B,2026-08-12 19:12:24.000Z,-38,60.956512,-138.034525
radio434mhz,6133334B,2026-08-12 19:12:27.000Z,-43,60.956502,-138.034477
bluetooth,D2A3B933,2026-08-12 19:12:29.000Z,-30,60.956502,-138.034477,36564,2,0,1571,17.89
radio434mhz,6133334B,2026-08-12 19:12:29.000Z,-36,60.956502,-138.034477
radio434mhz,6133334B,2026-08-12 19:12:32.000Z,-37,60.956525,-138.034485
radio434mhz,6133334B,2026-08-12 19:12:34.000Z,-42,60.956544,-138.034437
radio434mhz,6133334B,2026-08-12 19:12:37.000Z,-38,60.956564,-138.034441
bluetooth,D2A3B933,2026-08-12 19:12:39.000Z,-18,60.956591,-138.034391,18352,2,0,1570,17.79
radio434mhz,6133334B,2026-08-12 19:12:39.000Z,-40,60.956591,-138.034391
radio434mhz,6133334B,2026-08-12 19:12:41.000Z,-39,60.956616,-138.034319
radio434mhz,6133334B,2026-08-12 19:12:44.000Z,-38,60.956645,-138.034314
radio434mhz,6133334B,2026-08-12 19:12:46.000Z,-39,60.956668,-138.034246
radio434mhz,6133334B,2026-08-12 19:12:49.000Z,-39,60.956663,-138.034186
bluetooth,D2A3B933,2026-08-12 19:12:49.000Z,-25,60.956663,-138.034186,18290,2,0,1569,18.01
radio434mhz,6133334B,2026-08-12 19:12:51.000Z,-35,60.956694,-138.034122
radio434mhz,6133334B,2026-08-12 19:12:54.000Z,-37,60.956724,-138.034092
radio434mhz,6133334B,2026-08-12 19:12:56.000Z,-40,60.956746,-138.034046
radio434mhz,6133334B,2026-08-12 19:12:58.000Z,-38,60.956759,-138.034016
bluetooth,D2A3B933,2026-08-12 19:12:59.000Z,-19,60.956759,-138.034016,64049,2,0,1570,17.69
radio434mhz,6133334B,2026-08-12 19:13:01.000Z,-38,60.956780,-138.033997
radio434mhz,6133334B,2026-08-12 19:13:03.000Z,-38,60.956780,-138.033997
radio434mhz,6133334B,2026-08-12 19:13:06.000Z,-36,60.956795,-138.033989
radio434mhz,6133334B,2026-08-12 19:13:08.000Z,-42,60.956810,-138.033951
bluetooth,D2A3B933,2026-08-12 19:13:09.000Z,-18,60.956810,-138.033951,50274,2,0,1570,17.59
radio434mhz,6133334B,2026-08-12 19:13:11.000Z,-45,60.956836,-138.033925
radio434mhz,6133334B,2026-08-12 19:13:13.000Z,-37,60.956856,-138.033881
radio434mhz,6133334B,2026-08-12 19:13:15.000Z,-39,60.956875,-138.033889
radio434mhz,6133334B,2026-08-12 19:13:18.000Z,-37,60.956904,-138.033878
bluetooth,D2A3B933,2026-08-12 19:13:19.000Z,-51,60.956904,-138.033878,32468,2,0,1570,17.89
radio434mhz,6133334B,2026-08-12 19:13:20.000Z,-41,60.956928,-138.033858
radio434mhz,6133334B,2026-08-12 19:13:23.000Z,-42,60.956946,-138.033846
radio434mhz,6133334B,2026-08-12 19:13:25.000Z,-40,60.956951,-138.033825
radio434mhz,6133334B,2026-08-12 19:13:28.000Z,-41,60.956988,-138.033825
bluetooth,D2A3B933,2026-08-12 19:13:29.000Z,-51,60.956988,-138.033825,56876,2,0,1570,17.66
radio434mhz,6133334B,2026-08-12 19:13:30.000Z,-39,60.957019,-138.033790
radio434mhz,6133334B,2026-08-12 19:13:32.000Z,-38,60.957051,-138.033823
radio434mhz,6133334B,2026-08-12 19:13:35.000Z,-41,60.957072,-138.033841
radio434mhz,6133334B,2026-08-12 19:13:37.000Z,-42,60.957085,-138.033786
bluetooth,D2A3B933,2026-08-12 19:13:39.000Z,-55,60.957085,-138.033786,51664,2,0,1570,17.51
radio434mhz,6133334B,2026-08-12 19:13:40.000Z,-40,60.957106,-138.033759
radio434mhz,6133334B,2026-08-12 19:13:42.000Z,-40,60.957129,-138.033702
radio434mhz,6133334B,2026-08-12 19:13:45.000Z,-41,60.957144,-138.033657
radio434mhz,6133334B,2026-08-12 19:13:47.000Z,-40,60.957167,-138.033652
bluetooth,D2A3B933,2026-08-12 19:13:49.000Z,-43,60.957167,-138.033652,45053,2,0,1571,17.48
radio434mhz,6133334B,2026-08-12 19:13:50.000Z,-43,60.957185,-138.033696
radio434mhz,6133334B,2026-08-12 19:13:52.000Z,-39,60.957203,-138.033660
radio434mhz,6133334B,2026-08-12 19:13:54.000Z,-36,60.957226,-138.033657
radio434mhz,6133334B,2026-08-12 19:13:57.000Z,-40,60.957258,-138.033648
bluetooth,D2A3B933,2026-08-12 19:13:59.000Z,-50,60.957258,-138.033648,23383,2,0,1569,17.41
radio434mhz,6133334B,2026-08-12 19:13:59.000Z,-36,60.957270,-138.033697
radio434mhz,6133334B,2026-08-12 19:14:02.000Z,-39,60.957309,-138.033637
radio434mhz,6133334B,2026-08-12 19:14:04.000Z,-41,60.957332,-138.033608
radio434mhz,6133334B,2026-08-12 19:14:07.000Z,-40,60.957353,-138.033571
radio434mhz,6133334B,2026-08-12 19:14:09.000Z,-39,60.957389,-138.033565
radio434mhz,6133334B,2026-08-12 19:14:11.000Z,-40,60.957400,-138.033490
radio434mhz,6133334B,2026-08-12 19:14:14.000Z,-40,60.957429,-138.033482
radio434mhz,6133334B,2026-08-12 19:14:16.000Z,-41,60.957438,-138.033410
radio434mhz,6133334B,2026-08-12 19:14:19.000Z,-41,60.957446,-138.033353
bluetooth,D2A3B933,2026-08-12 19:14:19.000Z,-31,60.957446,-138.033353,5801,2,0,1570,17.28
radio434mhz,6133334B,2026-08-12 19:14:21.000Z,-42,60.957462,-138.033297
radio434mhz,6133334B,2026-08-12 19:14:24.000Z,-41,60.957462,-138.033297
radio434mhz,6133334B,2026-08-12 19:14:26.000Z,-39,60.957487,-138.033313
radio434mhz,6133334B,2026-08-12 19:14:28.000Z,-47,60.957492,-138.033260
bluetooth,D2A3B933,2026-08-12 19:14:29.000Z,-54,60.957492,-138.033260,23516,2,0,1570,17.28
radio434mhz,6133334B,2026-08-12 19:14:31.000Z,-41,60.957513,-138.033250
radio434mhz,6133334B,2026-08-12 19:14:33.000Z,-40,60.957520,-138.033217
radio434mhz,6133334B,2026-08-12 19:14:36.000Z,-43,60.957525,-138.033247
radio434mhz,6133334B,2026-08-12 19:14:38.000Z,-39,60.957538,-138.033243
bluetooth,D2A3B933,2026-08-12 19:14:39.000Z,-47,60.957538,-138.033243,5589,2,0,1572,17.28
radio434mhz,6133334B,2026-08-12 19:14:41.000Z,-38,60.957551,-138.033277
radio434mhz,6133334B,2026-08-12 19:14:43.000Z,-39,60.957575,-138.033283
radio434mhz,6133334B,2026-08-12 19:14:46.000Z,-40,60.957602,-138.033287
radio434mhz,6133334B,2026-08-12 19:14:48.000Z,-42,60.957634,-138.033247
bluetooth,D2A3B933,2026-08-12 19:14:49.000Z,-45,60.957634,-138.033247,50924,2,0,1570,17.38
radio434mhz,6133334B,2026-08-12 19:14:50.000Z,-38,60.957663,-138.033245
radio434mhz,6133334B,2026-08-12 19:14:53.000Z,-37,60.957683,-138.033176
radio434mhz,6133334B,2026-08-12 19:14:55.000Z,-37,60.957687,-138.033114
radio434mhz,6133334B,2026-08-12 19:14:58.000Z,-42,60.957663,-138.033074
bluetooth,D2A3B933,2026-08-12 19:14:59.000Z,-45,60.957663,-138.033074,17791,2,0,1571,17.41
radio434mhz,6133334B,2026-08-12 19:15:00.000Z,-40,60.957668,-138.033027
radio434mhz,6133334B,2026-08-12 19:15:03.000Z,-39,60.957637,-138.033011
radio434mhz,6133334B,2026-08-12 19:15:05.000Z,-39,60.957632,-138.032962
radio434mhz,6133334B,2026-08-12 19:15:07.000Z,-42,60.957644,-138.032962
bluetooth,D2A3B933,2026-08-12 19:15:09.000Z,-36,60.957644,-138.032962,41239,2,0,1572,17.43
radio434mhz,6133334B,2026-08-12 19:15:10.000Z,-42,60.957655,-138.032927
radio434mhz,6133334B,2026-08-12 19:15:12.000Z,-30,60.957616,-138.032918
radio434mhz,6133334B,2026-08-12 19:15:15.000Z,-37,60.957597,-138.032885
radio434mhz,6133334B,2026-08-12 19:15:17.000Z,-42,60.957621,-138.032868
bluetooth,D2A3B933,2026-08-12 19:15:19.000Z,-47,60.957621,-138.032868,6594,2,0,1569,17.48
radio434mhz,6133334B,2026-08-12 19:15:20.000Z,-37,60.957617,-138.032840
radio434mhz,6133334B,2026-08-12 19:15:22.000Z,-39,60.957632,-138.032780
radio434mhz,6133334B,2026-08-12 19:15:25.000Z,-39,60.957621,-138.032729
radio434mhz,6133334B,2026-08-12 19:15:27.000Z,-38,60.957698,-138.032619
bluetooth,D2A3B933,2026-08-12 19:15:29.000Z,-45,60.957698,-138.032619,20757,2,0,1570,17.41
radio434mhz,6133334B,2026-08-12 19:15:29.000Z,-41,60.957704,-138.032561
radio434mhz,6133334B,2026-08-12 19:15:32.000Z,-39,60.957704,-138.032561
radio434mhz,6133334B,2026-08-12 19:15:34.000Z,-39,60.957711,-138.032512
radio434mhz,6133334B,2026-08-12 19:15:37.000Z,-44,60.957701,-138.032469
bluetooth,D2A3B933,2026-08-12 19:15:39.000Z,-29,60.957706,-138.032442,58503,2,0,1571,17.43
radio434mhz,6133334B,2026-08-12 19:15:39.000Z,-38,60.957706,-138.032442
radio434mhz,6133334B,2026-08-12 19:15:42.000Z,-38,60.957706,-138.032386
radio434mhz,6133334B,2026-08-12 19:15:44.000Z,-41,60.957694,-138.032366
radio434mhz,6133334B,2026-08-12 19:15:46.000Z,-37,60.957676,-138.032337
bluetooth,D2A3B933,2026-08-12 19:15:49.000Z,-58,60.957679,-138.032324,48060,2,0,1571,17.53
radio434mhz,6133334B,2026-08-12 19:15:49.000Z,-40,60.957679,-138.032324
radio434mhz,6133334B,2026-08-12 19:15:51.000Z,-38,60.957692,-138.032346
radio434mhz,6133334B,2026-08-12 19:15:54.000Z,-38,60.957724,-138.032320
radio434mhz,6133334B,2026-08-12 19:15:56.000Z,-41,60.957759,-138.032306
radio434mhz,6133334B,2026-08-12 19:15:59.000Z,-41,60.957777,-138.032256
bluetooth,D2A3B933,2026-08-12 19:15:59.000Z,-39,60.957777,-138.032256,65165,2,0,1571,17.31
radio434mhz,6133334B,2026-08-12 19:16:01.000Z,-38,60.957788,-138.032303
radio434mhz,6133334B,2026-08-12 19:16:03.000Z,-41,60.957821,-138.032257
radio434mhz,6133334B,2026-08-12 19:16:06.000Z,-45,60.957830,-138.032232
radio434mhz,6133334B,2026-08-12 19:16:08.000Z,-63,60.957843,-138.032231
bluetooth,D2A3B933,2026-08-12 19:16:09.000Z,-49,60.957843,-138.032231,50088,2,0,1571,17.41
radio434mhz,6133334B,2026-08-12 19:16:11.000Z,-39,60.957839,-138.032227
radio434mhz,6133334B,2026-08-12 19:16:13.000Z,-39,60.957853,-138.032235
radio434mhz,6133334B,2026-08-12 19:16:16.000Z,-37,60.957859,-138.032231
radio434mhz,6133334B,2026-08-12 19:16:18.000Z,-39,60.957870,-138.032218
bluetooth,D2A3B933,2026-08-12 19:16:19.000Z,-28,60.957870,-138.032218,48708,2,0,1570,17.51
radio434mhz,6133334B,2026-08-12 19:16:21.000Z,-37,60.957877,-138.032174
radio434mhz,6133334B,2026-08-12 19:16:23.000Z,-38,60.957892,-138.032154
radio434mhz,6133334B,2026-08-12 19:16:25.000Z,-41,60.957915,-138.032091
radio434mhz,6133334B,2026-08-12 19:16:28.000Z,-37,60.957903,-138.032036
bluetooth,D2A3B933,2026-08-12 19:16:29.000Z,-51,60.957903,-138.032036,35753,2,0,1571,17.46
radio434mhz,6133334B,2026-08-12 19:16:30.000Z,-39,60.957912,-138.031995
radio434mhz,6133334B,2026-08-12 19:16:33.000Z,-36,60.957914,-138.031965
radio434mhz,6133334B,2026-08-12 19:16:35.000Z,-38,60.957905,-138.031946
radio434mhz,6133334B,2026-08-12 19:16:38.000Z,-39,60.957895,-138.031902
bluetooth,D2A3B933,2026-08-12 19:16:39.000Z,-43,60.957895,-138.031902,52885,2,0,1570,17.31
radio434mhz,6133334B,2026-08-12 19:16:40.000Z,-42,60.957905,-138.031851
radio434mhz,6133334B,2026-08-12 19:16:42.000Z,-42,60.957919,-138.031800
radio434mhz,6133334B,2026-08-12 19:16:45.000Z,-39,60.957913,-138.031743
radio434mhz,6133334B,2026-08-12 19:16:47.000Z,-42,60.957906,-138.031695
bluetooth,D2A3B933,2026-08-12 19:16:49.000Z,-39,60.957906,-138.031695,19491,2,0,1571,17.26
radio434mhz,6133334B,2026-08-12 19:16:50.000Z,-41,60.957911,-138.031677
radio434mhz,6133334B,2026-08-12 19:16:52.000Z,-39,60.957911,-138.031677
radio434mhz,6133334B,2026-08-12 19:16:55.000Z,-39,60.957920,-138.031637
radio434mhz,6133334B,2026-08-12 19:16:57.000Z,-40,60.957927,-138.031600
bluetooth,D2A3B933,2026-08-12 19:16:59.000Z,-32,60.957908,-138.031561,47492,2,0,1568,17.33
radio434mhz,6133334B,2026-08-12 19:16:59.000Z,-38,60.957908,-138.031561
radio434mhz,6133334B,2026-08-12 19:17:02.000Z,-38,60.957888,-138.031528
radio434mhz,6133334B,2026-08-12 19:17:04.000Z,-39,60.957900,-138.031506
radio434mhz,6133334B,2026-08-12 19:17:07.000Z,-38,60.957888,-138.031478
bluetooth,D2A3B933,2026-08-12 19:17:09.000Z,-47,60.957874,-138.031443,11376,2,0,1569,17.21
radio434mhz,6133334B,2026-08-12 19:17:09.000Z,-39,60.957874,-138.031443
radio434mhz,6133334B,2026-08-12 19:17:12.000Z,-40,60.957845,-138.031418
radio434mhz,6133334B,2026-08-12 19:17:14.000Z,-40,60.957828,-138.031369
radio434mhz,6133334B,2026-08-12 19:17:17.000Z,-41,60.957827,-138.031316
bluetooth,D2A3B933,2026-08-12 19:17:19.000Z,-38,60.957831,-138.031251,47322,2,0,1570,17.16
radio434mhz,6133334B,2026-08-12 19:17:19.000Z,-38,60.957831,-138.031251
radio434mhz,6133334B,2026-08-12 19:17:21.000Z,-37,60.957806,-138.031230
radio434mhz,6133334B,2026-08-12 19:17:24.000Z,-39,60.957781,-138.031213
radio434mhz,6133334B,2026-08-12 19:17:26.000Z,-38,60.957777,-138.031169
radio434mhz,6133334B,2026-08-12 19:17:29.000Z,-41,60.957752,-138.031148
bluetooth,D2A3B933,2026-08-12 19:17:29.000Z,-39,60.957752,-138.031148,54831,2,0,1570,17.43
radio434mhz,6133334B,2026-08-12 19:17:31.000Z,-39,60.957758,-138.031085
radio434mhz,6133334B,2026-08-12 19:17:34.000Z,-39,60.957748,-138.031033
radio434mhz,6133334B,2026-08-12 19:17:36.000Z,-38,60.957764,-138.030953
radio434mhz,6133334B,2026-08-12 19:17:38.000Z,-38,60.957751,-138.030912
bluetooth,D2A3B933,2026-08-12 19:17:39.000Z,-58,60.957751,-138.030912,31328,2,0,1570,17.31
radio434mhz,6133334B,2026-08-12 19:17:41.000Z,-39,60.957743,-138.030871
radio434mhz,6133334B,2026-08-12 19:17:43.000Z,-41,60.957728,-138.030828
radio434mhz,6133334B,2026-08-12 19:17:46.000Z,-40,60.957713,-138.030795
radio434mhz,6133334B,2026-08-12 19:17:48.000Z,-37,60.957696,-138.030754
bluetooth,D2A3B933,2026-08-12 19:17:49.000Z,-46,60.957696,-138.030754,41328,2,0,1571,17.41
radio434mhz,2A2A2A2D,2026-08-12 19:17:51.000Z,-112,60.957696,-138.030754
radio434mhz,6133334B,2026-08-12 19:17:51.000Z,-42,60.957696,-138.030754
radio434mhz,6133334B,2026-08-12 19:17:53.000Z,-42,60.957665,-138.030760
radio434mhz,6133334B,2026-08-12 19:17:56.000Z,-39,60.957659,-138.030699
radio434mhz,6133334B,2026-08-12 19:17:58.000Z,-40,60.957627,-138.030693
bluetooth,D2A3B933,2026-08-12 19:17:59.000Z,-36,60.957627,-138.030693,31693,2,0,1570,17.43
radio434mhz,6133334B,2026-08-12 19:18:00.000Z,-37,60.957613,-138.030649
radio434mhz,6133334B,2026-08-12 19:18:03.000Z,-36,60.957575,-138.030648
radio434mhz,5552522A,2026-08-12 19:18:03.000Z,-104,60.957575,-138.030648
radio434mhz,6133334B,2026-08-12 19:18:05.000Z,-38,60.957553,-138.030631
radio434mhz,6133334B,2026-08-12 19:18:08.000Z,-42,60.957537,-138.030588
bluetooth,D2A3B933,2026-08-12 19:18:09.000Z,-41,60.957537,-138.030588,56905,2,0,1570,17.66
radio434mhz,6133334B,2026-08-12 19:18:10.000Z,-39,60.957529,-138.030543
radio434mhz,6133334B,2026-08-12 19:18:13.000Z,-38,60.957517,-138.030504
radio434mhz,6133334B,2026-08-12 19:18:15.000Z,-38,60.957508,-138.030458
radio434mhz,6133334B,2026-08-12 19:18:17.000Z,-38,60.957479,-138.030432
bluetooth,D2A3B933,2026-08-12 19:18:19.000Z,-46,60.957479,-138.030432,3421,2,0,1570,17.38
radio434mhz,6133334B,2026-08-12 19:18:20.000Z,-39,60.957453,-138.030435
radio434mhz,6133334B,2026-08-12 19:18:22.000Z,-41,60.957425,-138.030391
radio434mhz,6133334B,2026-08-12 19:18:25.000Z,-42,60.957403,-138.030342
radio434mhz,5552522A,2026-08-12 19:18:25.000Z,-104,60.957403,-138.030342
radio434mhz,6133334B,2026-08-12 19:18:27.000Z,-42,60.957403,-138.030342
radio434mhz,5552522A,2026-08-12 19:18:29.000Z,-103,60.957405,-138.030294
bluetooth,D2A3B933,2026-08-12 19:18:29.000Z,-36,60.957405,-138.030294,18403,2,0,1570,17.91
radio434mhz,6133334B,2026-08-12 19:18:30.000Z,-41,60.957405,-138.030294
radio434mhz,5552522A,2026-08-12 19:18:32.000Z,-106,60.957401,-138.030241
radio434mhz,6133334B,2026-08-12 19:18:32.000Z,-37,60.957401,-138.030241
radio434mhz,6133334B,2026-08-12 19:18:35.000Z,-39,60.957385,-138.030193
radio434mhz,5552522A,2026-08-12 19:18:35.000Z,-103,60.957385,-138.030193
radio434mhz,2A2A2A2D,2026-08-12 19:18:35.000Z,-103,60.957366,-138.030176
radio434mhz,6133334B,2026-08-12 19:18:37.000Z,-40,60.957366,-138.030176
bluetooth,D2A3B933,2026-08-12 19:18:39.000Z,-40,60.957349,-138.030147,36220,2,0,1569,18.32
radio434mhz,6133334B,2026-08-12 19:18:39.000Z,-40,60.957349,-138.030147
radio434mhz,6133334B,2026-08-12 19:18:42.000Z,-40,60.957339,-138.030099
radio434mhz,2A2A2A2D,2026-08-12 19:18:42.000Z,-109,60.957339,-138.030099
radio434mhz,6133334B,2026-08-12 19:18:44.000Z,-36,60.957319,-138.030063
radio434mhz,2A2A2A2D,2026-08-12 19:18:45.000Z,-109,60.957319,-138.030063
radio434mhz,6133334B,2026-08-12 19:18:47.000Z,-39,60.957307,-138.030017
radio434mhz,5552522A,2026-08-12 19:18:47.000Z,-101,60.957307,-138.030017
bluetooth,D2A3B933,2026-08-12 19:18:49.000Z,-39,60.957281,-138.029998,52061,2,0,1570,18.77
radio434mhz,2A2A2A2D,2026-08-12 19:18:49.000Z,-99,60.957281,-138.029998
radio434mhz,6133334B,2026-08-12 19:18:49.000Z,-41,60.957281,-138.029998
radio434mhz,5552522A,2026-08-12 19:18:50.000Z,-98,60.957276,-138.029938
radio434mhz,6133334B,2026-08-12 19:18:52.000Z,-41,60.957276,-138.029938
radio434mhz,2A2A2A2D,2026-08-12 19:18:52.000Z,-107,60.957276,-138.029938
radio434mhz,5552522A,2026-08-12 19:18:54.000Z,-97,60.957270,-138.029903
radio434mhz,6133334B,2026-08-12 19:18:54.000Z,-38,60.957270,-138.029903
radio434mhz,2A2A2A2D,2026-08-12 19:18:56.000Z,-100,60.957270,-138.029903
radio434mhz,6133334B,2026-08-12 19:18:56.000Z,-41,60.957261,-138.029860
radio434mhz,5552522A,2026-08-12 19:18:57.000Z,-90,60.957261,-138.029860
bluetooth,D2A3B933,2026-08-12 19:18:59.000Z,-32,60.957272,-138.029806,55944,2,0,1570,19.05
radio434mhz,6133334B,2026-08-12 19:18:59.000Z,-39,60.957272,-138.029806
radio434mhz,2A2A2A2D,2026-08-12 19:18:59.000Z,-108,60.957272,-138.029806
radio434mhz,5552522A,2026-08-12 19:19:00.000Z,-97,60.957272,-138.029806
radio434mhz,6133334B,2026-08-12 19:19:01.000Z,-37,60.957249,-138.029769
radio434mhz,2A2A2A2D,2026-08-12 19:19:03.000Z,-102,60.957249,-138.029769
radio434mhz,5552522A,2026-08-12 19:19:03.000Z,-96,60.957249,-138.029769
radio434mhz,6133334B,2026-08-12 19:19:04.000Z,-37,60.957256,-138.029716
radio434mhz,5552522A,2026-08-12 19:19:06.000Z,-83,60.957227,-138.029666
radio434mhz,2A2A2A2D,2026-08-12 19:19:06.000Z,-98,60.957227,-138.029666
radio434mhz,6133334B,2026-08-12 19:19:06.000Z,-43,60.957227,-138.029666
radio434mhz,6133334B,2026-08-12 19:19:09.000Z,-35,60.957218,-138.029617
bluetooth,D2A3B933,2026-08-12 19:19:09.000Z,-30,60.957218,-138.029617,55405,2,0,1570,19.30
radio434mhz,5552522A,2026-08-12 19:19:09.000Z,-85,60.957218,-138.029617
radio434mhz,2A2A2A2D,2026-08-12 19:19:09.000Z,-106,60.957218,-138.029617
radio434mhz,6133334B,2026-08-12 19:19:11.000Z,-41,60.957209,-138.029574
radio434mhz,5552522A,2026-08-12 19:19:12.000Z,-83,60.957209,-138.029574
radio434mhz,52782D1E,2026-08-12 19:19:13.000Z,-105,60.957209,-138.029574
radio434mhz,2A2A2A2D,2026-08-12 19:19:13.000Z,-97,60.957214,-138.029520
radio434mhz,6133334B,2026-08-12 19:19:13.000Z,-39,60.957214,-138.029520
radio434mhz,5552522A,2026-08-12 19:19:16.000Z,-101,60.957203,-138.029481
radio434mhz,6133334B,2026-08-12 19:19:16.000Z,-40,60.957203,-138.029481
radio434mhz,2A2A2A2D,2026-08-12 19:19:16.000Z,-103,60.957203,-138.029481
radio434mhz,6133334B,2026-08-12 19:19:18.000Z,-39,60.957181,-138.029451
radio434mhz,5552522A,2026-08-12 19:19:19.000Z,-101,60.957181,-138.029451
bluetooth,D2A3B933,2026-08-12 19:19:19.000Z,-25,60.957181,-138.029451,32960,2,0,1570,19.08
radio434mhz,2A2A2A2D,2026-08-12 19:19:20.000Z,-98,60.957181,-138.029451
radio434mhz,6133334B,2026-08-12 19:19:21.000Z,-42,60.957164,-138.029435
radio434mhz,5552522A,2026-08-12 19:19:22.000Z,-87,60.957164,-138.029435
radio434mhz,2A2A2A2D,2026-08-12 19:19:23.000Z,-99,60.957153,-138.029383
radio434mhz,6133334B,2026-08-12 19:19:23.000Z,-38,60.957153,-138.029383
radio434mhz,5552522A,2026-08-12 19:19:25.000Z,-87,60.957153,-138.029383
radio434mhz,6133334B,2026-08-12 19:19:26.000Z,-41,60.957128,-138.029337
radio434mhz,5552522A,2026-08-12 19:19:28.000Z,-86,60.957138,-138.029271
radio434mhz,6133334B,2026-08-12 19:19:28.000Z,-37,60.957138,-138.029271
bluetooth,D2A3B933,2026-08-12 19:19:29.000Z,-64,60.957138,-138.029271,43868,2,0,1571,19.03
radio434mhz,52782D1E,2026-08-12 19:19:29.000Z,-102,60.957138,-138.029271
radio434mhz,6133334B,2026-08-12 19:19:30.000Z,-39,60.957127,-138.029209
radio434mhz,5552522A,2026-08-12 19:19:31.000Z,-90,60.957127,-138.029209
radio434mhz,6133334B,2026-08-12 19:19:33.000Z,-38,60.957127,-138.029209
radio434mhz,5552522A,2026-08-12 19:19:34.000Z,-97,60.957116,-138.029134
radio434mhz,6133334B,2026-08-12 19:19:35.000Z,-38,60.957116,-138.029134
radio434mhz,2A2A2A2D,2026-08-12 19:19:37.000Z,-99,60.957095,-138.029112
radio434mhz,5552522A,2026-08-12 19:19:37.000Z,-84,60.957095,-138.029112
radio434mhz,6133334B,2026-08-12 19:19:38.000Z,-39,60.957095,-138.029112
bluetooth,D2A3B933,2026-08-12 19:19:39.000Z,-20,60.957062,-138.029104,59890,2,0,1570,18.92
radio434mhz,6133334B,2026-08-12 19:19:40.000Z,-36,60.957062,-138.029104
radio434mhz,5552522A,2026-08-12 19:19:40.000Z,-93,60.957046,-138.029056
radio434mhz,52782D1E,2026-08-12 19:19:42.000Z,-105,60.957046,-138.029056
radio434mhz,6133334B,2026-08-12 19:19:43.000Z,-39,60.957046,-138.029056
radio434mhz,2A2A2A2D,2026-08-12 19:19:44.000Z,-104,60.957016,-138.029030
radio434mhz,5552522A,2026-08-12 19:19:44.000Z,-82,60.957016,-138.029030
radio434mhz,6133334B,2026-08-12 19:19:45.000Z,-42,60.957016,-138.029030
radio434mhz,5552522A,2026-08-12 19:19:47.000Z,-85,60.956989,-138.028986
radio434mhz,6133334B,2026-08-12 19:19:48.000Z,-38,60.956989,-138.028986
bluetooth,D2A3B933,2026-08-12 19:19:49.000Z,-47,60.956989,-138.028986,6528,2,0,1570,18.67
radio434mhz,5552522A,2026-08-12 19:19:50.000Z,-79,60.956970,-138.028928
radio434mhz,6133334B,2026-08-12 19:19:50.000Z,-42,60.956970,-138.028928
radio434mhz,2A2A2A2D,2026-08-12 19:19:50.000Z,-96,60.956970,-138.028928
radio434mhz,52782D1E,2026-08-12 19:19:51.000Z,-107,60.956970,-138.028928
radio434mhz,6133334B,2026-08-12 19:19:52.000Z,-39,60.956943,-138.028889
radio434mhz,5552522A,2026-08-12 19:19:53.000Z,-97,60.956943,-138.028889
radio434mhz,2A2A2A2D,2026-08-12 19:19:54.000Z,-91,60.956943,-138.028889
radio434mhz,52782D1E,2026-08-12 19:19:55.000Z,-108,60.956935,-138.028839
radio434mhz,6133334B,2026-08-12 19:19:55.000Z,-38,60.956935,-138.028839
radio434mhz,5552522A,2026-08-12 19:19:56.000Z,-83,60.956935,-138.028839
radio434mhz,6133334B,2026-08-12 19:19:57.000Z,-35,60.956893,-138.028852
radio434mhz,2A2A2A2D,2026-08-12 19:19:57.000Z,-90,60.956893,-138.028852
radio434mhz,52782D1E,2026-08-12 19:19:58.000Z,-106,60.956893,-138.028852
bluetooth,D2A3B933,2026-08-12 19:19:59.000Z,-37,60.956893,-138.028852,4939,2,0,1571,18.75
radio434mhz,5552522A,2026-08-12 19:19:59.000Z,-82,60.956871,-138.028815
radio434mhz,6133334B,2026-08-12 19:20:00.000Z,-38,60.956871,-138.028815
radio434mhz,2A2A2A2D,2026-08-12 19:20:01.000Z,-87,60.956871,-138.028815
radio434mhz,6133334B,2026-08-12 19:20:02.000Z,-39,60.956838,-138.028814
radio434mhz,5552522A,2026-08-12 19:20:02.000Z,-93,60.956838,-138.028814
radio434mhz,2A2A2A2D,2026-08-12 19:20:04.000Z,-108,60.956831,-138.028758
radio434mhz,52782D1E,2026-08-12 19:20:04.000Z,-100,60.956831,-138.028758
radio434mhz,6133334B,2026-08-12 19:20:05.000Z,-36,60.956831,-138.028758
radio434mhz,5552522A,2026-08-12 19:20:06.000Z,-93,60.956831,-138.028758
radio434mhz,6133334B,2026-08-12 19:20:07.000Z,-41,60.956807,-138.028744
radio434mhz,2A2A2A2D,2026-08-12 19:20:08.000Z,-88,60.956807,-138.028744
radio434mhz,5552522A,2026-08-12 19:20:09.000Z,-102,60.956781,-138.028724
bluetooth,D2A3B933,2026-08-12 19:20:09.000Z,-39,60.956781,-138.028724,41223,2,0,1571,18.85
radio434mhz,6133334B,2026-08-12 19:20:09.000Z,-40,60.956781,-138.028724
radio434mhz,52782D1E,2026-08-12 19:20:11.000Z,-107,60.956747,-138.028710
radio434mhz,2A2A2A2D,2026-08-12 19:20:11.000Z,-90,60.956747,-138.028710
radio434mhz,6133334B,2026-08-12 19:20:12.000Z,-36,60.956747,-138.028710
radio434mhz,5552522A,2026-08-12 19:20:12.000Z,-101,60.956747,-138.028710
radio434mhz,52782D1E,2026-08-12 19:20:14.000Z,-106,60.956730,-138.028661
radio434mhz,6133334B,2026-08-12 19:20:14.000Z,-38,60.956730,-138.028661
radio434mhz,2A2A2A2D,2026-08-12 19:20:14.000Z,-88,60.956730,-138.028661
radio434mhz,5552522A,2026-08-12 19:20:15.000Z,-99,60.956730,-138.028661
radio434mhz,6133334B,2026-08-12 19:20:17.000Z,-39,60.956699,-138.028627
radio434mhz,52782D1E,2026-08-12 19:20:18.000Z,-102,60.956699,-138.028627
radio434mhz,2A2A2A2D,2026-08-12 19:20:18.000Z,-88,60.956674,-138.028595
radio434mhz,5552522A,2026-08-12 19:20:18.000Z,-105,60.956674,-138.028595
bluetooth,D2A3B933,2026-08-12 19:20:19.000Z,-44,60.956674,-138.028595,40769,2,0,1570,18.65
radio434mhz,6133334B,2026-08-12 19:20:19.000Z,-40,60.956674,-138.028595
radio434mhz,52782D1E,2026-08-12 19:20:21.000Z,-106,60.956647,-138.028543
radio434mhz,5552522A,2026-08-12 19:20:21.000Z,-105,60.956647,-138.028543
radio434mhz,2A2A2A2D,2026-08-12 19:20:21.000Z,-90,60.956647,-138.028543
radio434mhz,6133334B,2026-08-12 19:20:22.000Z,-39,60.956647,-138.028543
radio434mhz,6133334B,2026-08-12 19:20:24.000Z,-41,60.956631,-138.028500
radio434mhz,52782D1E,2026-08-12 19:20:24.000Z,-106,60.956631,-138.028500
radio434mhz,5552522A,2026-08-12 19:20:24.000Z,-100,60.956631,-138.028500
radio434mhz,2A2A2A2D,2026-08-12 19:20:25.000Z,-91,60.956631,-138.028500
radio434mhz,6133334B,2026-08-12 19:20:26.000Z,-39,60.956603,-138.028507
radio434mhz,2A2A2A2D,2026-08-12 19:20:28.000Z,-92,60.956573,-138.028501
radio434mhz,6133334B,2026-08-12 19:20:29.000Z,-38,60.956573,-138.028501
bluetooth,D2A3B933,2026-08-12 19:20:29.000Z,-32,60.956573,-138.028501,22281,2,0,1571,18.85
radio434mhz,52782D1E,2026-08-12 19:20:30.000Z,-103,60.956553,-138.028490
radio434mhz,6133334B,2026-08-12 19:20:31.000Z,-38,60.956553,-138.028490
radio434mhz,2A2A2A2D,2026-08-12 19:20:31.000Z,-86,60.956553,-138.028490
radio434mhz,52782D1E,2026-08-12 19:20:34.000Z,-103,60.956554,-138.028430
radio434mhz,6133334B,2026-08-12 19:20:34.000Z,-41,60.956554,-138.028430
radio434mhz,2A2A2A2D,2026-08-12 19:20:35.000Z,-83,60.956554,-138.028430
radio434mhz,6133334B,2026-08-12 19:20:36.000Z,-45,60.956538,-138.028409
radio434mhz,072A1934,2026-08-12 19:20:37.000Z,-109,60.956538,-138.028409
radio434mhz,52782D1E,2026-08-12 19:20:37.000Z,-103,60.956538,-138.028409
radio434mhz,2A2A2A2D,2026-08-12 19:20:38.000Z,-90,60.956531,-138.028361
radio434mhz,6133334B,2026-08-12 19:20:39.000Z,-43,60.956531,-138.028361
bluetooth,D2A3B933,2026-08-12 19:20:39.000Z,-39,60.956531,-138.028361,65189,2,0,1569,18.37
radio434mhz,5552522A,2026-08-12 19:20:40.000Z,-103,60.956531,-138.028361
radio434mhz,52782D1E,2026-08-12 19:20:40.000Z,-108,60.956531,-138.028361
radio434mhz,6133334B,2026-08-12 19:20:41.000Z,-38,60.956516,-138.028301
radio434mhz,2A2A2A2D,2026-08-12 19:20:42.000Z,-89,60.956516,-138.028301
radio434mhz,52782D1E,2026-08-12 19:20:43.000Z,-103,60.956513,-138.028248
radio434mhz,6133334B,2026-08-12 19:20:43.000Z,-36,60.956513,-138.028248
radio434mhz,2A2A2A2D,2026-08-12 19:20:45.000Z,-86,60.956513,-138.028248
radio434mhz,6133334B,2026-08-12 19:20:46.000Z,-36,60.956499,-138.028209
radio434mhz,072A1934,2026-08-12 19:20:46.000Z,-105,60.956499,-138.028209
radio434mhz,5552522A,2026-08-12 19:20:46.000Z,-101,60.956499,-138.028209
radio434mhz,52782D1E,2026-08-12 19:20:47.000Z,-104,60.956499,-138.028209
radio434mhz,6133334B,2026-08-12 19:20:48.000Z,-40,60.956485,-138.028156
radio434mhz,2A2A2A2D,2026-08-12 19:20:48.000Z,-89,60.956485,-138.028156
radio434mhz,52782D1E,2026-08-12 19:20:50.000Z,-104,60.956485,-138.028156
radio434mhz,6133334B,2026-08-12 19:20:51.000Z,-38,60.956454,-138.028154
radio434mhz,2A2A2A2D,2026-08-12 19:20:52.000Z,-83,60.956454,-138.028154
radio434mhz,5552522A,2026-08-12 19:20:52.000Z,-111,60.956420,-138.028173
radio434mhz,52782D1E,2026-08-12 19:20:53.000Z,-105,60.956420,-138.028173
radio434mhz,6133334B,2026-08-12 19:20:53.000Z,-40,60.956420,-138.028173
radio434mhz,2A2A2A2D,2026-08-12 19:20:56.000Z,-79,60.956386,-138.028201
radio434mhz,6133334B,2026-08-12 19:20:56.000Z,-44,60.956386,-138.028201
radio434mhz,6133334B,2026-08-12 19:20:58.000Z,-42,60.956359,-138.028210
radio434mhz,2A2A2A2D,2026-08-12 19:20:59.000Z,-98,60.956359,-138.028210
bluetooth,D2A3B933,2026-08-12 19:20:59.000Z,-50,60.956359,-138.028210,6826,2,0,1570,18.60
radio434mhz,52782D1E,2026-08-12 19:21:00.000Z,-108,60.956359,-138.028210
radio434mhz,6133334B,2026-08-12 19:21:00.000Z,-41,60.956344,-138.028202
radio434mhz,2A2A2A2D,2026-08-12 19:21:02.000Z,-92,60.956340,-138.028188
radio434mhz,6133334B,2026-08-12 19:21:03.000Z,-45,60.956340,-138.028188
radio434mhz,5552522A,2026-08-12 19:21:05.000Z,-110,60.956323,-138.028156
radio434mhz,6133334B,2026-08-12 19:21:05.000Z,-36,60.956323,-138.028156
radio434mhz,2A2A2A2D,2026-08-12 19:21:06.000Z,-97,60.956323,-138.028156
radio434mhz,52782D1E,2026-08-12 19:21:06.000Z,-108,60.956323,-138.028156
radio434mhz,6133334B,2026-08-12 19:21:08.000Z,-40,60.956302,-138.028173
bluetooth,D2A3B933,2026-08-12 19:21:09.000Z,-46,60.956302,-138.028173,52072,2,0,1571,18.62
radio434mhz,2A2A2A2D,2026-08-12 19:21:09.000Z,-96,60.956302,-138.028173
radio434mhz,52782D1E,2026-08-12 19:21:09.000Z,-107,60.956286,-138.028152
radio434mhz,6133334B,2026-08-12 19:21:10.000Z,-38,60.956286,-138.028152
radio434mhz,2A2A2A2D,2026-08-12 19:21:13.000Z,-99,60.956270,-138.028132
radio434mhz,6133334B,2026-08-12 19:21:13.000Z,-40,60.956270,-138.028132
radio434mhz,52782D1E,2026-08-12 19:21:13.000Z,-107,60.956270,-138.028132
radio434mhz,6133334B,2026-08-12 19:21:15.000Z,-38,60.956269,-138.028061
radio434mhz,52782D1E,2026-08-12 19:21:16.000Z,-107,60.956269,-138.028061
radio434mhz,2A2A2A2D,2026-08-12 19:21:16.000Z,-105,60.956269,-138.028061
radio434mhz,6133334B,2026-08-12 19:21:17.000Z,-40,60.956252,-138.028024
bluetooth,D2A3B933,2026-08-12 19:21:19.000Z,-38,60.956228,-138.028045,38834,2,0,1570,18.57
radio434mhz,2A2A2A2D,2026-08-12 19:21:19.000Z,-96,60.956228,-138.028045
radio434mhz,6133334B,2026-08-12 19:21:20.000Z,-38,60.956228,-138.028045
radio434mhz,6133334B,2026-08-12 19:21:22.000Z,-40,60.956218,-138.028018
radio434mhz,2A2A2A2D,2026-08-12 19:21:23.000Z,-105,60.956218,-138.028018
radio434mhz,6133334B,2026-08-12 19:21:25.000Z,-40,60.956201,-138.028039
radio434mhz,2A2A2A2D,2026-08-12 19:21:26.000Z,-106,60.956203,-138.027923
radio434mhz,6133334B,2026-08-12 19:21:27.000Z,-39,60.956203,-138.027923
bluetooth,D2A3B933,2026-08-12 19:21:29.000Z,-48,60.956187,-138.027881,13117,2,0,1571,18.47
radio434mhz,2A2A2A2D,2026-08-12 19:21:30.000Z,-97,60.956187,-138.027881
radio434mhz,6133334B,2026-08-12 19:21:30.000Z,-37,60.956187,-138.027881
radio434mhz,072A1934,2026-08-12 19:21:30.000Z,-108,60.956187,-138.027881
radio434mhz,52782D1E,2026-08-12 19:21:32.000Z,-104,60.956159,-138.027866
radio434mhz,6133334B,2026-08-12 19:21:32.000Z,-31,60.956159,-138.027866
radio434mhz,072A1934,2026-08-12 19:21:33.000Z,-105,60.956159,-138.027866
radio434mhz,2A2A2A2D,2026-08-12 19:21:33.000Z,-102,60.956159,-138.027866
radio434mhz,6133334B,2026-08-12 19:21:34.000Z,-39,60.956129,-138.027864
radio434mhz,52782D1E,2026-08-12 19:21:35.000Z,-108,60.956129,-138.027864
radio434mhz,2A2A2A2D,2026-08-12 19:21:36.000Z,-103,60.956129,-138.027864
radio434mhz,6133334B,2026-08-12 19:21:37.000Z,-38,60.956129,-138.027864
radio434mhz,072A1934,2026-08-12 19:21:39.000Z,-108,60.956101,-138.027774
bluetooth,D2A3B933,2026-08-12 19:21:39.000Z,-16,60.956101,-138.027774,57939,2,0,1570,18.82
radio434mhz,6133334B,2026-08-12 19:21:39.000Z,-39,60.956077,-138.027742
radio434mhz,2A2A2A2D,2026-08-12 19:21:40.000Z,-104,60.956077,-138.027742
radio434mhz,6133334B,2026-08-12 19:21:42.000Z,-42,60.956049,-138.027698
radio434mhz,2A2A2A2D,2026-08-12 19:21:43.000Z,-98,60.956049,-138.027698
radio434mhz,6133334B,2026-08-12 19:21:44.000Z,-35,60.956049,-138.027698
radio434mhz,6133334B,2026-08-12 19:21:47.000Z,-36,60.956019,-138.027695
radio434mhz,2A2A2A2D,2026-08-12 19:21:47.000Z,-104,60.956019,-138.027695
radio434mhz,072A1934,2026-08-12 19:21:48.000Z,-109,60.955995,-138.027669
radio434mhz,6133334B,2026-08-12 19:21:49.000Z,-43,60.955995,-138.027669
bluetooth,D2A3B933,2026-08-12 19:21:49.000Z,-36,60.955995,-138.027669,9813,2,0,1570,18.72
radio434mhz,2A2A2A2D,2026-08-12 19:21:50.000Z,-107,60.955973,-138.027632
radio434mhz,6133334B,2026-08-12 19:21:52.000Z,-42,60.955973,-138.027632
radio434mhz,2A2A2A2D,2026-08-12 19:21:54.000Z,-104,60.955965,-138.027603
radio434mhz,6133334B,2026-08-12 19:21:54.000Z,-34,60.955965,-138.027603
radio434mhz,6133334B,2026-08-12 19:21:56.000Z,-36,60.955934,-138.027598
radio434mhz,072A1934,2026-08-12 19:21:58.000Z,-102,60.955934,-138.027598
radio434mhz,6133334B,2026-08-12 19:21:59.000Z,-38,60.955934,-138.027598
bluetooth,D2A3B933,2026-08-12 19:21:59.000Z,-33,60.955912,-138.027548,42257,2,0,1570,19.20
radio434mhz,6133334B,2026-08-12 19:22:01.000Z,-38,60.955912,-138.027548
radio434mhz,52782D1E,2026-08-12 19:22:01.000Z,-104,60.955912,-138.027548
radio434mhz,6133334B,2026-08-12 19:22:04.000Z,-38,60.955878,-138.027562
radio434mhz,6133334B,2026-08-12 19:22:06.000Z,-38,60.955858,-138.027590
radio434mhz,6133334B,2026-08-12 19:22:08.000Z,-36,60.955829,-138.027584
bluetooth,D2A3B933,2026-08-12 19:22:09.000Z,-42,60.955824,-138.027534,40235,2,0,1572,19.58
radio434mhz,2A2A2A2D,2026-08-12 19:22:11.000Z,-108,60.955824,-138.027534
radio434mhz,6133334B,2026-08-12 19:22:11.000Z,-39,60.955824,-138.027534
radio434mhz,6133334B,2026-08-12 19:22:13.000Z,-38,60.955788,-138.027512
radio434mhz,6133334B,2026-08-12 19:22:16.000Z,-37,60.955765,-138.027489
radio434mhz,6133334B,2026-08-12 19:22:18.000Z,-39,60.955720,-138.027528
bluetooth,D2A3B933,2026-08-12 19:22:19.000Z,-38,60.955687,-138.027542,38415,2,0,1570,19.33
radio434mhz,6133334B,2026-08-12 19:22:21.000Z,-38,60.955687,-138.027542
radio434mhz,2A2A2A2D,2026-08-12 19:22:21.000Z,-106,60.955687,-138.027542
radio434mhz,6133334B,2026-08-12 19:22:23.000Z,-38,60.955665,-138.027566
radio434mhz,6133334B,2026-08-12 19:22:25.000Z,-31,60.955639,-138.027590
radio434mhz,072A1934,2026-08-12 19:22:26.000Z,-108,60.955639,-138.027590
radio434mhz,6133334B,2026-08-12 19:22:28.000Z,-40,60.955623,-138.027571
radio434mhz,072A1934,2026-08-12 19:22:29.000Z,-100,60.955623,-138.027571
bluetooth,D2A3B933,2026-08-12 19:22:29.000Z,-41,60.955623,-138.027571,46780,2,0,1571,19.23
radio434mhz,6133334B,2026-08-12 19:22:30.000Z,-40,60.955609,-138.027606
radio434mhz,6133334B,2026-08-12 19:22:33.000Z,-41,60.955582,-138.027536
radio434mhz,072A1934,2026-08-12 19:22:35.000Z,-108,60.955554,-138.027559
radio434mhz,6133334B,2026-08-12 19:22:35.000Z,-42,60.955554,-138.027559
radio434mhz,6133334B,2026-08-12 19:22:38.000Z,-42,60.955516,-138.027466
bluetooth,D2A3B933,2026-08-12 19:22:39.000Z,-30,60.955497,-138.027423,23919,2,0,1570,19.53
radio434mhz,6133334B,2026-08-12 19:22:40.000Z,-40,60.955497,-138.027423
radio434mhz,6133334B,2026-08-12 19:22:42.000Z,-42,60.955470,-138.027394
radio434mhz,6133334B,2026-08-12 19:22:45.000Z,-36,60.955444,-138.027386
radio434mhz,6133334B,2026-08-12 19:22:47.000Z,-39,60.955431,-138.027349
radio434mhz,072A1934,2026-08-12 19:22:48.000Z,-109,60.955431,-138.027349
radio434mhz,2A2A2A2D,2026-08-12 19:22:48.000Z,-104,60.955431,-138.027349
bluetooth,D2A3B933,2026-08-12 19:22:49.000Z,-37,60.955431,-138.027349,61334,2,0,1570,18.92
radio434mhz,6133334B,2026-08-12 19:22:50.000Z,-38,60.955422,-138.027407
radio434mhz,072A1934,2026-08-12 19:22:51.000Z,-109,60.955422,-138.027407
radio434mhz,6133334B,2026-08-12 19:22:52.000Z,-38,60.955410,-138.027415
radio434mhz,6133334B,2026-08-12 19:22:55.000Z,-39,60.955402,-138.027488
radio434mhz,2A2A2A2D,2026-08-12 19:22:55.000Z,-104,60.955402,-138.027488
radio434mhz,6133334B,2026-08-12 19:22:57.000Z,-38,60.955391,-138.027489
radio434mhz,072A1934,2026-08-12 19:22:57.000Z,-102,60.955391,-138.027489
radio434mhz,2A2A2A2D,2026-08-12 19:22:58.000Z,-108,60.955391,-138.027489
bluetooth,D2A3B933,2026-08-12 19:22:59.000Z,-51,60.955374,-138.027538,30954,2,0,1570,19.15
radio434mhz,6133334B,2026-08-12 19:22:59.000Z,-38,60.955374,-138.027538
radio434mhz,072A1934,2026-08-12 19:23:00.000Z,-101,60.955374,-138.027538
radio434mhz,6133334B,2026-08-12 19:23:02.000Z,-37,60.955374,-138.027538
radio434mhz,072A1934,2026-08-12 19:23:03.000Z,-102,60.955345,-138.027587
radio434mhz,6133334B,2026-08-12 19:23:04.000Z,-49,60.955345,-138.027587
radio434mhz,2A2A2A2D,2026-08-12 19:23:05.000Z,-108,60.955323,-138.027636
radio434mhz,072A1934,2026-08-12 19:23:06.000Z,-103,60.955323,-138.027636
radio434mhz,6133334B,2026-08-12 19:23:07.000Z,-41,60.955323,-138.027636
radio434mhz,6133334B,2026-08-12 19:23:09.000Z,-38,60.955316,-138.027683
bluetooth,D2A3B933,2026-08-12 19:23:09.000Z,-51,60.955316,-138.027683,22964,2,0,1570,19.30
radio434mhz,6133334B,2026-08-12 19:23:12.000Z,-39,60.955315,-138.027718
radio434mhz,072A1934,2026-08-12 19:23:13.000Z,-101,60.955305,-138.027754
radio434mhz,6133334B,2026-08-12 19:23:14.000Z,-40,60.955305,-138.027754
radio434mhz,2A2A2A2D,2026-08-12 19:23:15.000Z,-104,60.955308,-138.027837
radio434mhz,6133334B,2026-08-12 19:23:16.000Z,-41,60.955308,-138.027837
radio434mhz,6133334B,2026-08-12 19:23:19.000Z,-39,60.955300,-138.027896
radio434mhz,072A1934,2026-08-12 19:23:19.000Z,-98,60.955300,-138.027896
bluetooth,D2A3B933,2026-08-12 19:23:19.000Z,-48,60.955300,-138.027896,25589,2,0,1570,19.05
radio434mhz,6133334B,2026-08-12 19:23:21.000Z,-44,60.955286,-138.027953
radio434mhz,072A1934,2026-08-12 19:23:22.000Z,-103,60.955286,-138.027953
radio434mhz,6133334B,2026-08-12 19:23:24.000Z,-39,60.955263,-138.027988
radio434mhz,072A1934,2026-08-12 19:23:25.000Z,-96,60.955263,-138.027988
radio434mhz,6133334B,2026-08-12 19:23:26.000Z,-38,60.955233,-138.028054
radio434mhz,072A1934,2026-08-12 19:23:28.000Z,-97,60.955233,-138.028054
radio434mhz,6133334B,2026-08-12 19:23:29.000Z,-37,60.955233,-138.028054
bluetooth,D2A3B933,2026-08-12 19:23:29.000Z,-24,60.955203,-138.028091,18073,2,0,1569,19.43
radio434mhz,6133334B,2026-08-12 19:23:31.000Z,-38,60.955203,-138.028091
radio434mhz,072A1934,2026-08-12 19:23:31.000Z,-92,60.955203,-138.028091
radio434mhz,6133334B,2026-08-12 19:23:33.000Z,-41,60.955186,-138.028169
radio434mhz,072A1934,2026-08-12 19:23:35.000Z,-97,60.955163,-138.028197
radio434mhz,6133334B,2026-08-12 19:23:36.000Z,-40,60.955163,-138.028197
radio434mhz,072A1934,2026-08-12 19:23:38.000Z,-94,60.955132,-138.028165
radio434mhz,6133334B,2026-08-12 19:23:38.000Z,-47,60.955132,-138.028165
bluetooth,D2A3B933,2026-08-12 19:23:39.000Z,-38,60.955109,-138.028139,618,2,0,1571,19.46
radio434mhz,6133334B,2026-08-12 19:23:41.000Z,-43,60.955109,-138.028139
radio434mhz,072A1934,2026-08-12 19:23:41.000Z,-99,60.955109,-138.028139
radio434mhz,6133334B,2026-08-12 19:23:43.000Z,-40,60.955063,-138.028150
radio434mhz,072A1934,2026-08-12 19:23:44.000Z,-103,60.955063,-138.028150
radio434mhz,6133334B,2026-08-12 19:23:46.000Z,-38,60.955041,-138.028155
radio434mhz,6133334B,2026-08-12 19:23:48.000Z,-38,60.954998,-138.028157
bluetooth,D2A3B933,2026-08-12 19:23:49.000Z,-41,60.954972,-138.028169,20377,2,0,1570,19.51
radio434mhz,072A1934,2026-08-12 19:23:50.000Z,-94,60.954972,-138.028169
radio434mhz,6133334B,2026-08-12 19:23:50.000Z,-38,60.954972,-138.028169
radio434mhz,6133334B,2026-08-12 19:23:53.000Z,-39,60.954949,-138.028085
radio434mhz,072A1934,2026-08-12 19:23:53.000Z,-96,60.954949,-138.028085
radio434mhz,6133334B,2026-08-12 19:23:55.000Z,-38,60.954926,-138.028048
radio434mhz,072A1934,2026-08-12 19:23:56.000Z,-85,60.954926,-138.028048
radio434mhz,6133334B,2026-08-12 19:23:58.000Z,-40,60.954899,-138.028003
bluetooth,D2A3B933,2026-08-12 19:23:59.000Z,-61,60.954868,-138.028027,63686,2,0,1570,19.33
radio434mhz,072A1934,2026-08-12 19:23:59.000Z,-90,60.954868,-138.028027
radio434mhz,6133334B,2026-08-12 19:24:00.000Z,-42,60.954868,-138.028027
radio434mhz,6133334B,2026-08-12 19:24:02.000Z,-41,60.954850,-138.028043
radio434mhz,072A1934,2026-08-12 19:24:03.000Z,-90,60.954850,-138.028043
radio434mhz,6133334B,2026-08-12 19:24:05.000Z,-40,60.954842,-138.028110
radio434mhz,072A1934,2026-08-12 19:24:06.000Z,-81,60.954842,-138.028110
radio434mhz,6133334B,2026-08-12 19:24:07.000Z,-38,60.954818,-138.028101
radio434mhz,072A1934,2026-08-12 19:24:09.000Z,-91,60.954818,-138.028101
bluetooth,D2A3B933,2026-08-12 19:24:09.000Z,-29,60.954818,-138.028101,51082,2,0,1570,19.48
radio434mhz,6133334B,2026-08-12 19:24:10.000Z,-50,60.954808,-138.028175
radio434mhz,072A1934,2026-08-12 19:24:12.000Z,-88,60.954808,-138.028175
radio434mhz,6133334B,2026-08-12 19:24:12.000Z,-42,60.954808,-138.028175
radio434mhz,6133334B,2026-08-12 19:24:15.000Z,-40,60.954793,-138.028210
radio434mhz,072A1934,2026-08-12 19:24:15.000Z,-94,60.954799,-138.028276
radio434mhz,6133334B,2026-08-12 19:24:17.000Z,-38,60.954785,-138.028312
radio434mhz,072A1934,2026-08-12 19:24:18.000Z,-87,60.954785,-138.028312
radio434mhz,6133334B,2026-08-12 19:24:19.000Z,-39,60.954785,-138.028312
bluetooth,D2A3B933,2026-08-12 19:24:19.000Z,-22,60.954785,-138.028312,20270,2,0,1571,19.46
radio434mhz,072A1934,2026-08-12 19:24:21.000Z,-77,60.954763,-138.028417
radio434mhz,6133334B,2026-08-12 19:24:22.000Z,-38,60.954763,-138.028417
radio434mhz,2A2A2A2D,2026-08-12 19:24:24.000Z,-111,60.954735,-138.028441
radio434mhz,6133334B,2026-08-12 19:24:24.000Z,-38,60.954735,-138.028441
radio434mhz,072A1934,2026-08-12 19:24:25.000Z,-80,60.954735,-138.028441
radio434mhz,6133334B,2026-08-12 19:24:27.000Z,-42,60.954724,-138.028495
radio434mhz,072A1934,2026-08-12 19:24:28.000Z,-79,60.954724,-138.028495
radio434mhz,6133334B,2026-08-12 19:24:29.000Z,-39,60.954712,-138.028545
bluetooth,D2A3B933,2026-08-12 19:24:29.000Z,-32,60.954712,-138.028545,21610,2,0,1571,19.38
radio434mhz,072A1934,2026-08-12 19:24:31.000Z,-80,60.954719,-138.028589
radio434mhz,6133334B,2026-08-12 19:24:32.000Z,-37,60.954719,-138.028589
radio434mhz,072A1934,2026-08-12 19:24:34.000Z,-73,60.954735,-138.028584
radio434mhz,6133334B,2026-08-12 19:24:34.000Z,-37,60.954735,-138.028584
radio434mhz,6133334B,2026-08-12 19:24:36.000Z,-45,60.954745,-138.028659
radio434mhz,072A1934,2026-08-12 19:24:37.000Z,-87,60.954745,-138.028659
radio434mhz,6133334B,2026-08-12 19:24:39.000Z,-39,60.954749,-138.028635
bluetooth,D2A3B933,2026-08-12 19:24:40.000Z,-33,60.954749,-138.028635,29755,2,0,1569,19.73
radio434mhz,072A1934,2026-08-12 19:24:40.000Z,-83,60.954749,-138.028635
radio434mhz,6133334B,2026-08-12 19:24:41.000Z,-36,60.954759,-138.028672
radio434mhz,072A1934,2026-08-12 19:24:43.000Z,-85,60.954759,-138.028672
radio434mhz,6133334B,2026-08-12 19:24:44.000Z,-37,60.954735,-138.028685
