Tag Type,Tag Id,Time (UTC),RSSI,Latitude,Longitude,beep_number,tagFamily,payloadType,solar_mV,temperature_C
bluetooth,D2A3B933,2026-08-11 21:21:47.000Z,-33,60.955268,-138.029118,19026,2,0,1571,21.02
radio434mhz,6133334B,2026-08-11 21:21:48.000Z,-53,60.955268,-138.029118
radio434mhz,6133334B,2026-08-11 21:21:50.000Z,-53,60.955268,-138.029118
radio434mhz,6133334B,2026-08-11 21:21:53.000Z,-51,60.955268,-138.029118
radio434mhz,6133334B,2026-08-11 21:21:55.000Z,-68,60.955275,-138.029116
radio434mhz,6133334B,2026-08-11 21:21:57.000Z,-65,60.955279,-138.029112
bluetooth,D2A3B933,2026-08-11 21:21:57.000Z,-31,60.955279,-138.029112,61134,2,0,1572,21.28
radio434mhz,6133334B,2026-08-11 21:22:00.000Z,-72,60.955283,-138.029103
radio434mhz,6133334B,2026-08-11 21:22:02.000Z,-48,60.955286,-138.029091
radio434mhz,6133334B,2026-08-11 21:22:04.000Z,-49,60.955297,-138.029066
radio434mhz,6133334B,2026-08-11 21:22:07.000Z,-54,60.955323,-138.029037
radio434mhz,6133334B,2026-08-11 21:22:09.000Z,-52,60.955357,-138.028979
radio434mhz,6133334B,2026-08-11 21:22:11.000Z,-49,60.955400,-138.028907
radio434mhz,6133334B,2026-08-11 21:22:14.000Z,-53,60.955400,-138.028907
radio434mhz,6133334B,2026-08-11 21:22:16.000Z,-64,60.955424,-138.028939
radio434mhz,6133334B,2026-08-11 21:22:18.000Z,-51,60.955458,-138.028941
radio434mhz,6133334B,2026-08-11 21:22:20.000Z,-59,60.955479,-138.028896
radio434mhz,6133334B,2026-08-11 21:22:23.000Z,-62,60.955498,-138.028826
radio434mhz,6133334B,2026-08-11 21:22:25.000Z,-55,60.955515,-138.028788
bluetooth,D2A3B933,2026-08-11 21:22:27.000Z,-45,60.955536,-138.028792,22372,2,0,1571,21.55
radio434mhz,6133334B,2026-08-11 21:22:27.000Z,-67,60.955536,-138.028792
radio434mhz,6133334B,2026-08-11 21:22:30.000Z,-62,60.955554,-138.028822
radio434mhz,6133334B,2026-08-11 21:22:32.000Z,-84,60.955576,-138.028850
radio434mhz,6133334B,2026-08-11 21:22:34.000Z,-60,60.955599,-138.028837
radio434mhz,6133334B,2026-08-11 21:22:37.000Z,-68,60.955614,-138.028751
bluetooth,D2A3B933,2026-08-11 21:22:37.000Z,-47,60.955614,-138.028751,9002,2,0,1571,21.12
radio434mhz,6133334B,2026-08-11 21:22:39.000Z,-50,60.955635,-138.028719
radio434mhz,6133334B,2026-08-11 21:22:41.000Z,-52,60.955645,-138.028611
radio434mhz,6133334B,2026-08-11 21:22:44.000Z,-53,60.955668,-138.028584
radio434mhz,6133334B,2026-08-11 21:22:46.000Z,-48,60.955668,-138.028584
bluetooth,D2A3B933,2026-08-11 21:22:47.000Z,-63,60.955668,-138.028584,3264,2,0,1571,20.85
radio434mhz,6133334B,2026-08-11 21:22:48.000Z,-54,60.955687,-138.028583
radio434mhz,6133334B,2026-08-11 21:22:51.000Z,-53,60.955680,-138.028557
radio434mhz,6133334B,2026-08-11 21:22:53.000Z,-59,60.955681,-138.028555
radio434mhz,6133334B,2026-08-11 21:22:55.000Z,-54,60.955681,-138.028555
bluetooth,D2A3B933,2026-08-11 21:22:57.000Z,-33,60.955702,-138.028546,18133,2,0,1571,21.10
radio434mhz,6133334B,2026-08-11 21:22:58.000Z,-63,60.955702,-138.028546
radio434mhz,6133334B,2026-08-11 21:23:00.000Z,-62,60.955739,-138.028508
radio434mhz,6133334B,2026-08-11 21:23:02.000Z,-50,60.955763,-138.028540
radio434mhz,6133334B,2026-08-11 21:23:05.000Z,-72,60.955786,-138.028568
radio434mhz,6133334B,2026-08-11 21:23:07.000Z,-56,60.955811,-138.028522
bluetooth,D2A3B933,2026-08-11 21:23:07.000Z,-43,60.955811,-138.028522,6937,2,0,1571,21.20
radio434mhz,6133334B,2026-08-11 21:23:09.000Z,-56,60.955833,-138.028555
radio434mhz,6133334B,2026-08-11 21:23:12.000Z,-47,60.955855,-138.028466
radio434mhz,6133334B,2026-08-11 21:23:14.000Z,-55,60.955877,-138.028424
radio434mhz,6133334B,2026-08-11 21:23:16.000Z,-51,60.955876,-138.028306
bluetooth,D2A3B933,2026-08-11 21:23:17.000Z,-31,60.955876,-138.028306,13590,2,0,1572,21.30
radio434mhz,6133334B,2026-08-11 21:23:19.000Z,-58,60.955900,-138.028273
radio434mhz,6133334B,2026-08-11 21:23:21.000Z,-50,60.955878,-138.028170
radio434mhz,6133334B,2026-08-11 21:23:23.000Z,-50,60.955878,-138.028170
radio434mhz,6133334B,2026-08-11 21:23:26.000Z,-53,60.955889,-138.028121
bluetooth,D2A3B933,2026-08-11 21:23:27.000Z,-39,60.955898,-138.028064,14368,2,0,1571,21.22
radio434mhz,6133334B,2026-08-11 21:23:28.000Z,-55,60.955898,-138.028064
radio434mhz,6133334B,2026-08-11 21:23:30.000Z,-71,60.955883,-138.028025
radio434mhz,6133334B,2026-08-11 21:23:33.000Z,-61,60.955889,-138.027948
radio434mhz,6133334B,2026-08-11 21:23:35.000Z,-59,60.955909,-138.027905
bluetooth,D2A3B933,2026-08-11 21:23:37.000Z,-55,60.955931,-138.027828,11310,2,0,1570,20.95
radio434mhz,6133334B,2026-08-11 21:23:37.000Z,-59,60.955931,-138.027828
radio434mhz,6133334B,2026-08-11 21:23:40.000Z,-56,60.955964,-138.027819
radio434mhz,6133334B,2026-08-11 21:23:42.000Z,-57,60.955983,-138.027873
radio434mhz,6133334B,2026-08-11 21:23:44.000Z,-59,60.956003,-138.027905
radio434mhz,6133334B,2026-08-11 21:23:47.000Z,-54,60.956029,-138.027939
bluetooth,D2A3B933,2026-08-11 21:23:47.000Z,-50,60.956029,-138.027939,52365,2,0,1571,21.02
radio434mhz,6133334B,2026-08-11 21:23:49.000Z,-66,60.956029,-138.027939
radio434mhz,6133334B,2026-08-11 21:23:51.000Z,-51,60.956029,-138.027939
radio434mhz,6133334B,2026-08-11 21:23:54.000Z,-50,60.956029,-138.027939
radio434mhz,6133334B,2026-08-11 21:23:56.000Z,-51,60.956029,-138.027939
bluetooth,D2A3B933,2026-08-11 21:23:57.000Z,-29,60.956029,-138.027939,20948,2,0,1570,21.30
radio434mhz,6133334B,2026-08-11 21:23:58.000Z,-51,60.956029,-138.027939
radio434mhz,6133334B,2026-08-11 21:24:01.000Z,-50,60.956029,-138.027939
radio434mhz,6133334B,2026-08-11 21:24:03.000Z,-51,60.956029,-138.027939
radio434mhz,6133334B,2026-08-11 21:24:05.000Z,-51,60.956029,-138.027939
bluetooth,D2A3B933,2026-08-11 21:24:07.000Z,-50,60.956029,-138.027939,40903,2,0,1572,21.00
radio434mhz,6133334B,2026-08-11 21:24:08.000Z,-63,60.956029,-138.027939
radio434mhz,6133334B,2026-08-11 21:24:10.000Z,-50,60.955998,-138.027914
radio434mhz,6133334B,2026-08-11 21:24:12.000Z,-50,60.955998,-138.027914
radio434mhz,6133334B,2026-08-11 21:24:15.000Z,-56,60.956053,-138.027937
radio434mhz,6133334B,2026-08-11 21:24:17.000Z,-60,60.956053,-138.027937
bluetooth,D2A3B933,2026-08-11 21:24:17.000Z,-38,60.956053,-138.027937,33938,2,0,1570,20.95
radio434mhz,6133334B,2026-08-11 21:24:19.000Z,-53,60.956053,-138.027928
radio434mhz,6133334B,2026-08-11 21:24:22.000Z,-72,60.956075,-138.027911
radio434mhz,6133334B,2026-08-11 21:24:24.000Z,-56,60.956090,-138.027879
radio434mhz,6133334B,2026-08-11 21:24:26.000Z,-60,60.956086,-138.027837
bluetooth,D2A3B933,2026-08-11 21:24:27.000Z,-53,60.956088,-138.027806,48431,2,0,1571,20.85
radio434mhz,6133334B,2026-08-11 21:24:28.000Z,-55,60.956088,-138.027806
radio434mhz,6133334B,2026-08-11 21:24:31.000Z,-66,60.956110,-138.027801
radio434mhz,6133334B,2026-08-11 21:24:33.000Z,-57,60.956138,-138.027784
radio434mhz,6133334B,2026-08-11 21:24:35.000Z,-50,60.956135,-138.027733
radio434mhz,6133334B,2026-08-11 21:24:38.000Z,-55,60.956120,-138.027704
radio434mhz,6133334B,2026-08-11 21:24:40.000Z,-48,60.956107,-138.027680
radio434mhz,6133334B,2026-08-11 21:24:42.000Z,-69,60.956116,-138.027627
radio434mhz,6133334B,2026-08-11 21:24:45.000Z,-58,60.956132,-138.027584
bluetooth,D2A3B933,2026-08-11 21:24:47.000Z,-39,60.956163,-138.027535,40529,2,0,1570,20.69
radio434mhz,6133334B,2026-08-11 21:24:47.000Z,-58,60.956163,-138.027535
radio434mhz,6133334B,2026-08-11 21:24:49.000Z,-53,60.956184,-138.027494
radio434mhz,6133334B,2026-08-11 21:24:52.000Z,-48,60.956184,-138.027494
radio434mhz,6133334B,2026-08-11 21:24:54.000Z,-55,60.956209,-138.027477
radio434mhz,6133334B,2026-08-11 21:24:56.000Z,-56,60.956244,-138.027474
bluetooth,D2A3B933,2026-08-11 21:24:57.000Z,-32,60.956264,-138.027469,25866,2,0,1571,20.57
radio434mhz,6133334B,2026-08-11 21:24:59.000Z,-64,60.956264,-138.027469
radio434mhz,6133334B,2026-08-11 21:25:01.000Z,-60,60.956291,-138.027500
radio434mhz,6133334B,2026-08-11 21:25:03.000Z,-61,60.956312,-138.027536
radio434mhz,6133334B,2026-08-11 21:25:06.000Z,-60,60.956331,-138.027549
bluetooth,D2A3B933,2026-08-11 21:25:07.000Z,-43,60.956331,-138.027549,51337,2,0,1571,20.42
radio434mhz,6133334B,2026-08-11 21:25:08.000Z,-53,60.956356,-138.027530
radio434mhz,6133334B,2026-08-11 21:25:10.000Z,-64,60.956386,-138.027571
radio434mhz,6133334B,2026-08-11 21:25:13.000Z,-54,60.956386,-138.027571
radio434mhz,6133334B,2026-08-11 21:25:15.000Z,-50,60.956414,-138.027560
bluetooth,D2A3B933,2026-08-11 21:25:17.000Z,-62,60.956440,-138.027644,31915,2,0,1571,20.11
radio434mhz,6133334B,2026-08-11 21:25:17.000Z,-56,60.956440,-138.027644
radio434mhz,6133334B,2026-08-11 21:25:20.000Z,-54,60.956448,-138.027701
radio434mhz,6133334B,2026-08-11 21:25:22.000Z,-62,60.956478,-138.027757
radio434mhz,6133334B,2026-08-11 21:25:24.000Z,-52,60.956497,-138.027742
radio434mhz,6133334B,2026-08-11 21:25:27.000Z,-63,60.956506,-138.027731
bluetooth,D2A3B933,2026-08-11 21:25:27.000Z,-31,60.956506,-138.027731,49964,2,0,1571,20.11
radio434mhz,6133334B,2026-08-11 21:25:29.000Z,-55,60.956528,-138.027731
radio434mhz,6133334B,2026-08-11 21:25:31.000Z,-63,60.956547,-138.027772
radio434mhz,6133334B,2026-08-11 21:25:34.000Z,-53,60.956569,-138.027782
radio434mhz,6133334B,2026-08-11 21:25:36.000Z,-58,60.956556,-138.027709
radio434mhz,6133334B,2026-08-11 21:25:38.000Z,-72,60.956556,-138.027709
radio434mhz,6133334B,2026-08-11 21:25:41.000Z,-59,60.956533,-138.027672
radio434mhz,6133334B,2026-08-11 21:25:43.000Z,-62,60.956515,-138.027695
radio434mhz,6133334B,2026-08-11 21:25:45.000Z,-59,60.956487,-138.027663
bluetooth,D2A3B933,2026-08-11 21:25:47.000Z,-36,60.956458,-138.027751,52668,2,0,1565,20.14
radio434mhz,6133334B,2026-08-11 21:25:48.000Z,-67,60.956458,-138.027751
radio434mhz,6133334B,2026-08-11 21:25:50.000Z,-65,60.956435,-138.027811
radio434mhz,6133334B,2026-08-11 21:25:52.000Z,-68,60.956421,-138.027820
radio434mhz,6133334B,2026-08-11 21:25:55.000Z,-49,60.956407,-138.027847
radio434mhz,6133334B,2026-08-11 21:25:57.000Z,-54,60.956413,-138.027911
bluetooth,D2A3B933,2026-08-11 21:25:57.000Z,-33,60.956413,-138.027911,60848,2,0,1567,20.06
radio434mhz,6133334B,2026-08-11 21:25:59.000Z,-50,60.956413,-138.027911
radio434mhz,6133334B,2026-08-11 21:26:02.000Z,-52,60.956388,-138.027952
radio434mhz,6133334B,2026-08-11 21:26:04.000Z,-73,60.956360,-138.027987
radio434mhz,6133334B,2026-08-11 21:26:06.000Z,-64,60.956327,-138.028004
bluetooth,D2A3B933,2026-08-11 21:26:07.000Z,-54,60.956305,-138.027976,18472,2,0,1567,20.01
radio434mhz,6133334B,2026-08-11 21:26:09.000Z,-64,60.956305,-138.027976
radio434mhz,6133334B,2026-08-11 21:26:11.000Z,-55,60.956275,-138.027981
radio434mhz,6133334B,2026-08-11 21:26:13.000Z,-67,60.956255,-138.028063
radio434mhz,6133334B,2026-08-11 21:26:16.000Z,-65,60.956228,-138.028098
bluetooth,D2A3B933,2026-08-11 21:26:17.000Z,-38,60.956212,-138.028159,30853,2,0,1566,19.66
radio434mhz,6133334B,2026-08-11 21:26:18.000Z,-61,60.956212,-138.028159
radio434mhz,6133334B,2026-08-11 21:26:20.000Z,-60,60.956201,-138.028191
radio434mhz,6133334B,2026-08-11 21:26:23.000Z,-50,60.956205,-138.028234
radio434mhz,6133334B,2026-08-11 21:26:25.000Z,-53,60.956201,-138.028270
bluetooth,D2A3B933,2026-08-11 21:26:27.000Z,-50,60.956201,-138.028270,6352,2,0,1568,19.78
radio434mhz,6133334B,2026-08-11 21:26:27.000Z,-56,60.956201,-138.028270
radio434mhz,6133334B,2026-08-11 21:26:30.000Z,-62,60.956178,-138.028313
radio434mhz,6133334B,2026-08-11 21:26:32.000Z,-50,60.956136,-138.028333
radio434mhz,6133334B,2026-08-11 21:26:34.000Z,-55,60.956102,-138.028337
radio434mhz,6133334B,2026-08-11 21:26:37.000Z,-64,60.956095,-138.028370
bluetooth,D2A3B933,2026-08-11 21:26:37.000Z,-43,60.956087,-138.028396,39998,2,0,1568,19.61
radio434mhz,6133334B,2026-08-11 21:26:39.000Z,-59,60.956087,-138.028396
radio434mhz,6133334B,2026-08-11 21:26:41.000Z,-61,60.956078,-138.028411
radio434mhz,6133334B,2026-08-11 21:26:44.000Z,-50,60.956051,-138.028436
radio434mhz,6133334B,2026-08-11 21:26:46.000Z,-64,60.956022,-138.028484
bluetooth,D2A3B933,2026-08-11 21:26:47.000Z,-51,60.956018,-138.028570,39880,2,0,1568,19.76
radio434mhz,6133334B,2026-08-11 21:26:48.000Z,-53,60.956018,-138.028570
radio434mhz,6133334B,2026-08-11 21:26:51.000Z,-54,60.955994,-138.028565
radio434mhz,6133334B,2026-08-11 21:26:53.000Z,-72,60.955980,-138.028594
radio434mhz,6133334B,2026-08-11 21:26:55.000Z,-51,60.955965,-138.028618
bluetooth,D2A3B933,2026-08-11 21:26:57.000Z,-49,60.955943,-138.028647,22611,2,0,1569,19.86
radio434mhz,6133334B,2026-08-11 21:26:58.000Z,-57,60.955943,-138.028647
radio434mhz,6133334B,2026-08-11 21:27:00.000Z,-58,60.955923,-138.028660
radio434mhz,6133334B,2026-08-11 21:27:02.000Z,-55,60.955923,-138.028660
radio434mhz,6133334B,2026-08-11 21:27:05.000Z,-53,60.955923,-138.028660
radio434mhz,6133334B,2026-08-11 21:27:07.000Z,-53,60.955923,-138.028660
bluetooth,D2A3B933,2026-08-11 21:27:07.000Z,-45,60.955923,-138.028660,62201,2,0,1569,19.66
radio434mhz,6133334B,2026-08-11 21:27:09.000Z,-54,60.955936,-138.028789
radio434mhz,6133334B,2026-08-11 21:27:12.000Z,-59,60.955931,-138.028776
radio434mhz,6133334B,2026-08-11 21:27:14.000Z,-59,60.955930,-138.028773
radio434mhz,6133334B,2026-08-11 21:27:16.000Z,-57,60.955929,-138.028770
bluetooth,D2A3B933,2026-08-11 21:27:17.000Z,-43,60.955929,-138.028770,41890,2,0,1569,19.89
radio434mhz,6133334B,2026-08-11 21:27:19.000Z,-57,60.955929,-138.028770
radio434mhz,6133334B,2026-08-11 21:27:21.000Z,-61,60.955923,-138.028783
radio434mhz,6133334B,2026-08-11 21:27:23.000Z,-59,60.955925,-138.028787
radio434mhz,6133334B,2026-08-11 21:27:26.000Z,-56,60.955917,-138.028816
bluetooth,D2A3B933,2026-08-11 21:27:27.000Z,-46,60.955917,-138.028816,2051,2,0,1569,20.19
radio434mhz,6133334B,2026-08-11 21:27:28.000Z,-52,60.955904,-138.028849
radio434mhz,6133334B,2026-08-11 21:27:30.000Z,-53,60.955859,-138.028871
radio434mhz,6133334B,2026-08-11 21:27:33.000Z,-61,60.955833,-138.028893
radio434mhz,6133334B,2026-08-11 21:27:35.000Z,-56,60.955791,-138.028942
radio434mhz,6133334B,2026-08-11 21:27:37.000Z,-55,60.955770,-138.028978
bluetooth,D2A3B933,2026-08-11 21:27:37.000Z,-34,60.955770,-138.028978,58595,2,0,1569,20.21
radio434mhz,6133334B,2026-08-11 21:27:40.000Z,-51,60.955735,-138.029028
radio434mhz,6133334B,2026-08-11 21:27:42.000Z,-59,60.955710,-138.029067
radio434mhz,6133334B,2026-08-11 21:27:44.000Z,-55,60.955687,-138.029083
radio434mhz,6133334B,2026-08-11 21:27:47.000Z,-60,60.955672,-138.029127
bluetooth,D2A3B933,2026-08-11 21:27:48.000Z,-56,60.955672,-138.029127,17455,2,0,1570,20.01
radio434mhz,6133334B,2026-08-11 21:27:49.000Z,-58,60.955672,-138.029127
radio434mhz,6133334B,2026-08-11 21:27:51.000Z,-52,60.955656,-138.029196
radio434mhz,6133334B,2026-08-11 21:27:54.000Z,-53,60.955632,-138.029250
radio434mhz,6133334B,2026-08-11 21:27:56.000Z,-59,60.955630,-138.029297
bluetooth,D2A3B933,2026-08-11 21:27:58.000Z,-29,60.955610,-138.029338,50371,2,0,1569,20.19
radio434mhz,6133334B,2026-08-11 21:27:58.000Z,-60,60.955610,-138.029338
radio434mhz,6133334B,2026-08-11 21:28:01.000Z,-56,60.955584,-138.029393
radio434mhz,6133334B,2026-08-11 21:28:03.000Z,-57,60.955583,-138.029454
radio434mhz,6133334B,2026-08-11 21:28:05.000Z,-59,60.955565,-138.029480
bluetooth,D2A3B933,2026-08-11 21:28:08.000Z,-52,60.955544,-138.029532,42426,2,0,1569,20.01
radio434mhz,6133334B,2026-08-11 21:28:08.000Z,-62,60.955544,-138.029532
radio434mhz,6133334B,2026-08-11 21:28:10.000Z,-60,60.955514,-138.029540
radio434mhz,6133334B,2026-08-11 21:28:12.000Z,-57,60.955485,-138.029536
radio434mhz,6133334B,2026-08-11 21:28:15.000Z,-64,60.955457,-138.029535
radio434mhz,6133334B,2026-08-11 21:28:17.000Z,-59,60.955427,-138.029545
bluetooth,D2A3B933,2026-08-11 21:28:18.000Z,-36,60.955427,-138.029545,44255,2,0,1569,20.14
radio434mhz,6133334B,2026-08-11 21:28:19.000Z,-59,60.955427,-138.029545
radio434mhz,6133334B,2026-08-11 21:28:22.000Z,-53,60.955390,-138.029649
radio434mhz,6133334B,2026-08-11 21:28:24.000Z,-54,60.955390,-138.029649
radio434mhz,6133334B,2026-08-11 21:28:26.000Z,-60,60.955371,-138.029680
bluetooth,D2A3B933,2026-08-11 21:28:28.000Z,-39,60.955352,-138.029747,27254,2,0,1569,20.21
radio434mhz,6133334B,2026-08-11 21:28:29.000Z,-61,60.955352,-138.029747
radio434mhz,6133334B,2026-08-11 21:28:31.000Z,-56,60.955332,-138.029757
radio434mhz,6133334B,2026-08-11 21:28:33.000Z,-53,60.955311,-138.029790
radio434mhz,6133334B,2026-08-11 21:28:36.000Z,-52,60.955281,-138.029794
bluetooth,D2A3B933,2026-08-11 21:28:38.000Z,-55,60.955252,-138.029814,5659,2,0,1571,20.11
radio434mhz,6133334B,2026-08-11 21:28:38.000Z,-57,60.955252,-138.029814
radio434mhz,6133334B,2026-08-11 21:28:40.000Z,-59,60.955233,-138.029877
radio434mhz,6133334B,2026-08-11 21:28:43.000Z,-62,60.955216,-138.029899
radio434mhz,6133334B,2026-08-11 21:28:45.000Z,-55,60.955199,-138.029904
radio434mhz,6133334B,2026-08-11 21:28:47.000Z,-65,60.955180,-138.029932
bluetooth,D2A3B933,2026-08-11 21:28:48.000Z,-42,60.955180,-138.029932,42613,2,0,1570,20.26
radio434mhz,6133334B,2026-08-11 21:28:50.000Z,-61,60.955177,-138.030014
radio434mhz,6133334B,2026-08-11 21:28:52.000Z,-61,60.955177,-138.030014
radio434mhz,6133334B,2026-08-11 21:28:54.000Z,-57,60.955173,-138.030083
radio434mhz,6133334B,2026-08-11 21:28:57.000Z,-65,60.955151,-138.030123
bluetooth,D2A3B933,2026-08-11 21:28:58.000Z,-48,60.955128,-138.030160,54266,2,0,1570,20.16
radio434mhz,6133334B,2026-08-11 21:28:59.000Z,-54,60.955128,-138.030160
radio434mhz,6133334B,2026-08-11 21:29:01.000Z,-55,60.955131,-138.030224
radio434mhz,6133334B,2026-08-11 21:29:04.000Z,-57,60.955110,-138.030270
radio434mhz,6133334B,2026-08-11 21:29:06.000Z,-61,60.955109,-138.030329
bluetooth,D2A3B933,2026-08-11 21:29:08.000Z,-42,60.955079,-138.030350,50331,2,0,1570,20.14
radio434mhz,6133334B,2026-08-11 21:29:08.000Z,-66,60.955079,-138.030350
radio434mhz,6133334B,2026-08-11 21:29:11.000Z,-51,60.955066,-138.030393
radio434mhz,6133334B,2026-08-11 21:29:13.000Z,-67,60.955038,-138.030390
radio434mhz,6133334B,2026-08-11 21:29:15.000Z,-55,60.955038,-138.030390
radio434mhz,6133334B,2026-08-11 21:29:18.000Z,-73,60.955021,-138.030391
bluetooth,D2A3B933,2026-08-11 21:29:18.000Z,-82,60.955021,-138.030391,60103,2,0,1571,20.52
radio434mhz,6133334B,2026-08-11 21:29:20.000Z,-63,60.954982,-138.030401
radio434mhz,6133334B,2026-08-11 21:29:22.000Z,-66,60.954969,-138.030460
radio434mhz,6133334B,2026-08-11 21:29:25.000Z,-56,60.954944,-138.030499
radio434mhz,6133334B,2026-08-11 21:29:27.000Z,-65,60.954920,-138.030542
bluetooth,D2A3B933,2026-08-11 21:29:28.000Z,-41,60.954920,-138.030542,23116,2,0,1571,20.34
radio434mhz,6133334B,2026-08-11 21:29:29.000Z,-54,60.954907,-138.030562
radio434mhz,6133334B,2026-08-11 21:29:32.000Z,-53,60.954879,-138.030574
radio434mhz,6133334B,2026-08-11 21:29:34.000Z,-60,60.954858,-138.030580
radio434mhz,6133334B,2026-08-11 21:29:36.000Z,-59,60.954823,-138.030576
bluetooth,D2A3B933,2026-08-11 21:29:38.000Z,-46,60.954823,-138.030576,38080,2,0,1570,20.54
radio434mhz,6133334B,2026-08-11 21:29:39.000Z,-60,60.954807,-138.030621
radio434mhz,6133334B,2026-08-11 21:29:41.000Z,-54,60.954796,-138.030687
radio434mhz,6133334B,2026-08-11 21:29:43.000Z,-62,60.954787,-138.030710
radio434mhz,6133334B,2026-08-11 21:29:46.000Z,-57,60.954761,-138.030723
bluetooth,D2A3B933,2026-08-11 21:29:48.000Z,-55,60.954761,-138.030723,18057,2,0,1571,20.42
radio434mhz,6133334B,2026-08-11 21:29:48.000Z,-57,60.954731,-138.030752
radio434mhz,6133334B,2026-08-11 21:29:50.000Z,-57,60.954731,-138.030752
radio434mhz,6133334B,2026-08-11 21:29:53.000Z,-68,60.954732,-138.030792
radio434mhz,6133334B,2026-08-11 21:29:55.000Z,-54,60.954712,-138.030787
radio434mhz,6133334B,2026-08-11 21:29:57.000Z,-56,60.954699,-138.030816
bluetooth,D2A3B933,2026-08-11 21:29:58.000Z,-44,60.954699,-138.030816,17267,2,0,1570,20.19
radio434mhz,6133334B,2026-08-11 21:30:00.000Z,-48,60.954690,-138.030858
radio434mhz,6133334B,2026-08-11 21:30:02.000Z,-56,60.954691,-138.030902
radio434mhz,6133334B,2026-08-11 21:30:04.000Z,-55,60.954676,-138.030956
radio434mhz,6133334B,2026-08-11 21:30:07.000Z,-73,60.954658,-138.030997
bluetooth,D2A3B933,2026-08-11 21:30:08.000Z,-46,60.954631,-138.031051,4947,2,0,1571,20.31
radio434mhz,6133334B,2026-08-11 21:30:09.000Z,-51,60.954631,-138.031051
radio434mhz,6133334B,2026-08-11 21:30:11.000Z,-66,60.954628,-138.031085
radio434mhz,6133334B,2026-08-11 21:30:14.000Z,-54,60.954611,-138.031108
radio434mhz,6133334B,2026-08-11 21:30:16.000Z,-51,60.954598,-138.031143
bluetooth,D2A3B933,2026-08-11 21:30:18.000Z,-44,60.954598,-138.031143,44185,2,0,1571,20.16
radio434mhz,6133334B,2026-08-11 21:30:18.000Z,-53,60.954598,-138.031143
radio434mhz,6133334B,2026-08-11 21:30:21.000Z,-55,60.954577,-138.031148
radio434mhz,6133334B,2026-08-11 21:30:23.000Z,-56,60.954574,-138.031162
radio434mhz,6133334B,2026-08-11 21:30:25.000Z,-50,60.954578,-138.031169
radio434mhz,6133334B,2026-08-11 21:30:28.000Z,-58,60.954578,-138.031169
bluetooth,D2A3B933,2026-08-11 21:30:28.000Z,-50,60.954578,-138.031169,25910,2,0,1570,20.09
radio434mhz,6133334B,2026-08-11 21:30:30.000Z,-64,60.954576,-138.031174
radio434mhz,6133334B,2026-08-11 21:30:32.000Z,-63,60.954583,-138.031197
radio434mhz,6133334B,2026-08-11 21:30:35.000Z,-61,60.954603,-138.031251
radio434mhz,6133334B,2026-08-11 21:30:37.000Z,-51,60.954617,-138.031268
bluetooth,D2A3B933,2026-08-11 21:30:38.000Z,-49,60.954633,-138.031251,60744,2,0,1571,20.34
radio434mhz,6133334B,2026-08-11 21:30:39.000Z,-55,60.954633,-138.031251
radio434mhz,6133334B,2026-08-11 21:30:42.000Z,-54,60.954643,-138.031296
radio434mhz,6133334B,2026-08-11 21:30:44.000Z,-59,60.954664,-138.031319
radio434mhz,6133334B,2026-08-11 21:30:46.000Z,-63,60.954703,-138.031221
bluetooth,D2A3B933,2026-08-11 21:30:48.000Z,-38,60.954727,-138.031181,64899,2,0,1570,20.39
radio434mhz,6133334B,2026-08-11 21:30:49.000Z,-51,60.954727,-138.031181
radio434mhz,6133334B,2026-08-11 21:30:51.000Z,-51,60.954755,-138.031146
radio434mhz,6133334B,2026-08-11 21:30:53.000Z,-61,60.954774,-138.031103
radio434mhz,6133334B,2026-08-11 21:30:56.000Z,-61,60.954794,-138.031028
radio434mhz,6133334B,2026-08-11 21:30:58.000Z,-54,60.954816,-138.031002
bluetooth,D2A3B933,2026-08-11 21:30:58.000Z,-41,60.954816,-138.031002,7237,2,0,1572,20.21
radio434mhz,6133334B,2026-08-11 21:31:00.000Z,-59,60.954829,-138.030942
radio434mhz,6133334B,2026-08-11 21:31:03.000Z,-55,60.954852,-138.030882
radio434mhz,6133334B,2026-08-11 21:31:05.000Z,-59,60.954838,-138.030824
radio434mhz,6133334B,2026-08-11 21:31:07.000Z,-60,60.954837,-138.030758
bluetooth,D2A3B933,2026-08-11 21:31:08.000Z,-45,60.954837,-138.030758,54185,2,0,1569,20.37
radio434mhz,6133334B,2026-08-11 21:31:10.000Z,-60,60.954837,-138.030758
radio434mhz,6133334B,2026-08-11 21:31:12.000Z,-58,60.954857,-138.030692
radio434mhz,6133334B,2026-08-11 21:31:14.000Z,-64,60.954867,-138.030641
radio434mhz,6133334B,2026-08-11 21:31:17.000Z,-68,60.954886,-138.030605
bluetooth,D2A3B933,2026-08-11 21:31:18.000Z,-52,60.954902,-138.030555,62056,2,0,1571,20.34
radio434mhz,6133334B,2026-08-11 21:31:19.000Z,-69,60.954902,-138.030555
radio434mhz,6133334B,2026-08-11 21:31:21.000Z,-60,60.954937,-138.030576
radio434mhz,6133334B,2026-08-11 21:31:24.000Z,-70,60.954968,-138.030549
radio434mhz,6133334B,2026-08-11 21:31:26.000Z,-54,60.955004,-138.030556
bluetooth,D2A3B933,2026-08-11 21:31:28.000Z,-46,60.955036,-138.030577,32779,2,0,1571,20.42
radio434mhz,6133334B,2026-08-11 21:31:28.000Z,-58,60.955036,-138.030577
radio434mhz,6133334B,2026-08-11 21:31:31.000Z,-61,60.955063,-138.030587
radio434mhz,6133334B,2026-08-11 21:31:33.000Z,-54,60.955096,-138.030608
radio434mhz,6133334B,2026-08-11 21:31:35.000Z,-54,60.955112,-138.030584
radio434mhz,6133334B,2026-08-11 21:31:38.000Z,-50,60.955128,-138.030541
bluetooth,D2A3B933,2026-08-11 21:31:38.000Z,-56,60.955128,-138.030541,34561,2,0,1569,20.26
radio434mhz,6133334B,2026-08-11 21:31:40.000Z,-61,60.955136,-138.030520
radio434mhz,6133334B,2026-08-11 21:31:42.000Z,-57,60.955162,-138.030513
radio434mhz,6133334B,2026-08-11 21:31:45.000Z,-62,60.955189,-138.030518
radio434mhz,6133334B,2026-08-11 21:31:47.000Z,-57,60.955219,-138.030503
bluetooth,D2A3B933,2026-08-11 21:31:48.000Z,-47,60.955219,-138.030503,34324,2,0,1570,20.59
radio434mhz,6133334B,2026-08-11 21:31:49.000Z,-55,60.955219,-138.030503
radio434mhz,6133334B,2026-08-11 21:31:52.000Z,-57,60.955251,-138.030515
radio434mhz,6133334B,2026-08-11 21:31:54.000Z,-55,60.955262,-138.030461
radio434mhz,6133334B,2026-08-11 21:31:56.000Z,-60,60.955272,-138.030418
bluetooth,D2A3B933,2026-08-11 21:31:58.000Z,-50,60.955285,-138.030378,43030,2,0,1571,20.49
radio434mhz,6133334B,2026-08-11 21:31:59.000Z,-56,60.955285,-138.030378
radio434mhz,6133334B,2026-08-11 21:32:01.000Z,-57,60.955300,-138.030345
radio434mhz,6133334B,2026-08-11 21:32:03.000Z,-56,60.955303,-138.030290
radio434mhz,6133334B,2026-08-11 21:32:06.000Z,-60,60.955311,-138.030256
radio434mhz,6133334B,2026-08-11 21:32:08.000Z,-51,60.955312,-138.030193
radio434mhz,6133334B,2026-08-11 21:32:10.000Z,-61,60.955323,-138.030147
radio434mhz,6133334B,2026-08-11 21:32:13.000Z,-51,60.955323,-138.030147
radio434mhz,6133334B,2026-08-11 21:32:15.000Z,-53,60.955332,-138.030090
radio434mhz,6133334B,2026-08-11 21:32:17.000Z,-55,60.955349,-138.030068
bluetooth,D2A3B933,2026-08-11 21:32:19.000Z,-46,60.955361,-138.030055,38462,2,0,1570,20.67
radio434mhz,6133334B,2026-08-11 21:32:20.000Z,-62,60.955361,-138.030055
radio434mhz,6133334B,2026-08-11 21:32:22.000Z,-61,60.955373,-138.030012
radio434mhz,6133334B,2026-08-11 21:32:25.000Z,-56,60.955368,-138.029960
radio434mhz,6133334B,2026-08-11 21:32:27.000Z,-65,60.955347,-138.029918
bluetooth,D2A3B933,2026-08-11 21:32:29.000Z,-50,60.955332,-138.029872,50639,2,0,1570,20.74
radio434mhz,6133334B,2026-08-11 21:32:29.000Z,-59,60.955332,-138.029872
radio434mhz,6133334B,2026-08-11 21:32:31.000Z,-63,60.955314,-138.029837
radio434mhz,6133334B,2026-08-11 21:32:34.000Z,-67,60.955327,-138.029798
radio434mhz,6133334B,2026-08-11 21:32:36.000Z,-54,60.955342,-138.029742
radio434mhz,6133334B,2026-08-11 21:32:38.000Z,-56,60.955362,-138.029699
bluetooth,D2A3B933,2026-08-11 21:32:39.000Z,-43,60.955362,-138.029699,3173,2,0,1571,20.47
radio434mhz,6133334B,2026-08-11 21:32:41.000Z,-70,60.955362,-138.029699
radio434mhz,6133334B,2026-08-11 21:32:43.000Z,-51,60.955379,-138.029640
radio434mhz,6133334B,2026-08-11 21:32:46.000Z,-56,60.955376,-138.029573
radio434mhz,6133334B,2026-08-11 21:32:48.000Z,-60,60.955367,-138.029522
bluetooth,D2A3B933,2026-08-11 21:32:49.000Z,-50,60.955345,-138.029480,18644,2,0,1571,20.59
radio434mhz,6133334B,2026-08-11 21:32:50.000Z,-59,60.955345,-138.029480
radio434mhz,6133334B,2026-08-11 21:32:52.000Z,-53,60.955510,-138.029597
radio434mhz,6133334B,2026-08-11 21:32:55.000Z,-66,60.955548,-138.029527
radio434mhz,6133334B,2026-08-11 21:32:57.000Z,-70,60.955548,-138.029478
bluetooth,D2A3B933,2026-08-11 21:32:59.000Z,-52,60.955565,-138.029444,46944,2,0,1571,20.64
radio434mhz,6133334B,2026-08-11 21:33:00.000Z,-56,60.955565,-138.029444
radio434mhz,6133334B,2026-08-11 21:33:02.000Z,-74,60.955588,-138.029430
radio434mhz,6133334B,2026-08-11 21:33:04.000Z,-53,60.955613,-138.029420
radio434mhz,6133334B,2026-08-11 21:33:07.000Z,-52,60.955642,-138.029393
bluetooth,D2A3B933,2026-08-11 21:33:09.000Z,-41,60.955642,-138.029393,11725,2,0,1571,20.57
radio434mhz,6133334B,2026-08-11 21:33:09.000Z,-49,60.955642,-138.029393
radio434mhz,6133334B,2026-08-11 21:33:11.000Z,-63,60.955666,-138.029360
radio434mhz,6133334B,2026-08-11 21:33:14.000Z,-61,60.955702,-138.029357
radio434mhz,6133334B,2026-08-11 21:33:16.000Z,-60,60.955725,-138.029371
radio434mhz,6133334B,2026-08-11 21:33:18.000Z,-65,60.955744,-138.029325
bluetooth,D2A3B933,2026-08-11 21:33:19.000Z,-38,60.955744,-138.029325,58928,2,0,1571,20.39
radio434mhz,6133334B,2026-08-11 21:33:21.000Z,-60,60.955767,-138.029335
radio434mhz,6133334B,2026-08-11 21:33:23.000Z,-61,60.955791,-138.029299
radio434mhz,6133334B,2026-08-11 21:33:25.000Z,-69,60.955804,-138.029279
radio434mhz,6133334B,2026-08-11 21:33:28.000Z,-65,60.955814,-138.029228
bluetooth,D2A3B933,2026-08-11 21:33:29.000Z,-25,60.955814,-138.029228,37398,2,0,1570,20.54
radio434mhz,6133334B,2026-08-11 21:33:30.000Z,-62,60.955818,-138.029185
radio434mhz,6133334B,2026-08-11 21:33:32.000Z,-55,60.955834,-138.029150
radio434mhz,6133334B,2026-08-11 21:33:35.000Z,-58,60.955834,-138.029150
radio434mhz,6133334B,2026-08-11 21:33:37.000Z,-49,60.955855,-138.029106
bluetooth,D2A3B933,2026-08-11 21:33:39.000Z,-38,60.955882,-138.029081,51438,2,0,1570,20.92
radio434mhz,6133334B,2026-08-11 21:33:39.000Z,-61,60.955882,-138.029081
radio434mhz,6133334B,2026-08-11 21:33:42.000Z,-54,60.955906,-138.029072
radio434mhz,6133334B,2026-08-11 21:33:44.000Z,-49,60.955936,-138.029063
radio434mhz,6133334B,2026-08-11 21:33:46.000Z,-54,60.955936,-138.029063
radio434mhz,6133334B,2026-08-11 21:33:49.000Z,-65,60.955926,-138.029020
bluetooth,D2A3B933,2026-08-11 21:33:49.000Z,-30,60.955934,-138.029017,25145,2,0,1570,20.77
radio434mhz,6133334B,2026-08-11 21:33:51.000Z,-57,60.955934,-138.029017
radio434mhz,6133334B,2026-08-11 21:33:53.000Z,-68,60.955936,-138.029011
radio434mhz,6133334B,2026-08-11 21:33:56.000Z,-57,60.955954,-138.028955
radio434mhz,6133334B,2026-08-11 21:33:58.000Z,-59,60.955966,-138.028898
bluetooth,D2A3B933,2026-08-11 21:33:59.000Z,-45,60.955966,-138.028898,53972,2,0,1570,20.87
radio434mhz,6133334B,2026-08-11 21:34:00.000Z,-69,60.955998,-138.028883
radio434mhz,6133334B,2026-08-11 21:34:03.000Z,-56,60.955998,-138.028883
radio434mhz,6133334B,2026-08-11 21:34:05.000Z,-54,60.956021,-138.028873
radio434mhz,6133334B,2026-08-11 21:34:07.000Z,-63,60.956046,-138.028824
bluetooth,D2A3B933,2026-08-11 21:34:09.000Z,-50,60.956056,-138.028786,51910,2,0,1571,20.72
radio434mhz,6133334B,2026-08-11 21:34:10.000Z,-54,60.956056,-138.028786
radio434mhz,6133334B,2026-08-11 21:34:12.000Z,-54,60.956074,-138.028739
radio434mhz,6133334B,2026-08-11 21:34:14.000Z,-57,60.956095,-138.028729
radio434mhz,6133334B,2026-08-11 21:34:17.000Z,-69,60.956123,-138.028719
radio434mhz,6133334B,2026-08-11 21:34:19.000Z,-59,60.956149,-138.028691
bluetooth,D2A3B933,2026-08-11 21:34:19.000Z,-42,60.956149,-138.028691,22379,2,0,1572,20.77
radio434mhz,6133334B,2026-08-11 21:34:21.000Z,-69,60.956172,-138.028665
radio434mhz,6133334B,2026-08-11 21:34:24.000Z,-61,60.956200,-138.028639
radio434mhz,6133334B,2026-08-11 21:34:26.000Z,-60,60.956205,-138.028596
radio434mhz,6133334B,2026-08-11 21:34:28.000Z,-56,60.956205,-138.028572
bluetooth,D2A3B933,2026-08-11 21:34:29.000Z,-35,60.956205,-138.028572,20155,2,0,1571,20.80
radio434mhz,6133334B,2026-08-11 21:34:31.000Z,-63,60.956205,-138.028572
radio434mhz,6133334B,2026-08-11 21:34:33.000Z,-53,60.956198,-138.028583
radio434mhz,6133334B,2026-08-11 21:34:35.000Z,-62,60.956188,-138.028571
radio434mhz,6133334B,2026-08-11 21:34:38.000Z,-54,60.956186,-138.028523
bluetooth,D2A3B933,2026-08-11 21:34:39.000Z,-40,60.956161,-138.028505,15677,2,0,1570,20.90
radio434mhz,6133334B,2026-08-11 21:34:40.000Z,-66,60.956161,-138.028505
radio434mhz,6133334B,2026-08-11 21:34:42.000Z,-60,60.956135,-138.028484
radio434mhz,6133334B,2026-08-11 21:34:45.000Z,-63,60.956112,-138.028451
radio434mhz,6133334B,2026-08-11 21:34:47.000Z,-59,60.956084,-138.028433
bluetooth,D2A3B933,2026-08-11 21:34:49.000Z,-47,60.956063,-138.028410,35855,2,0,1572,21.30
radio434mhz,6133334B,2026-08-11 21:34:49.000Z,-63,60.956063,-138.028410
radio434mhz,6133334B,2026-08-11 21:34:52.000Z,-56,60.956038,-138.028380
radio434mhz,6133334B,2026-08-11 21:34:54.000Z,-66,60.956040,-138.028324
radio434mhz,6133334B,2026-08-11 21:34:56.000Z,-51,60.956040,-138.028324
radio434mhz,6133334B,2026-08-11 21:34:59.000Z,-59,60.956044,-138.028267
bluetooth,D2A3B933,2026-08-11 21:34:59.000Z,-52,60.956035,-138.028234,21286,2,0,1572,21.12
radio434mhz,6133334B,2026-08-11 21:35:01.000Z,-60,60.956035,-138.028234
radio434mhz,6133334B,2026-08-11 21:35:03.000Z,-58,60.956038,-138.028193
radio434mhz,6133334B,2026-08-11 21:35:06.000Z,-54,60.956053,-138.028156
radio434mhz,6133334B,2026-08-11 21:35:08.000Z,-54,60.956052,-138.028112
bluetooth,D2A3B933,2026-08-11 21:35:09.000Z,-39,60.956052,-138.028112,56478,2,0,1571,21.17
radio434mhz,6133334B,2026-08-11 21:35:10.000Z,-67,60.956075,-138.028088
radio434mhz,6133334B,2026-08-11 21:35:13.000Z,-56,60.956069,-138.028036
radio434mhz,6133334B,2026-08-11 21:35:15.000Z,-59,60.956115,-138.028022
radio434mhz,6133334B,2026-08-11 21:35:17.000Z,-54,60.956115,-138.028022
bluetooth,D2A3B933,2026-08-11 21:35:19.000Z,-52,60.956150,-138.028034,62954,2,0,1570,20.92
radio434mhz,6133334B,2026-08-11 21:35:20.000Z,-63,60.956150,-138.028034
radio434mhz,6133334B,2026-08-11 21:35:22.000Z,-57,60.956179,-138.028059
radio434mhz,6133334B,2026-08-11 21:35:24.000Z,-52,60.956182,-138.028085
radio434mhz,6133334B,2026-08-11 21:35:27.000Z,-54,60.956201,-138.028112
radio434mhz,6133334B,2026-08-11 21:35:29.000Z,-49,60.956201,-138.028112
bluetooth,D2A3B933,2026-08-11 21:35:30.000Z,-49,60.956201,-138.028112,5545,2,0,1571,21.10
radio434mhz,6133334B,2026-08-11 21:35:31.000Z,-55,60.956210,-138.028083
radio434mhz,6133334B,2026-08-11 21:35:34.000Z,-60,60.956214,-138.028040
radio434mhz,6133334B,2026-08-11 21:35:36.000Z,-53,60.956224,-138.028027
radio434mhz,6133334B,2026-08-11 21:35:38.000Z,-62,60.956215,-138.027978
bluetooth,D2A3B933,2026-08-11 21:35:40.000Z,-47,60.956215,-138.027978,22169,2,0,1571,20.95
radio434mhz,6133334B,2026-08-11 21:35:41.000Z,-53,60.956214,-138.027945
radio434mhz,6133334B,2026-08-11 21:35:43.000Z,-63,60.956199,-138.027903
radio434mhz,6133334B,2026-08-11 21:35:45.000Z,-56,60.956226,-138.027846
radio434mhz,6133334B,2026-08-11 21:35:48.000Z,-75,60.956231,-138.027780
bluetooth,D2A3B933,2026-08-11 21:35:50.000Z,-42,60.956231,-138.027780,47289,2,0,1572,20.97
radio434mhz,6133334B,2026-08-11 21:35:50.000Z,-55,60.956231,-138.027780
radio434mhz,6133334B,2026-08-11 21:35:52.000Z,-56,60.956212,-138.027758
radio434mhz,6133334B,2026-08-11 21:35:55.000Z,-55,60.956206,-138.027708
radio434mhz,6133334B,2026-08-11 21:35:57.000Z,-55,60.956188,-138.027692
radio434mhz,6133334B,2026-08-11 21:35:59.000Z,-56,60.956167,-138.027653
bluetooth,D2A3B933,2026-08-11 21:36:00.000Z,-56,60.956167,-138.027653,30282,2,0,1571,20.87
radio434mhz,6133334B,2026-08-11 21:36:02.000Z,-53,60.956148,-138.027619
radio434mhz,6133334B,2026-08-11 21:36:04.000Z,-59,60.956157,-138.027591
radio434mhz,6133334B,2026-08-11 21:36:07.000Z,-54,60.956163,-138.027556
radio434mhz,6133334B,2026-08-11 21:36:09.000Z,-55,60.956186,-138.027526
bluetooth,D2A3B933,2026-08-11 21:36:10.000Z,-42,60.956186,-138.027526,59286,2,0,1570,21.17
radio434mhz,6133334B,2026-08-11 21:36:11.000Z,-55,60.956193,-138.027482
radio434mhz,6133334B,2026-08-11 21:36:14.000Z,-58,60.956220,-138.027465
radio434mhz,2A33877F,2026-08-11 21:36:15.000Z,-114,60.956246,-138.027517
radio434mhz,6133334B,2026-08-11 21:36:16.000Z,-55,60.956246,-138.027517
radio434mhz,6133334B,2026-08-11 21:36:18.000Z,-74,60.956272,-138.027522
bluetooth,D2A3B933,2026-08-11 21:36:20.000Z,-37,60.956272,-138.027522,51956,2,0,1571,21.50
radio434mhz,6133334B,2026-08-11 21:36:21.000Z,-60,60.956293,-138.027582
radio434mhz,6133334B,2026-08-11 21:36:23.000Z,-63,60.956300,-138.027618
radio434mhz,6133334B,2026-08-11 21:36:25.000Z,-66,60.956328,-138.027661
radio434mhz,6133334B,2026-08-11 21:36:28.000Z,-51,60.956328,-138.027661
bluetooth,D2A3B933,2026-08-11 21:36:30.000Z,-33,60.956357,-138.027658,43670,2,0,1572,21.25
radio434mhz,6133334B,2026-08-11 21:36:30.000Z,-60,60.956357,-138.027658
radio434mhz,6133334B,2026-08-11 21:36:32.000Z,-55,60.956376,-138.027722
radio434mhz,6133334B,2026-08-11 21:36:35.000Z,-56,60.956388,-138.027766
radio434mhz,6133334B,2026-08-11 21:36:37.000Z,-51,60.956419,-138.027806
radio434mhz,6133334B,2026-08-11 21:36:39.000Z,-53,60.956451,-138.027809
bluetooth,D2A3B933,2026-08-11 21:36:40.000Z,-31,60.956451,-138.027809,24599,2,0,1572,21.58
radio434mhz,6133334B,2026-08-11 21:36:42.000Z,-55,60.956482,-138.027783
radio434mhz,6133334B,2026-08-11 21:36:44.000Z,-58,60.956506,-138.027777
radio434mhz,6133334B,2026-08-11 21:36:46.000Z,-61,60.956531,-138.027796
radio434mhz,6133334B,2026-08-11 21:36:49.000Z,-53,60.956557,-138.027770
bluetooth,D2A3B933,2026-08-11 21:36:50.000Z,-43,60.956557,-138.027770,45080,2,0,1571,21.35
radio434mhz,6133334B,2026-08-11 21:36:51.000Z,-60,60.956578,-138.027777
radio434mhz,6133334B,2026-08-11 21:36:53.000Z,-62,60.956596,-138.027793
radio434mhz,6133334B,2026-08-11 21:36:56.000Z,-54,60.956596,-138.027793
radio434mhz,6133334B,2026-08-11 21:36:58.000Z,-57,60.956615,-138.027812
bluetooth,D2A3B933,2026-08-11 21:37:00.000Z,-50,60.956640,-138.027832,17336,2,0,1573,20.87
radio434mhz,6133334B,2026-08-11 21:37:00.000Z,-55,60.956640,-138.027832
radio434mhz,6133334B,2026-08-11 21:37:03.000Z,-54,60.956657,-138.027864
radio434mhz,6133334B,2026-08-11 21:37:05.000Z,-53,60.956688,-138.027887
radio434mhz,6133334B,2026-08-11 21:37:07.000Z,-72,60.956713,-138.027921
radio434mhz,6133334B,2026-08-11 21:37:10.000Z,-62,60.956720,-138.027963
bluetooth,D2A3B933,2026-08-11 21:37:10.000Z,-31,60.956720,-138.027963,11358,2,0,1572,21.22
radio434mhz,6133334B,2026-08-11 21:37:12.000Z,-55,60.956721,-138.028023
radio434mhz,6133334B,2026-08-11 21:37:14.000Z,-57,60.956717,-138.028082
radio434mhz,6133334B,2026-08-11 21:37:17.000Z,-65,60.956691,-138.028099
radio434mhz,6133334B,2026-08-11 21:37:19.000Z,-50,60.956673,-138.028112
bluetooth,D2A3B933,2026-08-11 21:37:20.000Z,-48,60.956673,-138.028112,1445,2,0,1571,21.22
radio434mhz,6133334B,2026-08-11 21:37:21.000Z,-71,60.956666,-138.028164
radio434mhz,6133334B,2026-08-11 21:37:24.000Z,-64,60.956666,-138.028164
radio434mhz,6133334B,2026-08-11 21:37:26.000Z,-57,60.956653,-138.028201
radio434mhz,6133334B,2026-08-11 21:37:28.000Z,-62,60.956625,-138.028235
bluetooth,D2A3B933,2026-08-11 21:37:30.000Z,-58,60.956599,-138.028259,30934,2,0,1571,20.85
radio434mhz,6133334B,2026-08-11 21:37:31.000Z,-56,60.956599,-138.028259
radio434mhz,6133334B,2026-08-11 21:37:33.000Z,-54,60.956580,-138.028308
radio434mhz,6133334B,2026-08-11 21:37:35.000Z,-50,60.956573,-138.028340
radio434mhz,6133334B,2026-08-11 21:37:38.000Z,-58,60.956558,-138.028366
radio434mhz,6133334B,2026-08-11 21:37:40.000Z,-51,60.956549,-138.028367
bluetooth,D2A3B933,2026-08-11 21:37:40.000Z,-38,60.956549,-138.028367,51124,2,0,1571,20.87
radio434mhz,6133334B,2026-08-11 21:37:42.000Z,-61,60.956543,-138.028334
radio434mhz,6133334B,2026-08-11 21:37:45.000Z,-70,60.956528,-138.028305
radio434mhz,6133334B,2026-08-11 21:37:47.000Z,-57,60.956512,-138.028271
radio434mhz,6133334B,2026-08-11 21:37:49.000Z,-50,60.956480,-138.028282
bluetooth,D2A3B933,2026-08-11 21:37:50.000Z,-45,60.956480,-138.028282,2168,2,0,1570,20.74
radio434mhz,6133334B,2026-08-11 21:37:52.000Z,-59,60.956462,-138.028256
radio434mhz,6133334B,2026-08-11 21:37:54.000Z,-55,60.956462,-138.028256
radio434mhz,6133334B,2026-08-11 21:37:56.000Z,-49,60.956431,-138.028286
radio434mhz,6133334B,2026-08-11 21:37:59.000Z,-63,60.956416,-138.028309
bluetooth,D2A3B933,2026-08-11 21:38:00.000Z,-47,60.956413,-138.028331,16701,2,0,1571,20.69
radio434mhz,6133334B,2026-08-11 21:38:01.000Z,-56,60.956413,-138.028331
radio434mhz,6133334B,2026-08-11 21:38:03.000Z,-72,60.956408,-138.028352
radio434mhz,6133334B,2026-08-11 21:38:06.000Z,-61,60.956387,-138.028412
radio434mhz,6133334B,2026-08-11 21:38:08.000Z,-55,60.956363,-138.028425
radio434mhz,6133334B,2026-08-11 21:38:10.000Z,-61,60.956370,-138.028486
bluetooth,D2A3B933,2026-08-11 21:38:10.000Z,-45,60.956370,-138.028486,56874,2,0,1570,20.82
radio434mhz,6133334B,2026-08-11 21:38:13.000Z,-58,60.956384,-138.028522
radio434mhz,6133334B,2026-08-11 21:38:15.000Z,-58,60.956384,-138.028522
radio434mhz,6133334B,2026-08-11 21:38:17.000Z,-59,60.956354,-138.028551
radio434mhz,6133334B,2026-08-11 21:38:20.000Z,-52,60.956327,-138.028539
bluetooth,D2A3B933,2026-08-11 21:38:20.000Z,-46,60.956327,-138.028539,35530,2,0,1570,20.82
radio434mhz,6133334B,2026-08-11 21:38:22.000Z,-59,60.956305,-138.028543
radio434mhz,6133334B,2026-08-11 21:38:24.000Z,-61,60.956285,-138.028554
radio434mhz,6133334B,2026-08-11 21:38:27.000Z,-62,60.956262,-138.028593
radio434mhz,6133334B,2026-08-11 21:38:29.000Z,-60,60.956253,-138.028622
bluetooth,D2A3B933,2026-08-11 21:38:30.000Z,-40,60.956253,-138.028622,35938,2,0,1571,20.69
radio434mhz,6133334B,2026-08-11 21:38:31.000Z,-82,60.956244,-138.028639
radio434mhz,6133334B,2026-08-11 21:38:34.000Z,-55,60.956230,-138.028665
radio434mhz,6133334B,2026-08-11 21:38:36.000Z,-60,60.956222,-138.028711
radio434mhz,6133334B,2026-08-11 21:38:38.000Z,-62,60.956210,-138.028748
bluetooth,D2A3B933,2026-08-11 21:38:40.000Z,-54,60.956210,-138.028748,33148,2,0,1572,20.87
radio434mhz,6133334B,2026-08-11 21:38:41.000Z,-53,60.956210,-138.028748
radio434mhz,6133334B,2026-08-11 21:38:43.000Z,-88,60.956196,-138.028799
radio434mhz,6133334B,2026-08-11 21:38:45.000Z,-56,60.956189,-138.028823
radio434mhz,6133334B,2026-08-11 21:38:48.000Z,-56,60.956183,-138.028873
radio434mhz,6133334B,2026-08-11 21:38:50.000Z,-65,60.956167,-138.028899
bluetooth,D2A3B933,2026-08-11 21:38:51.000Z,-51,60.956167,-138.028899,7731,2,0,1570,21.05
radio434mhz,6133334B,2026-08-11 21:38:52.000Z,-54,60.956153,-138.028902
radio434mhz,6133334B,2026-08-11 21:38:55.000Z,-54,60.956150,-138.028948
radio434mhz,6133334B,2026-08-11 21:38:57.000Z,-63,60.956150,-138.028948
radio434mhz,6133334B,2026-08-11 21:38:59.000Z,-58,60.956135,-138.028987
bluetooth,D2A3B933,2026-08-11 21:39:01.000Z,-70,60.956116,-138.028987,23092,2,0,1570,21.58
radio434mhz,6133334B,2026-08-11 21:39:02.000Z,-54,60.956116,-138.028987
radio434mhz,6133334B,2026-08-11 21:39:04.000Z,-64,60.956102,-138.028985
radio434mhz,6133334B,2026-08-11 21:39:06.000Z,-59,60.956076,-138.028970
radio434mhz,6133334B,2026-08-11 21:39:09.000Z,-62,60.956052,-138.028960
bluetooth,D2A3B933,2026-08-11 21:39:11.000Z,-46,60.956029,-138.028964,26182,2,0,1571,21.55
radio434mhz,6133334B,2026-08-11 21:39:11.000Z,-56,60.956029,-138.028964
radio434mhz,6133334B,2026-08-11 21:39:13.000Z,-63,60.956013,-138.029003
radio434mhz,6133334B,2026-08-11 21:39:16.000Z,-58,60.955996,-138.029023
radio434mhz,6133334B,2026-08-11 21:39:18.000Z,-61,60.955996,-138.029023
radio434mhz,6133334B,2026-08-11 21:39:20.000Z,-54,60.955975,-138.029057
bluetooth,D2A3B933,2026-08-11 21:39:21.000Z,-40,60.955958,-138.029084,44396,2,0,1571,21.70
radio434mhz,6133334B,2026-08-11 21:39:23.000Z,-67,60.955958,-138.029084
radio434mhz,6133334B,2026-08-11 21:39:25.000Z,-57,60.955932,-138.029097
radio434mhz,6133334B,2026-08-11 21:39:27.000Z,-59,60.955903,-138.029079
radio434mhz,6133334B,2026-08-11 21:39:30.000Z,-54,60.955873,-138.029087
bluetooth,D2A3B933,2026-08-11 21:39:31.000Z,-39,60.955848,-138.029108,63020,2,0,1571,21.70
radio434mhz,6133334B,2026-08-11 21:39:32.000Z,-64,60.955848,-138.029108
radio434mhz,6133334B,2026-08-11 21:39:34.000Z,-65,60.955824,-138.029150
radio434mhz,6133334B,2026-08-11 21:39:37.000Z,-59,60.955805,-138.029161
radio434mhz,6133334B,2026-08-11 21:39:39.000Z,-59,60.955793,-138.029202
bluetooth,D2A3B933,2026-08-11 21:39:41.000Z,-52,60.955774,-138.029220,3326,2,0,1571,21.48
radio434mhz,6133334B,2026-08-11 21:39:41.000Z,-61,60.955774,-138.029220
radio434mhz,6133334B,2026-08-11 21:39:44.000Z,-54,60.955760,-138.029276
radio434mhz,6133334B,2026-08-11 21:39:46.000Z,-54,60.955753,-138.029318
radio434mhz,6133334B,2026-08-11 21:39:48.000Z,-73,60.955751,-138.029377
radio434mhz,6133334B,2026-08-11 21:39:51.000Z,-54,60.955736,-138.029433
bluetooth,D2A3B933,2026-08-11 21:39:51.000Z,-53,60.955736,-138.029433,60735,2,0,1571,21.70
radio434mhz,6133334B,2026-08-11 21:39:53.000Z,-55,60.955718,-138.029459
radio434mhz,6133334B,2026-08-11 21:39:55.000Z,-53,60.955720,-138.029516
bluetooth,5DCC8AD2,2026-08-11 21:39:57.000Z,-77,60.955720,-138.029516,10504,2,0,1558,21.45
radio434mhz,6133334B,2026-08-11 21:39:58.000Z,-53,60.955720,-138.029516
radio434mhz,6133334B,2026-08-11 21:40:00.000Z,-59,60.955707,-138.029523
bluetooth,D2A3B933,2026-08-11 21:40:01.000Z,-52,60.955680,-138.029551,19707,2,0,1571,21.58
bluetooth,5DCC8AD2,2026-08-11 21:40:01.000Z,-87,60.955680,-138.029551,59247,2,0,1559,21.68
radio434mhz,6133334B,2026-08-11 21:40:02.000Z,-59,60.955680,-138.029551
radio434mhz,6133334B,2026-08-11 21:40:05.000Z,-58,60.955653,-138.029567
bluetooth,5DCC8AD2,2026-08-11 21:40:06.000Z,-83,60.955629,-138.029567,41195,2,0,1559,21.86
radio434mhz,6133334B,2026-08-11 21:40:07.000Z,-59,60.955629,-138.029567
radio434mhz,6133334B,2026-08-11 21:40:09.000Z,-53,60.955605,-138.029553
bluetooth,D2A3B933,2026-08-11 21:40:11.000Z,-41,60.955605,-138.029553,31241,2,0,1571,21.43
radio434mhz,6133334B,2026-08-11 21:40:12.000Z,-55,60.955578,-138.029554
radio434mhz,6133334B,2026-08-11 21:40:14.000Z,-54,60.955556,-138.029552
radio434mhz,6133334B,2026-08-11 21:40:16.000Z,-54,60.955541,-138.029587
bluetooth,5DCC8AD2,2026-08-11 21:40:16.000Z,-84,60.955541,-138.029587,25832,2,0,1558,22.19
radio434mhz,6133334B,2026-08-11 21:40:19.000Z,-56,60.955523,-138.029601
radio434mhz,6133334B,2026-08-11 21:40:21.000Z,-61,60.955523,-138.029601
bluetooth,D2A3B933,2026-08-11 21:40:21.000Z,-43,60.955523,-138.029601,30637,2,0,1571,21.35
bluetooth,5DCC8AD2,2026-08-11 21:40:21.000Z,-87,60.955500,-138.029645,58195,2,0,1558,22.49
radio434mhz,6133334B,2026-08-11 21:40:23.000Z,-62,60.955500,-138.029645
radio434mhz,6133334B,2026-08-11 21:40:26.000Z,-55,60.955489,-138.029680
bluetooth,5DCC8AD2,2026-08-11 21:40:26.000Z,-81,60.955476,-138.029736,7644,2,0,1559,22.89
radio434mhz,6133334B,2026-08-11 21:40:28.000Z,-58,60.955476,-138.029736
radio434mhz,6133334B,2026-08-11 21:40:30.000Z,-59,60.955473,-138.029795
bluetooth,D2A3B933,2026-08-11 21:40:31.000Z,-48,60.955473,-138.029795,13543,2,0,1571,21.35
radio434mhz,6133334B,2026-08-11 21:40:33.000Z,-61,60.955477,-138.029853
radio434mhz,6133334B,2026-08-11 21:40:35.000Z,-62,60.955470,-138.029904
radio434mhz,6133334B,2026-08-11 21:40:37.000Z,-60,60.955486,-138.029951
radio434mhz,6133334B,2026-08-11 21:40:40.000Z,-53,60.955473,-138.029999
bluetooth,D2A3B933,2026-08-11 21:40:41.000Z,-54,60.955473,-138.029999,53717,2,0,1570,21.50
radio434mhz,6133334B,2026-08-11 21:40:42.000Z,-49,60.955448,-138.029984
radio434mhz,6133334B,2026-08-11 21:40:44.000Z,-57,60.955445,-138.030035
radio434mhz,6133334B,2026-08-11 21:40:47.000Z,-59,60.955435,-138.030087
radio434mhz,6133334B,2026-08-11 21:40:49.000Z,-66,60.955435,-138.030087
radio434mhz,6133334B,2026-08-11 21:40:51.000Z,-55,60.955430,-138.030138
bluetooth,D2A3B933,2026-08-11 21:40:51.000Z,-29,60.955430,-138.030138,41344,2,0,1572,21.07
radio434mhz,6133334B,2026-08-11 21:40:54.000Z,-49,60.955429,-138.030174
radio434mhz,6133334B,2026-08-11 21:40:56.000Z,-54,60.955413,-138.030205
radio434mhz,6133334B,2026-08-11 21:40:58.000Z,-59,60.955414,-138.030249
radio434mhz,6133334B,2026-08-11 21:41:01.000Z,-56,60.955405,-138.030295
bluetooth,D2A3B933,2026-08-11 21:41:01.000Z,-47,60.955405,-138.030295,41432,2,0,1572,21.38
radio434mhz,6133334B,2026-08-11 21:41:03.000Z,-59,60.955374,-138.030320
radio434mhz,6133334B,2026-08-11 21:41:05.000Z,-53,60.955353,-138.030350
radio434mhz,6133334B,2026-08-11 21:41:08.000Z,-55,60.955325,-138.030381
radio434mhz,6133334B,2026-08-11 21:41:10.000Z,-57,60.955309,-138.030370
bluetooth,D2A3B933,2026-08-11 21:41:11.000Z,-64,60.955309,-138.030370,63953,2,0,1571,21.30
radio434mhz,6133334B,2026-08-11 21:41:12.000Z,-57,60.955309,-138.030370
radio434mhz,6133334B,2026-08-11 21:41:15.000Z,-54,60.955290,-138.030344
radio434mhz,6133334B,2026-08-11 21:41:17.000Z,-59,60.955267,-138.030364
radio434mhz,6133334B,2026-08-11 21:41:19.000Z,-53,60.955241,-138.030384
radio434mhz,6133334B,2026-08-11 21:41:22.000Z,-73,60.955216,-138.030376
radio434mhz,6133334B,2026-08-11 21:41:24.000Z,-53,60.955194,-138.030346
radio434mhz,6133334B,2026-08-11 21:41:26.000Z,-61,60.955168,-138.030341
radio434mhz,6133334B,2026-08-11 21:41:29.000Z,-59,60.955139,-138.030352
radio434mhz,6133334B,2026-08-11 21:41:31.000Z,-55,60.955116,-138.030331
bluetooth,D2A3B933,2026-08-11 21:41:32.000Z,-50,60.955116,-138.030331,11564,2,0,1571,21.53
radio434mhz,6133334B,2026-08-11 21:41:33.000Z,-56,60.955104,-138.030382
radio434mhz,6133334B,2026-08-11 21:41:36.000Z,-54,60.955111,-138.030371
radio434mhz,6133334B,2026-08-11 21:41:38.000Z,-59,60.955120,-138.030422
radio434mhz,6133334B,2026-08-11 21:41:40.000Z,-57,60.955093,-138.030450
bluetooth,D2A3B933,2026-08-11 21:41:42.000Z,-44,60.955093,-138.030450,3955,2,0,1571,21.33
radio434mhz,6133334B,2026-08-11 21:41:45.000Z,-53,60.955047,-138.030504
radio434mhz,6133334B,2026-08-11 21:41:47.000Z,-53,60.955047,-138.030504
radio434mhz,6133334B,2026-08-11 21:41:50.000Z,-50,60.955015,-138.030465
radio434mhz,6133334B,2026-08-11 21:41:52.000Z,-59,60.954997,-138.030499
radio434mhz,6133334B,2026-08-11 21:41:54.000Z,-54,60.954975,-138.030534
radio434mhz,6133334B,2026-08-11 21:41:57.000Z,-53,60.954951,-138.030555
radio434mhz,6133334B,2026-08-11 21:41:59.000Z,-52,60.954929,-138.030573
radio434mhz,6133334B,2026-08-11 21:42:01.000Z,-51,60.954910,-138.030598
radio434mhz,6133334B,2026-08-11 21:42:04.000Z,-53,60.954885,-138.030631
radio434mhz,6133334B,2026-08-11 21:42:06.000Z,-54,60.954878,-138.030685
radio434mhz,6133334B,2026-08-11 21:42:08.000Z,-68,60.954873,-138.030754
radio434mhz,6133334B,2026-08-11 21:42:10.000Z,-59,60.954855,-138.030802
bluetooth,D2A3B933,2026-08-11 21:42:12.000Z,-41,60.954855,-138.030802,32931,2,0,1570,21.55
radio434mhz,6133334B,2026-08-11 21:42:13.000Z,-53,60.954828,-138.030808
radio434mhz,6133334B,2026-08-11 21:42:15.000Z,-55,60.954814,-138.030814
radio434mhz,6133334B,2026-08-11 21:42:17.000Z,-55,60.954790,-138.030839
radio434mhz,6133334B,2026-08-11 21:42:20.000Z,-50,60.954790,-138.030892
bluetooth,D2A3B933,2026-08-11 21:42:22.000Z,-39,60.954790,-138.030892,11082,2,0,1572,21.73
radio434mhz,6133334B,2026-08-11 21:42:22.000Z,-57,60.954773,-138.030925
radio434mhz,6133334B,2026-08-11 21:42:24.000Z,-58,60.954750,-138.030939
radio434mhz,6133334B,2026-08-11 21:42:27.000Z,-65,60.954750,-138.030939
radio434mhz,6133334B,2026-08-11 21:42:29.000Z,-57,60.954717,-138.030970
radio434mhz,6133334B,2026-08-11 21:42:31.000Z,-52,60.954675,-138.030989
radio434mhz,6133334B,2026-08-11 21:42:34.000Z,-64,60.954657,-138.031070
radio434mhz,6133334B,2026-08-11 21:42:36.000Z,-70,60.954646,-138.031130
radio434mhz,6133334B,2026-08-11 21:42:38.000Z,-55,60.954622,-138.031167
radio434mhz,6133334B,2026-08-11 21:42:41.000Z,-71,60.954596,-138.031186
bluetooth,D2A3B933,2026-08-11 21:42:42.000Z,-37,60.954596,-138.031186,60292,2,0,1571,21.60
radio434mhz,6133334B,2026-08-11 21:42:43.000Z,-54,60.954582,-138.031228
radio434mhz,6133334B,2026-08-11 21:42:45.000Z,-71,60.954591,-138.031265
radio434mhz,6133334B,2026-08-11 21:42:48.000Z,-54,60.954589,-138.031331
radio434mhz,6133334B,2026-08-11 21:42:50.000Z,-54,60.954595,-138.031328
bluetooth,D2A3B933,2026-08-11 21:42:52.000Z,-37,60.954595,-138.031328,63845,2,0,1572,21.50
radio434mhz,6133334B,2026-08-11 21:42:52.000Z,-61,60.954595,-138.031328
radio434mhz,6133334B,2026-08-11 21:42:55.000Z,-61,60.954595,-138.031384
radio434mhz,6133334B,2026-08-11 21:42:57.000Z,-61,60.954598,-138.031367
radio434mhz,6133334B,2026-08-11 21:42:59.000Z,-59,60.954577,-138.031409
radio434mhz,6133334B,2026-08-11 21:43:02.000Z,-65,60.954561,-138.031383
bluetooth,D2A3B933,2026-08-11 21:43:02.000Z,-17,60.954561,-138.031383,23229,2,0,1571,21.48
radio434mhz,6133334B,2026-08-11 21:43:04.000Z,-55,60.954555,-138.031420
radio434mhz,6133334B,2026-08-11 21:43:06.000Z,-67,60.954552,-138.031509
radio434mhz,6133334B,2026-08-11 21:43:09.000Z,-52,60.954554,-138.031571
radio434mhz,6133334B,2026-08-11 21:43:11.000Z,-65,60.954545,-138.031635
radio434mhz,6133334B,2026-08-11 21:43:13.000Z,-57,60.954545,-138.031635
radio434mhz,6133334B,2026-08-11 21:43:16.000Z,-55,60.954563,-138.031676
radio434mhz,6133334B,2026-08-11 21:43:18.000Z,-55,60.954558,-138.031729
radio434mhz,6133334B,2026-08-11 21:43:20.000Z,-56,60.954540,-138.031770
bluetooth,D2A3B933,2026-08-11 21:43:22.000Z,-52,60.954539,-138.031821,51675,2,0,1572,21.68
radio434mhz,6133334B,2026-08-11 21:43:23.000Z,-65,60.954539,-138.031821
radio434mhz,6133334B,2026-08-11 21:43:25.000Z,-54,60.954554,-138.031869
radio434mhz,6133334B,2026-08-11 21:43:27.000Z,-70,60.954578,-138.031833
radio434mhz,6133334B,2026-08-11 21:43:30.000Z,-66,60.954593,-138.031800
radio434mhz,6133334B,2026-08-11 21:43:32.000Z,-48,60.954594,-138.031747
radio434mhz,6133334B,2026-08-11 21:43:34.000Z,-63,60.954611,-138.031714
radio434mhz,6133334B,2026-08-11 21:43:37.000Z,-62,60.954616,-138.031659
radio434mhz,6133334B,2026-08-11 21:43:39.000Z,-63,60.954617,-138.031613
radio434mhz,6133334B,2026-08-11 21:43:41.000Z,-57,60.954616,-138.031569
bluetooth,D2A3B933,2026-08-11 21:43:42.000Z,-49,60.954616,-138.031569,52826,2,0,1572,21.30
radio434mhz,6133334B,2026-08-11 21:43:44.000Z,-59,60.954634,-138.031536
radio434mhz,6133334B,2026-08-11 21:43:46.000Z,-69,60.954661,-138.031533
radio434mhz,6133334B,2026-08-11 21:43:48.000Z,-57,60.954685,-138.031503
radio434mhz,6133334B,2026-08-11 21:43:51.000Z,-67,60.954685,-138.031503
bluetooth,D2A3B933,2026-08-11 21:43:52.000Z,-16,60.954720,-138.031475,27515,2,0,1572,21.40
radio434mhz,6133334B,2026-08-11 21:43:53.000Z,-53,60.954720,-138.031475
radio434mhz,6133334B,2026-08-11 21:43:55.000Z,-49,60.954736,-138.031436
radio434mhz,6133334B,2026-08-11 21:43:58.000Z,-55,60.954763,-138.031392
radio434mhz,6133334B,2026-08-11 21:44:00.000Z,-69,60.954791,-138.031363
radio434mhz,6133334B,2026-08-11 21:44:02.000Z,-53,60.954810,-138.031295
bluetooth,D2A3B933,2026-08-11 21:44:02.000Z,-17,60.954810,-138.031295,21792,2,0,1571,21.25
radio434mhz,6133334B,2026-08-11 21:44:05.000Z,-61,60.954814,-138.031241
radio434mhz,6133334B,2026-08-11 21:44:07.000Z,-54,60.954844,-138.031235
radio434mhz,6133334B,2026-08-11 21:44:09.000Z,-57,60.954867,-138.031245
radio434mhz,6133334B,2026-08-11 21:44:12.000Z,-59,60.954892,-138.031240
bluetooth,D2A3B933,2026-08-11 21:44:12.000Z,-46,60.954892,-138.031240,38604,2,0,1571,21.48
radio434mhz,6133334B,2026-08-11 21:44:14.000Z,-58,60.954912,-138.031223
radio434mhz,6133334B,2026-08-11 21:44:16.000Z,-59,60.954921,-138.031136
radio434mhz,6133334B,2026-08-11 21:44:19.000Z,-53,60.954938,-138.031080
radio434mhz,6133334B,2026-08-11 21:44:21.000Z,-63,60.954961,-138.031045
bluetooth,D2A3B933,2026-08-11 21:44:22.000Z,-33,60.954961,-138.031045,46858,2,0,1570,21.55
radio434mhz,6133334B,2026-08-11 21:44:23.000Z,-54,60.954973,-138.030985
radio434mhz,6133334B,2026-08-11 21:44:26.000Z,-54,60.955013,-138.030980
radio434mhz,6133334B,2026-08-11 21:44:28.000Z,-57,60.955045,-138.030976
radio434mhz,6133334B,2026-08-11 21:44:30.000Z,-60,60.955056,-138.030941
bluetooth,D2A3B933,2026-08-11 21:44:33.000Z,-47,60.955056,-138.030941,61363,2,0,1571,21.93
radio434mhz,6133334B,2026-08-11 21:44:33.000Z,-63,60.955056,-138.030941
radio434mhz,6133334B,2026-08-11 21:44:35.000Z,-59,60.955074,-138.030879
radio434mhz,6133334B,2026-08-11 21:44:37.000Z,-56,60.955091,-138.030854
radio434mhz,6133334B,2026-08-11 21:44:40.000Z,-63,60.955119,-138.030806
radio434mhz,6133334B,2026-08-11 21:44:42.000Z,-59,60.955134,-138.030785
bluetooth,D2A3B933,2026-08-11 21:44:43.000Z,-35,60.955146,-138.030730,28477,2,0,1571,21.48
radio434mhz,6133334B,2026-08-11 21:44:44.000Z,-60,60.955146,-138.030730
radio434mhz,6133334B,2026-08-11 21:44:47.000Z,-65,60.955167,-138.030678
radio434mhz,6133334B,2026-08-11 21:44:49.000Z,-60,60.955184,-138.030649
radio434mhz,6133334B,2026-08-11 21:44:51.000Z,-51,60.955205,-138.030615
bluetooth,D2A3B933,2026-08-11 21:44:53.000Z,-55,60.955238,-138.030579,745,2,0,1571,21.45
radio434mhz,6133334B,2026-08-11 21:44:54.000Z,-50,60.955238,-138.030579
radio434mhz,6133334B,2026-08-11 21:44:56.000Z,-54,60.955253,-138.030552
radio434mhz,6133334B,2026-08-11 21:44:58.000Z,-51,60.955278,-138.030525
radio434mhz,6133334B,2026-08-11 21:45:01.000Z,-53,60.955298,-138.030485
bluetooth,D2A3B933,2026-08-11 21:45:03.000Z,-31,60.955315,-138.030442,51760,2,0,1571,21.65
radio434mhz,6133334B,2026-08-11 21:45:03.000Z,-68,60.955315,-138.030442
radio434mhz,6133334B,2026-08-11 21:45:05.000Z,-62,60.955327,-138.030396
radio434mhz,6133334B,2026-08-11 21:45:08.000Z,-56,60.955344,-138.030360
radio434mhz,6133334B,2026-08-11 21:45:10.000Z,-53,60.955379,-138.030335
radio434mhz,6133334B,2026-08-11 21:45:12.000Z,-55,60.955412,-138.030336
bluetooth,D2A3B933,2026-08-11 21:45:13.000Z,-52,60.955412,-138.030336,58457,2,0,1572,21.88
radio434mhz,6133334B,2026-08-11 21:45:14.000Z,-54,60.955436,-138.030296
radio434mhz,6133334B,2026-08-11 21:45:17.000Z,-56,60.955458,-138.030313
radio434mhz,6133334B,2026-08-11 21:45:19.000Z,-56,60.955481,-138.030278
radio434mhz,6133334B,2026-08-11 21:45:21.000Z,-62,60.955481,-138.030278
bluetooth,D2A3B933,2026-08-11 21:45:23.000Z,-47,60.955500,-138.030249,15498,2,0,1571,21.78
radio434mhz,6133334B,2026-08-11 21:45:24.000Z,-58,60.955500,-138.030249
radio434mhz,6133334B,2026-08-11 21:45:26.000Z,-68,60.955523,-138.030210
radio434mhz,6133334B,2026-08-11 21:45:28.000Z,-61,60.955544,-138.030169
radio434mhz,6133334B,2026-08-11 21:45:31.000Z,-54,60.955552,-138.030105
bluetooth,D2A3B933,2026-08-11 21:45:33.000Z,-37,60.955569,-138.030061,34831,2,0,1571,21.65
radio434mhz,6133334B,2026-08-11 21:45:33.000Z,-55,60.955569,-138.030061
radio434mhz,6133334B,2026-08-11 21:45:35.000Z,-54,60.955590,-138.029997
radio434mhz,6133334B,2026-08-11 21:45:38.000Z,-66,60.955612,-138.029944
radio434mhz,6133334B,2026-08-11 21:45:40.000Z,-70,60.955642,-138.029914
radio434mhz,6133334B,2026-08-11 21:45:42.000Z,-57,60.955642,-138.029914
bluetooth,D2A3B933,2026-08-11 21:45:43.000Z,-37,60.955667,-138.029893,27913,2,0,1570,22.16
radio434mhz,6133334B,2026-08-11 21:45:45.000Z,-65,60.955667,-138.029893
radio434mhz,6133334B,2026-08-11 21:45:47.000Z,-62,60.955693,-138.029900
radio434mhz,6133334B,2026-08-11 21:45:49.000Z,-60,60.955693,-138.029847
radio434mhz,6133334B,2026-08-11 21:45:52.000Z,-51,60.955719,-138.029831
bluetooth,D2A3B933,2026-08-11 21:45:53.000Z,-43,60.955731,-138.029776,31519,2,0,1571,22.03
radio434mhz,6133334B,2026-08-11 21:45:54.000Z,-53,60.955731,-138.029776
radio434mhz,6133334B,2026-08-11 21:45:56.000Z,-69,60.955756,-138.029771
radio434mhz,6133334B,2026-08-11 21:45:59.000Z,-57,60.955756,-138.029760
radio434mhz,6133334B,2026-08-11 21:46:01.000Z,-54,60.955749,-138.029779
bluetooth,D2A3B933,2026-08-11 21:46:03.000Z,-51,60.955749,-138.029779,56739,2,0,1571,22.24
radio434mhz,6133334B,2026-08-11 21:46:03.000Z,-56,60.955752,-138.029786
radio434mhz,6133334B,2026-08-11 21:46:06.000Z,-68,60.955754,-138.029783
radio434mhz,6133334B,2026-08-11 21:46:08.000Z,-54,60.955754,-138.029783
radio434mhz,6133334B,2026-08-11 21:46:10.000Z,-55,60.955758,-138.029776
radio434mhz,6133334B,2026-08-11 21:46:13.000Z,-63,60.955764,-138.029730
bluetooth,D2A3B933,2026-08-11 21:46:13.000Z,-39,60.955770,-138.029679,40813,2,0,1572,22.44
radio434mhz,6133334B,2026-08-11 21:46:15.000Z,-58,60.955770,-138.029679
radio434mhz,6133334B,2026-08-11 21:46:17.000Z,-55,60.955795,-138.029637
radio434mhz,6133334B,2026-08-11 21:46:20.000Z,-56,60.955818,-138.029621
radio434mhz,6133334B,2026-08-11 21:46:22.000Z,-63,60.955802,-138.029545
bluetooth,D2A3B933,2026-08-11 21:46:23.000Z,-37,60.955804,-138.029495,10342,2,0,1572,22.39
radio434mhz,6133334B,2026-08-11 21:46:24.000Z,-60,60.955804,-138.029495
radio434mhz,6133334B,2026-08-11 21:46:27.000Z,-51,60.955849,-138.029464
radio434mhz,6133334B,2026-08-11 21:46:29.000Z,-53,60.955867,-138.029419
radio434mhz,6133334B,2026-08-11 21:46:31.000Z,-50,60.955890,-138.029362
bluetooth,D2A3B933,2026-08-11 21:46:33.000Z,-44,60.955897,-138.029306,54928,2,0,1572,22.39
radio434mhz,6133334B,2026-08-11 21:46:34.000Z,-51,60.955897,-138.029306
radio434mhz,6133334B,2026-08-11 21:46:36.000Z,-67,60.955955,-138.029352
radio434mhz,6133334B,2026-08-11 21:46:38.000Z,-63,60.955980,-138.029355
radio434mhz,6133334B,2026-08-11 21:46:41.000Z,-55,60.955980,-138.029355
radio434mhz,6133334B,2026-08-11 21:46:43.000Z,-60,60.956007,-138.029324
bluetooth,D2A3B933,2026-08-11 21:46:43.000Z,-41,60.956007,-138.029324,46029,2,0,1571,22.03
radio434mhz,6133334B,2026-08-11 21:46:45.000Z,-60,60.956023,-138.029282
radio434mhz,6133334B,2026-08-11 21:46:48.000Z,-53,60.956015,-138.029213
radio434mhz,6133334B,2026-08-11 21:46:50.000Z,-59,60.956045,-138.029203
radio434mhz,6133334B,2026-08-11 21:46:52.000Z,-60,60.956076,-138.029198
bluetooth,D2A3B933,2026-08-11 21:46:54.000Z,-50,60.956076,-138.029198,11726,2,0,1571,22.08
radio434mhz,6133334B,2026-08-11 21:46:55.000Z,-60,60.956101,-138.029184
radio434mhz,6133334B,2026-08-11 21:46:57.000Z,-54,60.956125,-138.029153
radio434mhz,6133334B,2026-08-11 21:46:59.000Z,-49,60.956125,-138.029153
radio434mhz,6133334B,2026-08-11 21:47:02.000Z,-53,60.956136,-138.029096
bluetooth,D2A3B933,2026-08-11 21:47:04.000Z,-44,60.956136,-138.029028,35078,2,0,1572,21.73
radio434mhz,6133334B,2026-08-11 21:47:04.000Z,-61,60.956136,-138.029028
radio434mhz,6133334B,2026-08-11 21:47:06.000Z,-61,60.956138,-138.029005
radio434mhz,6133334B,2026-08-11 21:47:09.000Z,-54,60.956110,-138.028990
radio434mhz,6133334B,2026-08-11 21:47:11.000Z,-57,60.956110,-138.028990
radio434mhz,6133334B,2026-08-11 21:47:13.000Z,-59,60.956136,-138.028940
bluetooth,D2A3B933,2026-08-11 21:47:14.000Z,-62,60.956136,-138.028940,62761,2,0,1572,21.83
radio434mhz,6133334B,2026-08-11 21:47:16.000Z,-67,60.956144,-138.028942
radio434mhz,6133334B,2026-08-11 21:47:18.000Z,-56,60.956152,-138.028952
radio434mhz,6133334B,2026-08-11 21:47:20.000Z,-63,60.956161,-138.028951
radio434mhz,6133334B,2026-08-11 21:47:23.000Z,-60,60.956183,-138.028966
bluetooth,D2A3B933,2026-08-11 21:47:24.000Z,-41,60.956183,-138.028966,64932,2,0,1571,21.55
radio434mhz,6133334B,2026-08-11 21:47:25.000Z,-53,60.956183,-138.028966
radio434mhz,6133334B,2026-08-11 21:47:27.000Z,-53,60.956192,-138.028976
radio434mhz,6133334B,2026-08-11 21:47:30.000Z,-65,60.956198,-138.028976
radio434mhz,6133334B,2026-08-11 21:47:32.000Z,-57,60.956230,-138.028983
bluetooth,D2A3B933,2026-08-11 21:47:34.000Z,-43,60.956245,-138.028939,59179,2,0,1571,21.43
radio434mhz,6133334B,2026-08-11 21:47:34.000Z,-54,60.956245,-138.028939
radio434mhz,6133334B,2026-08-11 21:47:37.000Z,-57,60.956266,-138.028928
radio434mhz,6133334B,2026-08-11 21:47:39.000Z,-52,60.956272,-138.028866
radio434mhz,6133334B,2026-08-11 21:47:41.000Z,-57,60.956302,-138.028876
radio434mhz,6133334B,2026-08-11 21:47:44.000Z,-79,60.956327,-138.028882
radio434mhz,6133334B,2026-08-11 21:47:46.000Z,-51,60.956333,-138.028828
radio434mhz,6133334B,2026-08-11 21:47:48.000Z,-53,60.956356,-138.028780
radio434mhz,6133334B,2026-08-11 21:47:51.000Z,-55,60.956345,-138.028722
radio434mhz,6133334B,2026-08-11 21:47:53.000Z,-55,60.956329,-138.028667
bluetooth,D2A3B933,2026-08-11 21:47:54.000Z,-56,60.956329,-138.028667,46141,2,0,1571,21.35
radio434mhz,6133334B,2026-08-11 21:47:55.000Z,-61,60.956347,-138.028646
radio434mhz,6133334B,2026-08-11 21:47:58.000Z,-64,60.956368,-138.028665
radio434mhz,6133334B,2026-08-11 21:48:00.000Z,-57,60.956368,-138.028665
radio434mhz,6133334B,2026-08-11 21:48:02.000Z,-54,60.956388,-138.028629
bluetooth,D2A3B933,2026-08-11 21:48:04.000Z,-35,60.956416,-138.028605,61893,2,0,1571,21.30
radio434mhz,6133334B,2026-08-11 21:48:04.000Z,-62,60.956416,-138.028605
radio434mhz,6133334B,2026-08-11 21:48:07.000Z,-71,60.956431,-138.028565
radio434mhz,6133334B,2026-08-11 21:48:09.000Z,-58,60.956456,-138.028570
radio434mhz,6133334B,2026-08-11 21:48:12.000Z,-54,60.956474,-138.028530
radio434mhz,6133334B,2026-08-11 21:48:14.000Z,-60,60.956499,-138.028500
bluetooth,D2A3B933,2026-08-11 21:48:14.000Z,-34,60.956499,-138.028500,18243,2,0,1572,21.10
radio434mhz,6133334B,2026-08-11 21:48:16.000Z,-60,60.956526,-138.028460
radio434mhz,6133334B,2026-08-11 21:48:19.000Z,-48,60.956548,-138.028427
radio434mhz,6133334B,2026-08-11 21:48:21.000Z,-54,60.956548,-138.028427
radio434mhz,6133334B,2026-08-11 21:48:23.000Z,-57,60.956556,-138.028445
bluetooth,D2A3B933,2026-08-11 21:48:24.000Z,-57,60.956556,-138.028445,55054,2,0,1572,20.64
radio434mhz,6133334B,2026-08-11 21:48:25.000Z,-53,60.956562,-138.028434
radio434mhz,6133334B,2026-08-11 21:48:28.000Z,-57,60.956568,-138.028429
radio434mhz,6133334B,2026-08-11 21:48:30.000Z,-62,60.956609,-138.028440
radio434mhz,6133334B,2026-08-11 21:48:32.000Z,-54,60.956635,-138.028451
bluetooth,D2A3B933,2026-08-11 21:48:34.000Z,-52,60.956635,-138.028451,12871,2,0,1570,20.85
radio434mhz,6133334B,2026-08-11 21:48:35.000Z,-66,60.956665,-138.028480
radio434mhz,6133334B,2026-08-11 21:48:37.000Z,-53,60.956665,-138.028480
radio434mhz,6133334B,2026-08-11 21:48:39.000Z,-61,60.956674,-138.028547
radio434mhz,6133334B,2026-08-11 21:48:42.000Z,-61,60.956688,-138.028577
radio434mhz,6133334B,2026-08-11 21:48:44.000Z,-68,60.956684,-138.028632
radio434mhz,6133334B,2026-08-11 21:48:46.000Z,-52,60.956706,-138.028668
radio434mhz,6133334B,2026-08-11 21:48:49.000Z,-58,60.956694,-138.028708
radio434mhz,6133334B,2026-08-11 21:48:51.000Z,-57,60.956689,-138.028751
radio434mhz,6133334B,2026-08-11 21:48:53.000Z,-52,60.956687,-138.028811
bluetooth,D2A3B933,2026-08-11 21:48:54.000Z,-57,60.956687,-138.028811,54646,2,0,1572,20.90
radio434mhz,6133334B,2026-08-11 21:48:56.000Z,-54,60.956666,-138.028845
radio434mhz,6133334B,2026-08-11 21:48:58.000Z,-55,60.956652,-138.028884
radio434mhz,6133334B,2026-08-11 21:49:00.000Z,-56,60.956645,-138.028930
radio434mhz,6133334B,2026-08-11 21:49:03.000Z,-51,60.956645,-138.028930
bluetooth,D2A3B933,2026-08-11 21:49:04.000Z,-17,60.956646,-138.028996,13766,2,0,1571,20.72
radio434mhz,6133334B,2026-08-11 21:49:05.000Z,-61,60.956646,-138.028996
radio434mhz,6133334B,2026-08-11 21:49:07.000Z,-56,60.956626,-138.028980
radio434mhz,6133334B,2026-08-11 21:49:10.000Z,-55,60.956617,-138.028976
radio434mhz,6133334B,2026-08-11 21:49:12.000Z,-70,60.956594,-138.028984
bluetooth,D2A3B933,2026-08-11 21:49:14.000Z,-45,60.956571,-138.029020,27680,2,0,1571,20.80
radio434mhz,6133334B,2026-08-11 21:49:14.000Z,-53,60.956571,-138.029020
radio434mhz,6133334B,2026-08-11 21:49:17.000Z,-60,60.956564,-138.029080
radio434mhz,6133334B,2026-08-11 21:49:19.000Z,-59,60.956553,-138.029120
radio434mhz,6133334B,2026-08-11 21:49:21.000Z,-55,60.956552,-138.029170
radio434mhz,6133334B,2026-08-11 21:49:24.000Z,-56,60.956543,-138.029222
bluetooth,D2A3B933,2026-08-11 21:49:24.000Z,-54,60.956543,-138.029222,46801,2,0,1572,20.59
radio434mhz,6133334B,2026-08-11 21:49:26.000Z,-54,60.956543,-138.029222
radio434mhz,6133334B,2026-08-11 21:49:28.000Z,-48,60.956526,-138.029235
radio434mhz,6133334B,2026-08-11 21:49:31.000Z,-54,60.956530,-138.029198
radio434mhz,6133334B,2026-08-11 21:49:33.000Z,-60,60.956530,-138.029250
bluetooth,D2A3B933,2026-08-11 21:49:34.000Z,-43,60.956539,-138.029284,52236,2,0,1572,20.57
radio434mhz,6133334B,2026-08-11 21:49:35.000Z,-56,60.956539,-138.029284
radio434mhz,6133334B,2026-08-11 21:49:38.000Z,-51,60.956522,-138.029294
radio434mhz,6133334B,2026-08-11 21:49:40.000Z,-59,60.956510,-138.029317
radio434mhz,6133334B,2026-08-11 21:49:42.000Z,-53,60.956492,-138.029341
bluetooth,D2A3B933,2026-08-11 21:49:44.000Z,-39,60.956463,-138.029347,1702,2,0,1572,20.59
radio434mhz,6133334B,2026-08-11 21:49:45.000Z,-54,60.956463,-138.029347
radio434mhz,6133334B,2026-08-11 21:49:47.000Z,-55,60.956439,-138.029374
radio434mhz,6133334B,2026-08-11 21:49:49.000Z,-55,60.956407,-138.029361
radio434mhz,6133334B,2026-08-11 21:49:52.000Z,-51,60.956375,-138.029373
radio434mhz,6133334B,2026-08-11 21:49:54.000Z,-53,60.956346,-138.029385
bluetooth,D2A3B933,2026-08-11 21:49:54.000Z,-56,60.956346,-138.029385,18763,2,0,1571,20.72
radio434mhz,6133334B,2026-08-11 21:49:56.000Z,-49,60.956346,-138.029385
radio434mhz,6133334B,2026-08-11 21:49:59.000Z,-53,60.956313,-138.029412
radio434mhz,6133334B,2026-08-11 21:50:01.000Z,-51,60.956280,-138.029424
radio434mhz,6133334B,2026-08-11 21:50:03.000Z,-62,60.956257,-138.029455
bluetooth,D2A3B933,2026-08-11 21:50:05.000Z,-40,60.956232,-138.029467,36160,2,0,1571,20.47
radio434mhz,6133334B,2026-08-11 21:50:06.000Z,-52,60.956232,-138.029467
radio434mhz,6133334B,2026-08-11 21:50:08.000Z,-56,60.956204,-138.029490
radio434mhz,6133334B,2026-08-11 21:50:10.000Z,-69,60.956177,-138.029514
radio434mhz,6133334B,2026-08-11 21:50:13.000Z,-55,60.956154,-138.029539
bluetooth,D2A3B933,2026-08-11 21:50:15.000Z,-50,60.956128,-138.029564,35843,2,0,1571,20.31
radio434mhz,6133334B,2026-08-11 21:50:15.000Z,-65,60.956128,-138.029564
radio434mhz,6133334B,2026-08-11 21:50:17.000Z,-59,60.956108,-138.029605
radio434mhz,6133334B,2026-08-11 21:50:20.000Z,-56,60.956093,-138.029641
radio434mhz,6133334B,2026-08-11 21:50:22.000Z,-53,60.956103,-138.029682
radio434mhz,6133334B,2026-08-11 21:50:25.000Z,-48,60.956089,-138.029718
bluetooth,D2A3B933,2026-08-11 21:50:25.000Z,-55,60.956089,-138.029718,3473,2,0,1572,20.21
radio434mhz,6133334B,2026-08-11 21:50:27.000Z,-59,60.956065,-138.029743
radio434mhz,6133334B,2026-08-11 21:50:29.000Z,-53,60.956037,-138.029777
radio434mhz,6133334B,2026-08-11 21:50:32.000Z,-55,60.956011,-138.029793
radio434mhz,6133334B,2026-08-11 21:50:34.000Z,-56,60.956011,-138.029793
bluetooth,D2A3B933,2026-08-11 21:50:35.000Z,-42,60.955990,-138.029834,62797,2,0,1571,20.54
radio434mhz,6133334B,2026-08-11 21:50:36.000Z,-53,60.955990,-138.029834
radio434mhz,6133334B,2026-08-11 21:50:39.000Z,-67,60.955966,-138.029866
radio434mhz,6133334B,2026-08-11 21:50:41.000Z,-50,60.955941,-138.029868
radio434mhz,6133334B,2026-08-11 21:50:43.000Z,-54,60.955914,-138.029847
bluetooth,D2A3B933,2026-08-11 21:50:45.000Z,-37,60.955891,-138.029854,11496,2,0,1571,20.06
radio434mhz,6133334B,2026-08-11 21:50:46.000Z,-60,60.955891,-138.029854
radio434mhz,6133334B,2026-08-11 21:50:48.000Z,-55,60.955869,-138.029873
radio434mhz,6133334B,2026-08-11 21:50:50.000Z,-59,60.955869,-138.029873
radio434mhz,6133334B,2026-08-11 21:50:53.000Z,-53,60.955837,-138.029872
bluetooth,D2A3B933,2026-08-11 21:50:55.000Z,-30,60.955814,-138.029856,52705,2,0,1572,20.11
radio434mhz,6133334B,2026-08-11 21:50:55.000Z,-55,60.955814,-138.029856
radio434mhz,6133334B,2026-08-11 21:50:57.000Z,-51,60.955789,-138.029876
radio434mhz,6133334B,2026-08-11 21:51:00.000Z,-51,60.955764,-138.029895
radio434mhz,6133334B,2026-08-11 21:51:02.000Z,-55,60.955739,-138.029904
radio434mhz,6133334B,2026-08-11 21:51:04.000Z,-54,60.955731,-138.029963
bluetooth,D2A3B933,2026-08-11 21:51:05.000Z,-17,60.955731,-138.029963,27913,2,0,1572,19.96
radio434mhz,6133334B,2026-08-11 21:51:07.000Z,-51,60.955709,-138.029975
radio434mhz,6133334B,2026-08-11 21:51:09.000Z,-54,60.955702,-138.030006
radio434mhz,6133334B,2026-08-11 21:51:11.000Z,-54,60.955687,-138.030025
radio434mhz,6133334B,2026-08-11 21:51:14.000Z,-53,60.955664,-138.030057
bluetooth,D2A3B933,2026-08-11 21:51:15.000Z,-54,60.955659,-138.030113,52811,2,0,1573,19.99
radio434mhz,6133334B,2026-08-11 21:51:16.000Z,-53,60.955659,-138.030113
radio434mhz,6133334B,2026-08-11 21:51:18.000Z,-52,60.955664,-138.030168
radio434mhz,6133334B,2026-08-11 21:51:21.000Z,-52,60.955654,-138.030194
radio434mhz,6133334B,2026-08-11 21:51:23.000Z,-56,60.955640,-138.030230
bluetooth,D2A3B933,2026-08-11 21:51:25.000Z,-17,60.955633,-138.030281,3245,2,0,1572,20.34
radio434mhz,6133334B,2026-08-11 21:51:25.000Z,-68,60.955633,-138.030281
radio434mhz,6133334B,2026-08-11 21:51:28.000Z,-54,60.955612,-138.030322
radio434mhz,6133334B,2026-08-11 21:51:30.000Z,-53,60.955597,-138.030367
radio434mhz,6133334B,2026-08-11 21:51:32.000Z,-60,60.955597,-138.030367
radio434mhz,6133334B,2026-08-11 21:51:35.000Z,-53,60.955574,-138.030405
radio434mhz,6133334B,2026-08-11 21:51:37.000Z,-52,60.955567,-138.030436
radio434mhz,6133334B,2026-08-11 21:51:39.000Z,-51,60.955545,-138.030413
radio434mhz,6133334B,2026-08-11 21:51:42.000Z,-50,60.955518,-138.030395
radio434mhz,6133334B,2026-08-11 21:51:44.000Z,-53,60.955518,-138.030395
bluetooth,D2A3B933,2026-08-11 21:51:45.000Z,-17,60.955495,-138.030354,4261,2,0,1572,20.19
radio434mhz,6133334B,2026-08-11 21:51:46.000Z,-55,60.955495,-138.030354
radio434mhz,6133334B,2026-08-11 21:51:49.000Z,-51,60.955475,-138.030361
radio434mhz,6133334B,2026-08-11 21:51:51.000Z,-54,60.955472,-138.030372
radio434mhz,6133334B,2026-08-11 21:51:53.000Z,-50,60.955466,-138.030413
bluetooth,D2A3B933,2026-08-11 21:51:55.000Z,-31,60.955449,-138.030436,25995,2,0,1572,20.21
radio434mhz,6133334B,2026-08-11 21:51:56.000Z,-60,60.955449,-138.030436
radio434mhz,6133334B,2026-08-11 21:51:58.000Z,-56,60.955428,-138.030434
radio434mhz,6133334B,2026-08-11 21:52:00.000Z,-50,60.955414,-138.030426
radio434mhz,6133334B,2026-08-11 21:52:03.000Z,-56,60.955392,-138.030449
radio434mhz,6133334B,2026-08-11 21:52:05.000Z,-55,60.955391,-138.030501
bluetooth,D2A3B933,2026-08-11 21:52:05.000Z,-45,60.955391,-138.030501,4503,2,0,1572,20.34
radio434mhz,6133334B,2026-08-11 21:52:07.000Z,-61,60.955406,-138.030557
radio434mhz,6133334B,2026-08-11 21:52:10.000Z,-56,60.955398,-138.030594
radio434mhz,6133334B,2026-08-11 21:52:12.000Z,-62,60.955374,-138.030625
radio434mhz,6133334B,2026-08-11 21:52:14.000Z,-61,60.955374,-138.030625
bluetooth,D2A3B933,2026-08-11 21:52:15.000Z,-44,60.955359,-138.030680,29051,2,0,1571,20.39
radio434mhz,6133334B,2026-08-11 21:52:17.000Z,-51,60.955359,-138.030680
radio434mhz,6133334B,2026-08-11 21:52:19.000Z,-59,60.955337,-138.030714
radio434mhz,6133334B,2026-08-11 21:52:21.000Z,-60,60.955322,-138.030758
radio434mhz,6133334B,2026-08-11 21:52:24.000Z,-56,60.955303,-138.030793
bluetooth,D2A3B933,2026-08-11 21:52:25.000Z,-48,60.955303,-138.030793,33144,2,0,1572,20.39
radio434mhz,6133334B,2026-08-11 21:52:26.000Z,-59,60.955305,-138.030852
radio434mhz,6133334B,2026-08-11 21:52:28.000Z,-56,60.955281,-138.030884
radio434mhz,6133334B,2026-08-11 21:52:31.000Z,-61,60.955280,-138.030918
radio434mhz,6133334B,2026-08-11 21:52:33.000Z,-53,60.955256,-138.030905
bluetooth,D2A3B933,2026-08-11 21:52:35.000Z,-48,60.955251,-138.031001,17427,2,0,1572,20.62
radio434mhz,6133334B,2026-08-11 21:52:35.000Z,-59,60.955251,-138.031001
radio434mhz,6133334B,2026-08-11 21:52:38.000Z,-61,60.955225,-138.031017
radio434mhz,6133334B,2026-08-11 21:52:40.000Z,-48,60.955213,-138.031111
radio434mhz,6133334B,2026-08-11 21:52:42.000Z,-50,60.955205,-138.031165
radio434mhz,6133334B,2026-08-11 21:52:45.000Z,-52,60.955198,-138.031234
bluetooth,D2A3B933,2026-08-11 21:52:45.000Z,-43,60.955198,-138.031234,17886,2,0,1570,20.92
radio434mhz,6133334B,2026-08-11 21:52:47.000Z,-53,60.955190,-138.031287
radio434mhz,6133334B,2026-08-11 21:52:49.000Z,-56,60.955180,-138.031342
radio434mhz,6133334B,2026-08-11 21:52:52.000Z,-54,60.955157,-138.031347
radio434mhz,6133334B,2026-08-11 21:52:54.000Z,-59,60.955157,-138.031347
bluetooth,D2A3B933,2026-08-11 21:52:55.000Z,-47,60.955149,-138.031376,14786,2,0,1572,20.87
radio434mhz,6133334B,2026-08-11 21:52:56.000Z,-63,60.955149,-138.031376
radio434mhz,6133334B,2026-08-11 21:52:59.000Z,-61,60.955131,-138.031427
radio434mhz,6133334B,2026-08-11 21:53:01.000Z,-55,60.955121,-138.031451
radio434mhz,6133334B,2026-08-11 21:53:03.000Z,-64,60.955096,-138.031443
bluetooth,159D4503,2026-08-11 21:53:04.000Z,-76,60.955073,-138.031437,52188,2,0,1590,21.25
bluetooth,D2A3B933,2026-08-11 21:53:05.000Z,-46,60.955073,-138.031437,145,2,0,1571,20.87
radio434mhz,6133334B,2026-08-11 21:53:06.000Z,-49,60.955073,-138.031437
radio434mhz,6133334B,2026-08-11 21:53:08.000Z,-59,60.955050,-138.031445
bluetooth,159D4503,2026-08-11 21:53:09.000Z,-80,60.955027,-138.031433,45876,2,0,1589,21.02
radio434mhz,6133334B,2026-08-11 21:53:10.000Z,-55,60.955027,-138.031433
radio434mhz,6133334B,2026-08-11 21:53:13.000Z,-55,60.955002,-138.031446
radio434mhz,6133334B,2026-08-11 21:53:15.000Z,-51,60.954985,-138.031478
bluetooth,D2A3B933,2026-08-11 21:53:15.000Z,-50,60.954985,-138.031478,63629,2,0,1570,20.64
radio434mhz,6133334B,2026-08-11 21:53:17.000Z,-60,60.954982,-138.031483
radio434mhz,6133334B,2026-08-11 21:53:20.000Z,-56,60.954964,-138.031531
radio434mhz,6133334B,2026-08-11 21:53:22.000Z,-59,60.954950,-138.031521
radio434mhz,6133334B,2026-08-11 21:53:24.000Z,-53,60.954952,-138.031557
bluetooth,D2A3B933,2026-08-11 21:53:25.000Z,-41,60.954952,-138.031557,57725,2,0,1572,20.97
radio434mhz,6133334B,2026-08-11 21:53:27.000Z,-56,60.954915,-138.031562
radio434mhz,6133334B,2026-08-11 21:53:29.000Z,-52,60.954915,-138.031562
radio434mhz,6133334B,2026-08-11 21:53:31.000Z,-54,60.954902,-138.031583
radio434mhz,6133334B,2026-08-11 21:53:34.000Z,-55,60.954890,-138.031630
bluetooth,D2A3B933,2026-08-11 21:53:35.000Z,-50,60.954890,-138.031688,28698,2,0,1572,21.22
radio434mhz,6133334B,2026-08-11 21:53:36.000Z,-57,60.954890,-138.031688
radio434mhz,6133334B,2026-08-11 21:53:38.000Z,-61,60.954889,-138.031748
radio434mhz,6133334B,2026-08-11 21:53:41.000Z,-57,60.954897,-138.031806
radio434mhz,6133334B,2026-08-11 21:53:43.000Z,-61,60.954887,-138.031855
radio434mhz,6133334B,2026-08-11 21:53:45.000Z,-55,60.954883,-138.031892
bluetooth,D2A3B933,2026-08-11 21:53:45.000Z,-45,60.954883,-138.031892,4027,2,0,1572,21.55
radio434mhz,6133334B,2026-08-11 21:53:48.000Z,-54,60.954861,-138.031877
radio434mhz,6133334B,2026-08-11 21:53:50.000Z,-54,60.954859,-138.031920
radio434mhz,6133334B,2026-08-11 21:53:52.000Z,-52,60.954861,-138.031925
radio434mhz,6133334B,2026-08-11 21:53:55.000Z,-60,60.954861,-138.031925
bluetooth,D2A3B933,2026-08-11 21:53:56.000Z,-56,60.954863,-138.031929,17669,2,0,1571,21.76
radio434mhz,6133334B,2026-08-11 21:53:57.000Z,-50,60.954863,-138.031929
radio434mhz,6133334B,2026-08-11 21:53:59.000Z,-60,60.954860,-138.031931
radio434mhz,6133334B,2026-08-11 21:54:01.000Z,-63,60.954851,-138.031936
radio434mhz,6133334B,2026-08-11 21:54:04.000Z,-62,60.954843,-138.031912
bluetooth,D2A3B933,2026-08-11 21:54:06.000Z,-37,60.954843,-138.031912,23742,2,0,1572,21.65
radio434mhz,6133334B,2026-08-11 21:54:06.000Z,-66,60.954845,-138.031902
radio434mhz,6133334B,2026-08-11 21:54:08.000Z,-52,60.954845,-138.031902
radio434mhz,6133334B,2026-08-11 21:54:11.000Z,-54,60.954848,-138.031884
radio434mhz,6133334B,2026-08-11 21:54:13.000Z,-53,60.954844,-138.031890
radio434mhz,6133334B,2026-08-11 21:54:15.000Z,-61,60.954833,-138.031814
bluetooth,D2A3B933,2026-08-11 21:54:16.000Z,-40,60.954833,-138.031814,40985,2,0,1572,21.81
radio434mhz,6133334B,2026-08-11 21:54:18.000Z,-65,60.954841,-138.031748
radio434mhz,6133334B,2026-08-11 21:54:20.000Z,-58,60.954845,-138.031661
radio434mhz,6133334B,2026-08-11 21:54:22.000Z,-59,60.954840,-138.031592
radio434mhz,6133334B,2026-08-11 21:54:25.000Z,-50,60.954859,-138.031523
radio434mhz,6133334B,2026-08-11 21:54:27.000Z,-54,60.954864,-138.031460
radio434mhz,6133334B,2026-08-11 21:54:29.000Z,-55,60.954864,-138.031460
radio434mhz,6133334B,2026-08-11 21:54:32.000Z,-57,60.954888,-138.031399
radio434mhz,6133334B,2026-08-11 21:54:34.000Z,-68,60.954887,-138.031325
bluetooth,D2A3B933,2026-08-11 21:54:36.000Z,-41,60.954908,-138.031256,999,2,0,1572,21.60
radio434mhz,6133334B,2026-08-11 21:54:36.000Z,-56,60.954908,-138.031256
radio434mhz,6133334B,2026-08-11 21:54:39.000Z,-54,60.954892,-138.031207
radio434mhz,6133334B,2026-08-11 21:54:41.000Z,-54,60.954886,-138.031190
radio434mhz,6133334B,2026-08-11 21:54:43.000Z,-59,60.954855,-138.031174
radio434mhz,6133334B,2026-08-11 21:54:46.000Z,-65,60.954847,-138.031129
bluetooth,D2A3B933,2026-08-11 21:54:46.000Z,-32,60.954847,-138.031129,45406,2,0,1572,21.81
radio434mhz,6133334B,2026-08-11 21:54:48.000Z,-83,60.954841,-138.031071
radio434mhz,6133334B,2026-08-11 21:54:50.000Z,-62,60.954826,-138.031040
radio434mhz,6133334B,2026-08-11 21:54:53.000Z,-56,60.954829,-138.030986
radio434mhz,6133334B,2026-08-11 21:54:55.000Z,-48,60.954831,-138.030962
bluetooth,D2A3B933,2026-08-11 21:54:56.000Z,-29,60.954831,-138.030962,56753,2,0,1571,21.65
radio434mhz,6133334B,2026-08-11 21:54:57.000Z,-63,60.954855,-138.030952
radio434mhz,6133334B,2026-08-11 21:55:00.000Z,-60,60.954855,-138.030885
radio434mhz,6133334B,2026-08-11 21:55:02.000Z,-63,60.954855,-138.030885
radio434mhz,6133334B,2026-08-11 21:55:04.000Z,-56,60.954851,-138.030813
bluetooth,D2A3B933,2026-08-11 21:55:06.000Z,-18,60.954860,-138.030764,59032,2,0,1571,22.03
radio434mhz,6133334B,2026-08-11 21:55:07.000Z,-60,60.954860,-138.030764
radio434mhz,6133334B,2026-08-11 21:55:09.000Z,-68,60.954856,-138.030716
radio434mhz,6133334B,2026-08-11 21:55:11.000Z,-64,60.954894,-138.030671
radio434mhz,6133334B,2026-08-11 21:55:14.000Z,-59,60.954911,-138.030628
radio434mhz,6133334B,2026-08-11 21:55:16.000Z,-51,60.954938,-138.030572
bluetooth,D2A3B933,2026-08-11 21:55:16.000Z,-39,60.954938,-138.030572,37168,2,0,1571,21.98
radio434mhz,6133334B,2026-08-11 21:55:18.000Z,-55,60.954951,-138.030524
radio434mhz,6133334B,2026-08-11 21:55:21.000Z,-59,60.954975,-138.030558
radio434mhz,6133334B,2026-08-11 21:55:23.000Z,-59,60.955005,-138.030554
radio434mhz,6133334B,2026-08-11 21:55:25.000Z,-52,60.955005,-138.030554
bluetooth,D2A3B933,2026-08-11 21:55:26.000Z,-29,60.955023,-138.030538,45625,2,0,1570,22.11
radio434mhz,6133334B,2026-08-11 21:55:28.000Z,-60,60.955023,-138.030538
radio434mhz,6133334B,2026-08-11 21:55:30.000Z,-63,60.955060,-138.030560
radio434mhz,6133334B,2026-08-11 21:55:32.000Z,-67,60.955079,-138.030586
radio434mhz,6133334B,2026-08-11 21:55:35.000Z,-70,60.955104,-138.030598
bluetooth,D2A3B933,2026-08-11 21:55:36.000Z,-53,60.955128,-138.030579,46412,2,0,1572,21.98
radio434mhz,6133334B,2026-08-11 21:55:37.000Z,-54,60.955128,-138.030579
radio434mhz,6133334B,2026-08-11 21:55:39.000Z,-55,60.955156,-138.030589
radio434mhz,6133334B,2026-08-11 21:55:42.000Z,-51,60.955185,-138.030593
radio434mhz,6133334B,2026-08-11 21:55:44.000Z,-56,60.955210,-138.030616
radio434mhz,6133334B,2026-08-11 21:55:46.000Z,-66,60.955235,-138.030617
bluetooth,D2A3B933,2026-08-11 21:55:46.000Z,-46,60.955235,-138.030617,44690,2,0,1572,22.16
radio434mhz,6133334B,2026-08-11 21:55:49.000Z,-55,60.955235,-138.030617
radio434mhz,6133334B,2026-08-11 21:55:51.000Z,-52,60.955259,-138.030607
radio434mhz,6133334B,2026-08-11 21:55:53.000Z,-60,60.955281,-138.030608
radio434mhz,6133334B,2026-08-11 21:55:56.000Z,-56,60.955309,-138.030631
radio434mhz,6133334B,2026-08-11 21:55:58.000Z,-60,60.955329,-138.030615
radio434mhz,6133334B,2026-08-11 21:56:00.000Z,-57,60.955344,-138.030592
radio434mhz,6133334B,2026-08-11 21:56:03.000Z,-51,60.955354,-138.030575
radio434mhz,6133334B,2026-08-11 21:56:05.000Z,-59,60.955370,-138.030605
bluetooth,D2A3B933,2026-08-11 21:56:06.000Z,-47,60.955370,-138.030605,44393,2,0,1572,22.06
radio434mhz,6133334B,2026-08-11 21:56:07.000Z,-65,60.955370,-138.030605
radio434mhz,6133334B,2026-08-11 21:56:10.000Z,-60,60.955387,-138.030651
radio434mhz,6133334B,2026-08-11 21:56:12.000Z,-62,60.955413,-138.030658
radio434mhz,6133334B,2026-08-11 21:56:14.000Z,-52,60.955440,-138.030688
bluetooth,D2A3B933,2026-08-11 21:56:16.000Z,-49,60.955466,-138.030656,25505,2,0,1572,22.11
radio434mhz,6133334B,2026-08-11 21:56:16.000Z,-61,60.955466,-138.030656
radio434mhz,6133334B,2026-08-11 21:56:19.000Z,-65,60.955496,-138.030643
radio434mhz,6133334B,2026-08-11 21:56:21.000Z,-69,60.955516,-138.030620
radio434mhz,6133334B,2026-08-11 21:56:23.000Z,-78,60.955545,-138.030627
radio434mhz,6133334B,2026-08-11 21:56:26.000Z,-56,60.955570,-138.030566
bluetooth,D2A3B933,2026-08-11 21:56:27.000Z,-47,60.955570,-138.030566,20006,2,0,1572,22.03
radio434mhz,6133334B,2026-08-11 21:56:28.000Z,-54,60.955600,-138.030549
radio434mhz,6133334B,2026-08-11 21:56:30.000Z,-69,60.955625,-138.030508
radio434mhz,6133334B,2026-08-11 21:56:33.000Z,-62,60.955625,-138.030508
radio434mhz,6133334B,2026-08-11 21:56:35.000Z,-60,60.955650,-138.030491
bluetooth,D2A3B933,2026-08-11 21:56:37.000Z,-44,60.955671,-138.030451,54138,2,0,1571,21.76
radio434mhz,6133334B,2026-08-11 21:56:37.000Z,-64,60.955671,-138.030451
radio434mhz,6133334B,2026-08-11 21:56:40.000Z,-59,60.955697,-138.030437
radio434mhz,6133334B,2026-08-11 21:56:42.000Z,-53,60.955707,-138.030374
radio434mhz,6133334B,2026-08-11 21:56:44.000Z,-57,60.955718,-138.030333
bluetooth,D2A3B933,2026-08-11 21:56:47.000Z,-42,60.955730,-138.030302,47429,2,0,1571,21.58
radio434mhz,6133334B,2026-08-11 21:56:47.000Z,-63,60.955730,-138.030302
radio434mhz,6133334B,2026-08-11 21:56:49.000Z,-53,60.955730,-138.030302
radio434mhz,6133334B,2026-08-11 21:56:51.000Z,-54,60.955744,-138.030277
radio434mhz,6133334B,2026-08-11 21:56:54.000Z,-54,60.955753,-138.030274
radio434mhz,6133334B,2026-08-11 21:56:56.000Z,-64,60.955767,-138.030261
bluetooth,D2A3B933,2026-08-11 21:56:57.000Z,-58,60.955782,-138.030274,28132,2,0,1572,21.65
radio434mhz,6133334B,2026-08-11 21:56:58.000Z,-51,60.955782,-138.030274
radio434mhz,6133334B,2026-08-11 21:57:01.000Z,-60,60.955800,-138.030185
radio434mhz,6133334B,2026-08-11 21:57:03.000Z,-60,60.955819,-138.030133
radio434mhz,6133334B,2026-08-11 21:57:05.000Z,-50,60.955811,-138.030071
radio434mhz,6133334B,2026-08-11 21:57:08.000Z,-61,60.955810,-138.030034
radio434mhz,6133334B,2026-08-11 21:57:10.000Z,-56,60.955823,-138.030024
radio434mhz,6133334B,2026-08-11 21:57:12.000Z,-60,60.955821,-138.029985
radio434mhz,6133334B,2026-08-11 21:57:15.000Z,-55,60.955844,-138.029955
bluetooth,D2A3B933,2026-08-11 21:57:17.000Z,-41,60.955844,-138.029955,25919,2,0,1572,21.63
radio434mhz,6133334B,2026-08-11 21:57:17.000Z,-54,60.955844,-138.029955
radio434mhz,6133334B,2026-08-11 21:57:19.000Z,-50,60.955845,-138.029962
radio434mhz,6133334B,2026-08-11 21:57:22.000Z,-63,60.955870,-138.029867
radio434mhz,6133334B,2026-08-11 21:57:24.000Z,-58,60.955881,-138.029807
radio434mhz,6133334B,2026-08-11 21:57:26.000Z,-67,60.955937,-138.029780
bluetooth,D2A3B933,2026-08-11 21:57:27.000Z,-36,60.955937,-138.029780,50347,2,0,1572,21.28
radio434mhz,6133334B,2026-08-11 21:57:29.000Z,-56,60.955962,-138.029747
radio434mhz,6133334B,2026-08-11 21:57:31.000Z,-64,60.955988,-138.029741
radio434mhz,6133334B,2026-08-11 21:57:33.000Z,-54,60.956024,-138.029731
radio434mhz,6133334B,2026-08-11 21:57:36.000Z,-61,60.956049,-138.029740
radio434mhz,6133334B,2026-08-11 21:57:38.000Z,-66,60.956049,-138.029740
radio434mhz,6133334B,2026-08-11 21:57:40.000Z,-63,60.956051,-138.029696
radio434mhz,6133334B,2026-08-11 21:57:43.000Z,-56,60.956065,-138.029677
radio434mhz,6133334B,2026-08-11 21:57:45.000Z,-74,60.956081,-138.029654
bluetooth,D2A3B933,2026-08-11 21:57:47.000Z,-48,60.956094,-138.029631,46599,2,0,1572,21.15
radio434mhz,6133334B,2026-08-11 21:57:47.000Z,-56,60.956094,-138.029631
radio434mhz,6133334B,2026-08-11 21:57:50.000Z,-60,60.956104,-138.029608
radio434mhz,6133334B,2026-08-11 21:57:52.000Z,-54,60.956092,-138.029610
radio434mhz,6133334B,2026-08-11 21:57:54.000Z,-55,60.956089,-138.029614
radio434mhz,6133334B,2026-08-11 21:57:57.000Z,-60,60.956122,-138.029583
bluetooth,D2A3B933,2026-08-11 21:57:57.000Z,-35,60.956122,-138.029583,61085,2,0,1573,21.02
radio434mhz,6133334B,2026-08-11 21:57:59.000Z,-56,60.956162,-138.029527
radio434mhz,6133334B,2026-08-11 21:58:01.000Z,-53,60.956162,-138.029527
radio434mhz,6133334B,2026-08-11 21:58:04.000Z,-54,60.956173,-138.029449
radio434mhz,6133334B,2026-08-11 21:58:06.000Z,-59,60.956168,-138.029440
bluetooth,D2A3B933,2026-08-11 21:58:07.000Z,-46,60.956172,-138.029382,53038,2,0,1572,21.02
radio434mhz,6133334B,2026-08-11 21:58:08.000Z,-56,60.956172,-138.029382
radio434mhz,6133334B,2026-08-11 21:58:11.000Z,-59,60.956168,-138.029335
radio434mhz,6133334B,2026-08-11 21:58:13.000Z,-64,60.956173,-138.029279
radio434mhz,6133334B,2026-08-11 21:58:15.000Z,-52,60.956167,-138.029212
bluetooth,D2A3B933,2026-08-11 21:58:17.000Z,-47,60.956162,-138.029165,47363,2,0,1572,20.80
radio434mhz,6133334B,2026-08-11 21:58:18.000Z,-57,60.956162,-138.029165
radio434mhz,6133334B,2026-08-11 21:58:20.000Z,-51,60.956147,-138.029142
radio434mhz,6133334B,2026-08-11 21:58:22.000Z,-63,60.956151,-138.029098
radio434mhz,6133334B,2026-08-11 21:58:25.000Z,-54,60.956146,-138.029058
radio434mhz,6133334B,2026-08-11 21:58:27.000Z,-65,60.956136,-138.029021
bluetooth,D2A3B933,2026-08-11 21:58:27.000Z,-45,60.956136,-138.029021,39790,2,0,1571,20.82
radio434mhz,6133334B,2026-08-11 21:58:29.000Z,-59,60.956136,-138.029021
radio434mhz,6133334B,2026-08-11 21:58:32.000Z,-54,60.956124,-138.029015
radio434mhz,6133334B,2026-08-11 21:58:34.000Z,-63,60.956139,-138.029046
radio434mhz,6133334B,2026-08-11 21:58:36.000Z,-47,60.956153,-138.029035
bluetooth,D2A3B933,2026-08-11 21:58:37.000Z,-34,60.956179,-138.029079,34242,2,0,1572,20.49
radio434mhz,6133334B,2026-08-11 21:58:39.000Z,-50,60.956179,-138.029079
radio434mhz,6133334B,2026-08-11 21:58:41.000Z,-54,60.956202,-138.029041
radio434mhz,6133334B,2026-08-11 21:58:43.000Z,-62,60.956227,-138.029020
radio434mhz,6133334B,2026-08-11 21:58:46.000Z,-55,60.956239,-138.028963
bluetooth,D2A3B933,2026-08-11 21:58:47.000Z,-24,60.956239,-138.028963,28672,2,0,1572,20.57
radio434mhz,6133334B,2026-08-11 21:58:48.000Z,-48,60.956259,-138.028975
radio434mhz,6133334B,2026-08-11 21:58:50.000Z,-65,60.956273,-138.028918
radio434mhz,6133334B,2026-08-11 21:58:53.000Z,-56,60.956273,-138.028918
radio434mhz,6133334B,2026-08-11 21:58:55.000Z,-62,60.956290,-138.028882
bluetooth,D2A3B933,2026-08-11 21:58:57.000Z,-44,60.956296,-138.028826,51619,2,0,1572,20.26
radio434mhz,6133334B,2026-08-11 21:58:57.000Z,-54,60.956296,-138.028826
radio434mhz,6133334B,2026-08-11 21:59:00.000Z,-65,60.956305,-138.028767
radio434mhz,6133334B,2026-08-11 21:59:02.000Z,-54,60.956333,-138.028763
radio434mhz,6133334B,2026-08-11 21:59:04.000Z,-56,60.956354,-138.028719
radio434mhz,6133334B,2026-08-11 21:59:07.000Z,-72,60.956372,-138.028694
bluetooth,D2A3B933,2026-08-11 21:59:07.000Z,-43,60.956372,-138.028694,30651,2,0,1572,20.24
radio434mhz,6133334B,2026-08-11 21:59:09.000Z,-55,60.956382,-138.028653
radio434mhz,6133334B,2026-08-11 21:59:11.000Z,-48,60.956403,-138.028663
radio434mhz,6133334B,2026-08-11 21:59:14.000Z,-58,60.956425,-138.028651
radio434mhz,6133334B,2026-08-11 21:59:16.000Z,-55,60.956425,-138.028651
bluetooth,D2A3B933,2026-08-11 21:59:17.000Z,-38,60.956443,-138.028615,45091,2,0,1571,20.39
radio434mhz,6133334B,2026-08-11 21:59:19.000Z,-53,60.956443,-138.028615
radio434mhz,6133334B,2026-08-11 21:59:21.000Z,-64,60.956452,-138.028586
radio434mhz,6133334B,2026-08-11 21:59:23.000Z,-54,60.956476,-138.028569
radio434mhz,6133334B,2026-08-11 21:59:25.000Z,-57,60.956480,-138.028555
bluetooth,D2A3B933,2026-08-11 21:59:27.000Z,-49,60.956507,-138.028577,11594,2,0,1572,20.24
radio434mhz,6133334B,2026-08-11 21:59:28.000Z,-51,60.956507,-138.028577
radio434mhz,6133334B,2026-08-11 21:59:30.000Z,-50,60.956524,-138.028532
radio434mhz,6133334B,2026-08-11 21:59:33.000Z,-51,60.956542,-138.028485
radio434mhz,6133334B,2026-08-11 21:59:35.000Z,-59,60.956567,-138.028440
radio434mhz,6133334B,2026-08-11 21:59:37.000Z,-56,60.956592,-138.028462
bluetooth,D2A3B933,2026-08-11 21:59:38.000Z,-40,60.956592,-138.028462,33156,2,0,1571,20.29
radio434mhz,6133334B,2026-08-11 21:59:40.000Z,-60,60.956613,-138.028446
radio434mhz,6133334B,2026-08-11 21:59:42.000Z,-57,60.956641,-138.028450
radio434mhz,6133334B,2026-08-11 21:59:44.000Z,-55,60.956641,-138.028450
radio434mhz,6133334B,2026-08-11 21:59:47.000Z,-55,60.956666,-138.028429
bluetooth,D2A3B933,2026-08-11 21:59:48.000Z,-45,60.956696,-138.028463,43246,2,0,1571,20.26
radio434mhz,6133334B,2026-08-11 21:59:49.000Z,-54,60.956696,-138.028463
radio434mhz,6133334B,2026-08-11 21:59:51.000Z,-61,60.956721,-138.028465
radio434mhz,6133334B,2026-08-11 21:59:54.000Z,-49,60.956751,-138.028459
radio434mhz,6133334B,2026-08-11 21:59:56.000Z,-52,60.956773,-138.028473
bluetooth,D2A3B933,2026-08-11 21:59:58.000Z,-46,60.956797,-138.028514,54492,2,0,1572,20.06
radio434mhz,6133334B,2026-08-11 21:59:58.000Z,-58,60.956797,-138.028514
radio434mhz,6133334B,2026-08-11 22:00:01.000Z,-63,60.956820,-138.028522
radio434mhz,6133334B,2026-08-11 22:00:03.000Z,-67,60.956838,-138.028547
radio434mhz,6133334B,2026-08-11 22:00:05.000Z,-55,60.956855,-138.028570
radio434mhz,6133334B,2026-08-11 22:00:08.000Z,-71,60.956860,-138.028606
bluetooth,D2A3B933,2026-08-11 22:00:08.000Z,-49,60.956860,-138.028606,61119,2,0,1572,20.26
radio434mhz,6133334B,2026-08-11 22:00:10.000Z,-47,60.956855,-138.028570
radio434mhz,6133334B,2026-08-11 22:00:12.000Z,-77,60.956829,-138.028580
radio434mhz,6133334B,2026-08-11 22:00:15.000Z,-61,60.956838,-138.028640
radio434mhz,6133334B,2026-08-11 22:00:17.000Z,-63,60.956825,-138.028695
radio434mhz,6133334B,2026-08-11 22:00:19.000Z,-50,60.956825,-138.028695
radio434mhz,6133334B,2026-08-11 22:00:22.000Z,-62,60.956808,-138.028673
radio434mhz,6133334B,2026-08-11 22:00:24.000Z,-54,60.956784,-138.028678
radio434mhz,6133334B,2026-08-11 22:00:26.000Z,-67,60.956763,-138.028731
bluetooth,D2A3B933,2026-08-11 22:00:28.000Z,-44,60.956743,-138.028779,1656,2,0,1572,19.94
radio434mhz,6133334B,2026-08-11 22:00:29.000Z,-58,60.956743,-138.028779
radio434mhz,6133334B,2026-08-11 22:00:31.000Z,-55,60.956724,-138.028798
radio434mhz,6133334B,2026-08-11 22:00:33.000Z,-54,60.956697,-138.028828
radio434mhz,6133334B,2026-08-11 22:00:36.000Z,-68,60.956709,-138.028901
bluetooth,D2A3B933,2026-08-11 22:00:38.000Z,-33,60.956702,-138.028957,53195,2,0,1571,19.96
radio434mhz,6133334B,2026-08-11 22:00:38.000Z,-68,60.956702,-138.028957
radio434mhz,6133334B,2026-08-11 22:00:40.000Z,-60,60.956686,-138.029009
radio434mhz,6133334B,2026-08-11 22:00:43.000Z,-73,60.956662,-138.029029
radio434mhz,6133334B,2026-08-11 22:00:45.000Z,-54,60.956637,-138.029051
radio434mhz,6133334B,2026-08-11 22:00:47.000Z,-56,60.956637,-138.029051
bluetooth,D2A3B933,2026-08-11 22:00:48.000Z,-33,60.956632,-138.029103,23334,2,0,1571,19.83
radio434mhz,6133334B,2026-08-11 22:00:50.000Z,-55,60.956632,-138.029103
radio434mhz,6133334B,2026-08-11 22:00:52.000Z,-53,60.956605,-138.029094
radio434mhz,6133334B,2026-08-11 22:00:54.000Z,-49,60.956605,-138.029094
radio434mhz,6133334B,2026-08-11 22:00:57.000Z,-49,60.956570,-138.029083
bluetooth,D2A3B933,2026-08-11 22:00:58.000Z,-42,60.956564,-138.029083,3398,2,0,1572,19.76
radio434mhz,6133334B,2026-08-11 22:00:59.000Z,-59,60.956564,-138.029083
radio434mhz,6133334B,2026-08-11 22:01:01.000Z,-64,60.956535,-138.029088
radio434mhz,6133334B,2026-08-11 22:01:04.000Z,-55,60.956532,-138.029135
radio434mhz,6133334B,2026-08-11 22:01:06.000Z,-54,60.956525,-138.029178
bluetooth,D2A3B933,2026-08-11 22:01:08.000Z,-34,60.956521,-138.029225,57774,2,0,1572,19.63
radio434mhz,6133334B,2026-08-11 22:01:08.000Z,-54,60.956521,-138.029225
radio434mhz,6133334B,2026-08-11 22:01:11.000Z,-55,60.956499,-138.029235
radio434mhz,6133334B,2026-08-11 22:01:13.000Z,-52,60.956484,-138.029263
radio434mhz,6133334B,2026-08-11 22:01:16.000Z,-54,60.956470,-138.029274
radio434mhz,6133334B,2026-08-11 22:01:18.000Z,-65,60.956446,-138.029256
bluetooth,D2A3B933,2026-08-11 22:01:18.000Z,-44,60.956446,-138.029256,15567,2,0,1572,19.91
radio434mhz,6133334B,2026-08-11 22:01:20.000Z,-69,60.956441,-138.029341
radio434mhz,6133334B,2026-08-11 22:01:23.000Z,-52,60.956441,-138.029341
radio434mhz,6133334B,2026-08-11 22:01:25.000Z,-53,60.956435,-138.029402
radio434mhz,6133334B,2026-08-11 22:01:27.000Z,-52,60.956410,-138.029438
bluetooth,D2A3B933,2026-08-11 22:01:28.000Z,-36,60.956393,-138.029476,18341,2,0,1573,19.78
radio434mhz,6133334B,2026-08-11 22:01:30.000Z,-59,60.956393,-138.029476
radio434mhz,6133334B,2026-08-11 22:01:32.000Z,-57,60.956364,-138.029507
radio434mhz,6133334B,2026-08-11 22:01:34.000Z,-52,60.956335,-138.029510
radio434mhz,6133334B,2026-08-11 22:01:37.000Z,-68,60.956320,-138.029557
bluetooth,D2A3B933,2026-08-11 22:01:38.000Z,-44,60.956314,-138.029603,44561,2,0,1571,19.71
radio434mhz,6133334B,2026-08-11 22:01:39.000Z,-59,60.956314,-138.029603
radio434mhz,6133334B,2026-08-11 22:01:41.000Z,-65,60.956309,-138.029647
radio434mhz,6133334B,2026-08-11 22:01:44.000Z,-48,60.956305,-138.029708
radio434mhz,6133334B,2026-08-11 22:01:46.000Z,-49,60.956283,-138.029709
bluetooth,D2A3B933,2026-08-11 22:01:48.000Z,-45,60.956258,-138.029720,63317,2,0,1572,19.58
radio434mhz,6133334B,2026-08-11 22:01:48.000Z,-67,60.956258,-138.029720
radio434mhz,6133334B,2026-08-11 22:01:51.000Z,-53,60.956245,-138.029755
radio434mhz,6133334B,2026-08-11 22:01:53.000Z,-54,60.956227,-138.029789
radio434mhz,6133334B,2026-08-11 22:01:55.000Z,-54,60.956205,-138.029826
radio434mhz,6133334B,2026-08-11 22:01:58.000Z,-50,60.956182,-138.029871
bluetooth,D2A3B933,2026-08-11 22:01:58.000Z,-45,60.956182,-138.029871,9045,2,0,1572,19.81
radio434mhz,6133334B,2026-08-11 22:02:00.000Z,-51,60.956182,-138.029871
radio434mhz,6133334B,2026-08-11 22:02:02.000Z,-46,60.956147,-138.029918
radio434mhz,6133334B,2026-08-11 22:02:05.000Z,-54,60.956149,-138.029909
radio434mhz,6133334B,2026-08-11 22:02:07.000Z,-52,60.956147,-138.029913
radio434mhz,6133334B,2026-08-11 22:02:09.000Z,-62,60.956147,-138.029913
radio434mhz,6133334B,2026-08-11 22:02:12.000Z,-72,60.956135,-138.029958
radio434mhz,6133334B,2026-08-11 22:02:14.000Z,-61,60.956099,-138.029998
radio434mhz,6133334B,2026-08-11 22:02:16.000Z,-59,60.956058,-138.030009
bluetooth,D2A3B933,2026-08-11 22:02:18.000Z,-42,60.956058,-138.030009,12947,2,0,1572,19.61
radio434mhz,6133334B,2026-08-11 22:02:19.000Z,-49,60.956039,-138.030075
radio434mhz,6133334B,2026-08-11 22:02:21.000Z,-50,60.956005,-138.030098
radio434mhz,6133334B,2026-08-11 22:02:23.000Z,-55,60.956000,-138.030139
radio434mhz,6133334B,2026-08-11 22:02:26.000Z,-56,60.956000,-138.030139
bluetooth,D2A3B933,2026-08-11 22:02:28.000Z,-26,60.955998,-138.030160,5550,2,0,1572,19.66
radio434mhz,6133334B,2026-08-11 22:02:28.000Z,-56,60.955998,-138.030160
radio434mhz,6133334B,2026-08-11 22:02:30.000Z,-52,60.955984,-138.030178
radio434mhz,6133334B,2026-08-11 22:02:33.000Z,-68,60.955991,-138.030199
bluetooth,D5F1637A,2026-08-11 22:02:33.000Z,-83,60.955991,-138.030199,14419,2,0,1553,37.75
radio434mhz,6133334B,2026-08-11 22:02:35.000Z,-53,60.955986,-138.030216
radio434mhz,6133334B,2026-08-11 22:02:37.000Z,-51,60.955963,-138.030215
bluetooth,D2A3B933,2026-08-11 22:02:38.000Z,-41,60.955963,-138.030215,58577,2,0,1572,19.48
radio434mhz,6133334B,2026-08-11 22:02:40.000Z,-62,60.955926,-138.030188
radio434mhz,6133334B,2026-08-11 22:02:42.000Z,-56,60.955926,-138.030188
radio434mhz,6133334B,2026-08-11 22:02:45.000Z,-66,60.955899,-138.030197
radio434mhz,6133334B,2026-08-11 22:02:47.000Z,-48,60.955906,-138.030202
bluetooth,D2A3B933,2026-08-11 22:02:48.000Z,-46,60.955895,-138.030240,44466,2,0,1572,19.58
radio434mhz,6133334B,2026-08-11 22:02:49.000Z,-63,60.955895,-138.030240
radio434mhz,6133334B,2026-08-11 22:02:52.000Z,-52,60.955888,-138.030246
radio434mhz,6133334B,2026-08-11 22:02:54.000Z,-56,60.955870,-138.030255
radio434mhz,6133334B,2026-08-11 22:02:56.000Z,-66,60.955863,-138.030304
bluetooth,D5F1637A,2026-08-11 22:02:58.000Z,-81,60.955863,-138.030304,58701,2,0,1554,37.88
bluetooth,D2A3B933,2026-08-11 22:02:58.000Z,-43,60.955863,-138.030304,22836,2,0,1572,19.66
radio434mhz,6133334B,2026-08-11 22:02:59.000Z,-50,60.955846,-138.030338
radio434mhz,6133334B,2026-08-11 22:03:01.000Z,-53,60.955852,-138.030377
radio434mhz,6133334B,2026-08-11 22:03:03.000Z,-49,60.955857,-138.030395
radio434mhz,6133334B,2026-08-11 22:03:06.000Z,-63,60.955857,-138.030395
radio434mhz,6133334B,2026-08-11 22:03:08.000Z,-54,60.955846,-138.030440
bluetooth,D2A3B933,2026-08-11 22:03:08.000Z,-51,60.955821,-138.030471,11233,2,0,1572,19.81
radio434mhz,6133334B,2026-08-11 22:03:10.000Z,-60,60.955821,-138.030471
radio434mhz,6133334B,2026-08-11 22:03:13.000Z,-61,60.955807,-138.030517
radio434mhz,6133334B,2026-08-11 22:03:15.000Z,-58,60.955789,-138.030553
radio434mhz,6133334B,2026-08-11 22:03:17.000Z,-62,60.955790,-138.030623
bluetooth,D2A3B933,2026-08-11 22:03:18.000Z,-36,60.955768,-138.030649,4132,2,0,1572,19.71
radio434mhz,6133334B,2026-08-11 22:03:20.000Z,-60,60.955768,-138.030649
radio434mhz,6133334B,2026-08-11 22:03:22.000Z,-56,60.955740,-138.030656
bluetooth,D5F1637A,2026-08-11 22:03:23.000Z,-82,60.955740,-138.030656,65325,2,0,1553,37.73
radio434mhz,6133334B,2026-08-11 22:03:24.000Z,-58,60.955715,-138.030663
radio434mhz,6133334B,2026-08-11 22:03:27.000Z,-57,60.955700,-138.030711
bluetooth,D2A3B933,2026-08-11 22:03:28.000Z,-47,60.955676,-138.030733,5729,2,0,1572,19.86
radio434mhz,6133334B,2026-08-11 22:03:29.000Z,-54,60.955676,-138.030733
radio434mhz,6133334B,2026-08-11 22:03:31.000Z,-52,60.955673,-138.030786
radio434mhz,6133334B,2026-08-11 22:03:34.000Z,-51,60.955651,-138.030829
radio434mhz,6133334B,2026-08-11 22:03:36.000Z,-49,60.955628,-138.030841
bluetooth,D2A3B933,2026-08-11 22:03:38.000Z,-45,60.955600,-138.030853,33495,2,0,1572,19.83
radio434mhz,6133334B,2026-08-11 22:03:38.000Z,-51,60.955600,-138.030853
radio434mhz,6133334B,2026-08-11 22:03:41.000Z,-51,60.955578,-138.030911
radio434mhz,6133334B,2026-08-11 22:03:43.000Z,-61,60.955578,-138.030911
radio434mhz,6133334B,2026-08-11 22:03:45.000Z,-57,60.955571,-138.030961
radio434mhz,6133334B,2026-08-11 22:03:48.000Z,-68,60.955571,-138.030961
bluetooth,D2A3B933,2026-08-11 22:03:48.000Z,-43,60.955571,-138.030961,15292,2,0,1572,19.94
radio434mhz,6133334B,2026-08-11 22:03:50.000Z,-52,60.955571,-138.030961
radio434mhz,6133334B,2026-08-11 22:03:52.000Z,-48,60.955571,-138.030961
radio434mhz,6133334B,2026-08-11 22:03:55.000Z,-49,60.955571,-138.030961
radio434mhz,6133334B,2026-08-11 22:03:57.000Z,-49,60.955571,-138.030961
bluetooth,D2A3B933,2026-08-11 22:03:58.000Z,-44,60.955571,-138.030961,36789,2,0,1572,19.94
radio434mhz,6133334B,2026-08-11 22:03:59.000Z,-50,60.955571,-138.030961
radio434mhz,6133334B,2026-08-11 22:04:02.000Z,-50,60.955571,-138.030961
radio434mhz,6133334B,2026-08-11 22:04:04.000Z,-51,60.955571,-138.030961
radio434mhz,6133334B,2026-08-11 22:04:07.000Z,-53,60.955571,-138.030961
bluetooth,D2A3B933,2026-08-11 22:04:09.000Z,-47,60.955571,-138.030961,16685,2,0,1573,20.19
radio434mhz,6133334B,2026-08-11 22:04:09.000Z,-52,60.955571,-138.030961
radio434mhz,6133334B,2026-08-11 22:04:11.000Z,-54,60.955571,-138.030961
radio434mhz,6133334B,2026-08-11 22:04:13.000Z,-61,60.955547,-138.030904
radio434mhz,6133334B,2026-08-11 22:04:16.000Z,-53,60.955547,-138.030904
radio434mhz,6133334B,2026-08-11 22:04:18.000Z,-59,60.955457,-138.030956
bluetooth,D2A3B933,2026-08-11 22:04:19.000Z,-44,60.955457,-138.030956,32818,2,0,1571,20.01
radio434mhz,6133334B,2026-08-11 22:04:21.000Z,-61,60.955444,-138.030946
radio434mhz,6133334B,2026-08-11 22:04:23.000Z,-50,60.955418,-138.031019
radio434mhz,6133334B,2026-08-11 22:04:25.000Z,-54,60.955412,-138.031097
radio434mhz,6133334B,2026-08-11 22:04:28.000Z,-60,60.955377,-138.031132
bluetooth,D2A3B933,2026-08-11 22:04:29.000Z,-52,60.955377,-138.031132,56161,2,0,1571,20.21
radio434mhz,6133334B,2026-08-11 22:04:30.000Z,-56,60.955352,-138.031166
radio434mhz,6133334B,2026-08-11 22:04:32.000Z,-66,60.955330,-138.031187
radio434mhz,6133334B,2026-08-11 22:04:35.000Z,-56,60.955317,-138.031245
radio434mhz,6133334B,2026-08-11 22:04:37.000Z,-54,60.955296,-138.031279
bluetooth,D2A3B933,2026-08-11 22:04:39.000Z,-47,60.955296,-138.031279,47780,2,0,1573,20.06
radio434mhz,6133334B,2026-08-11 22:04:39.000Z,-54,60.955296,-138.031279
radio434mhz,6133334B,2026-08-11 22:04:42.000Z,-50,60.955269,-138.031326
radio434mhz,6133334B,2026-08-11 22:04:44.000Z,-60,60.955250,-138.031389
radio434mhz,6133334B,2026-08-11 22:04:46.000Z,-56,60.955230,-138.031442
radio434mhz,6133334B,2026-08-11 22:04:49.000Z,-60,60.955207,-138.031455
bluetooth,D2A3B933,2026-08-11 22:04:49.000Z,-41,60.955207,-138.031455,34894,2,0,1572,20.21
radio434mhz,6133334B,2026-08-11 22:04:51.000Z,-62,60.955191,-138.031410
radio434mhz,6133334B,2026-08-11 22:04:53.000Z,-66,60.955161,-138.031392
radio434mhz,6133334B,2026-08-11 22:04:56.000Z,-58,60.955132,-138.031475
radio434mhz,6133334B,2026-08-11 22:04:58.000Z,-53,60.955111,-138.031508
bluetooth,D2A3B933,2026-08-11 22:04:59.000Z,-44,60.955111,-138.031508,14701,2,0,1572,20.19
radio434mhz,6133334B,2026-08-11 22:05:00.000Z,-50,60.955073,-138.031465
radio434mhz,6133334B,2026-08-11 22:05:03.000Z,-52,60.955050,-138.031482
radio434mhz,6133334B,2026-08-11 22:05:05.000Z,-49,60.955046,-138.031532
radio434mhz,6133334B,2026-08-11 22:05:07.000Z,-60,60.955024,-138.031582
bluetooth,D2A3B933,2026-08-11 22:05:09.000Z,-61,60.955024,-138.031582,11222,2,0,1572,20.04
radio434mhz,6133334B,2026-08-11 22:05:10.000Z,-53,60.955006,-138.031639
radio434mhz,6133334B,2026-08-11 22:05:12.000Z,-56,60.954982,-138.031652
radio434mhz,6133334B,2026-08-11 22:05:14.000Z,-54,60.954966,-138.031712
radio434mhz,6133334B,2026-08-11 22:05:17.000Z,-58,60.954971,-138.031775
bluetooth,D2A3B933,2026-08-11 22:05:19.000Z,-42,60.954971,-138.031775,14703,2,0,1570,20.24
radio434mhz,6133334B,2026-08-11 22:05:19.000Z,-79,60.954987,-138.031863
radio434mhz,6133334B,2026-08-11 22:05:21.000Z,-54,60.954987,-138.031863
radio434mhz,6133334B,2026-08-11 22:05:24.000Z,-54,60.954991,-138.031920
radio434mhz,6133334B,2026-08-11 22:05:26.000Z,-57,60.954983,-138.031960
radio434mhz,6133334B,2026-08-11 22:05:28.000Z,-57,60.954962,-138.031996
bluetooth,D2A3B933,2026-08-11 22:05:29.000Z,-42,60.954962,-138.031996,26253,2,0,1571,20.06
radio434mhz,6133334B,2026-08-11 22:05:31.000Z,-60,60.954934,-138.031929
radio434mhz,6133334B,2026-08-11 22:05:33.000Z,-54,60.954906,-138.031932
radio434mhz,6133334B,2026-08-11 22:05:35.000Z,-79,60.954887,-138.031956
radio434mhz,6133334B,2026-08-11 22:05:38.000Z,-56,60.954890,-138.032003
bluetooth,D2A3B933,2026-08-11 22:05:39.000Z,-49,60.954890,-138.032003,49244,2,0,1572,20.16
radio434mhz,6133334B,2026-08-11 22:05:40.000Z,-52,60.954934,-138.032051
radio434mhz,6133334B,2026-08-11 22:05:42.000Z,-60,60.954940,-138.032100
radio434mhz,6133334B,2026-08-11 22:05:45.000Z,-60,60.954950,-138.032126
radio434mhz,6133334B,2026-08-11 22:05:47.000Z,-54,60.954950,-138.032126
bluetooth,D2A3B933,2026-08-11 22:05:49.000Z,-50,60.954980,-138.032064,59407,2,0,1572,20.09
radio434mhz,6133334B,2026-08-11 22:05:49.000Z,-49,60.954980,-138.032064
radio434mhz,6133334B,2026-08-11 22:05:52.000Z,-51,60.954997,-138.032043
radio434mhz,6133334B,2026-08-11 22:05:54.000Z,-53,60.955038,-138.032068
radio434mhz,6133334B,2026-08-11 22:05:56.000Z,-46,60.955067,-138.032068
radio434mhz,6133334B,2026-08-11 22:05:59.000Z,-51,60.955093,-138.032023
bluetooth,D2A3B933,2026-08-11 22:05:59.000Z,-41,60.955093,-138.032023,57683,2,0,1572,20.26
radio434mhz,6133334B,2026-08-11 22:06:01.000Z,-54,60.955112,-138.031983
radio434mhz,6133334B,2026-08-11 22:06:03.000Z,-54,60.955112,-138.031983
radio434mhz,6133334B,2026-08-11 22:06:06.000Z,-58,60.955132,-138.031952
radio434mhz,6133334B,2026-08-11 22:06:08.000Z,-53,60.955167,-138.031975
bluetooth,D2A3B933,2026-08-11 22:06:09.000Z,-47,60.955193,-138.031963,3358,2,0,1571,20.04
radio434mhz,6133334B,2026-08-11 22:06:11.000Z,-56,60.955193,-138.031963
radio434mhz,6133334B,2026-08-11 22:06:13.000Z,-50,60.955226,-138.031994
radio434mhz,6133334B,2026-08-11 22:06:15.000Z,-55,60.955253,-138.031922
radio434mhz,6133334B,2026-08-11 22:06:18.000Z,-64,60.955280,-138.031900
bluetooth,D2A3B933,2026-08-11 22:06:19.000Z,-36,60.955304,-138.031792,30702,2,0,1572,20.16
radio434mhz,6133334B,2026-08-11 22:06:20.000Z,-47,60.955304,-138.031792
radio434mhz,6133334B,2026-08-11 22:06:22.000Z,-56,60.955311,-138.031754
radio434mhz,6133334B,2026-08-11 22:06:25.000Z,-57,60.955300,-138.031761
radio434mhz,6133334B,2026-08-11 22:06:27.000Z,-53,60.955305,-138.031747
bluetooth,D2A3B933,2026-08-11 22:06:29.000Z,-24,60.955350,-138.031704,46811,2,0,1571,20.16
radio434mhz,6133334B,2026-08-11 22:06:29.000Z,-54,60.955350,-138.031704
radio434mhz,6133334B,2026-08-11 22:06:32.000Z,-62,60.955355,-138.031643
radio434mhz,6133334B,2026-08-11 22:06:34.000Z,-48,60.955370,-138.031587
radio434mhz,6133334B,2026-08-11 22:06:36.000Z,-60,60.955394,-138.031540
radio434mhz,6133334B,2026-08-11 22:06:39.000Z,-56,60.955394,-138.031540
bluetooth,D2A3B933,2026-08-11 22:06:39.000Z,-49,60.955394,-138.031540,40832,2,0,1572,20.06
radio434mhz,6133334B,2026-08-11 22:06:41.000Z,-64,60.955420,-138.031487
radio434mhz,6133334B,2026-08-11 22:06:43.000Z,-51,60.955440,-138.031437
radio434mhz,6133334B,2026-08-11 22:06:46.000Z,-64,60.955456,-138.031373
radio434mhz,6133334B,2026-08-11 22:06:48.000Z,-59,60.955459,-138.031304
bluetooth,D2A3B933,2026-08-11 22:06:49.000Z,-61,60.955474,-138.031253,50075,2,0,1572,19.96
radio434mhz,6133334B,2026-08-11 22:06:50.000Z,-56,60.955474,-138.031253
radio434mhz,6133334B,2026-08-11 22:06:53.000Z,-53,60.955481,-138.031206
radio434mhz,6133334B,2026-08-11 22:06:55.000Z,-74,60.955491,-138.031171
radio434mhz,6133334B,2026-08-11 22:06:57.000Z,-73,60.955495,-138.031104
bluetooth,D2A3B933,2026-08-11 22:06:59.000Z,-35,60.955495,-138.031104,47990,2,0,1572,19.78
radio434mhz,6133334B,2026-08-11 22:07:00.000Z,-57,60.955465,-138.031049
radio434mhz,6133334B,2026-08-11 22:07:02.000Z,-73,60.955465,-138.031049
radio434mhz,6133334B,2026-08-11 22:07:04.000Z,-51,60.955478,-138.030986
radio434mhz,6133334B,2026-08-11 22:07:07.000Z,-54,60.955467,-138.030930
radio434mhz,6133334B,2026-08-11 22:07:09.000Z,-61,60.955497,-138.030901
bluetooth,D2A3B933,2026-08-11 22:07:09.000Z,-40,60.955497,-138.030901,53562,2,0,1572,20.01
radio434mhz,6133334B,2026-08-11 22:07:11.000Z,-55,60.955528,-138.030925
radio434mhz,6133334B,2026-08-11 22:07:14.000Z,-52,60.955559,-138.030976
radio434mhz,6133334B,2026-08-11 22:07:16.000Z,-66,60.955585,-138.030949
bluetooth,D5F1637A,2026-08-11 22:07:16.000Z,-86,60.955585,-138.030949,45425,2,0,1552,33.18
radio434mhz,6133334B,2026-08-11 22:07:18.000Z,-64,60.955606,-138.030901
bluetooth,D2A3B933,2026-08-11 22:07:19.000Z,-43,60.955606,-138.030901,56714,2,0,1572,19.86
radio434mhz,6133334B,2026-08-11 22:07:21.000Z,-66,60.955621,-138.030852
radio434mhz,6133334B,2026-08-11 22:07:23.000Z,-60,60.955640,-138.030847
radio434mhz,6133334B,2026-08-11 22:07:25.000Z,-47,60.955640,-138.030847
bluetooth,D5F1637A,2026-08-11 22:07:26.000Z,-82,60.955664,-138.030834,18981,2,0,1553,32.93
radio434mhz,6133334B,2026-08-11 22:07:28.000Z,-54,60.955664,-138.030834
bluetooth,D2A3B933,2026-08-11 22:07:29.000Z,-44,60.955676,-138.030775,9711,2,0,1572,20.14
radio434mhz,6133334B,2026-08-11 22:07:30.000Z,-55,60.955676,-138.030775
bluetooth,D5F1637A,2026-08-11 22:07:31.000Z,-70,60.955676,-138.030775,40463,2,0,1553,32.70
radio434mhz,6133334B,2026-08-11 22:07:33.000Z,-51,60.955694,-138.030741
radio434mhz,6133334B,2026-08-11 22:07:35.000Z,-57,60.955710,-138.030725
bluetooth,D5F1637A,2026-08-11 22:07:36.000Z,-77,60.955710,-138.030725,2331,2,0,1554,32.70
radio434mhz,6133334B,2026-08-11 22:07:37.000Z,-51,60.955723,-138.030671
bluetooth,D2A3B933,2026-08-11 22:07:39.000Z,-59,60.955723,-138.030671,58996,2,0,1572,20.21
radio434mhz,6133334B,2026-08-11 22:07:40.000Z,-51,60.955723,-138.030671
bluetooth,D5F1637A,2026-08-11 22:07:41.000Z,-76,60.955753,-138.030644,7184,2,0,1554,32.67
radio434mhz,6133334B,2026-08-11 22:07:42.000Z,-62,60.955753,-138.030644
radio434mhz,6133334B,2026-08-11 22:07:44.000Z,-53,60.955764,-138.030612
bluetooth,D5F1637A,2026-08-11 22:07:46.000Z,-76,60.955786,-138.030582,63156,2,0,1553,32.60
radio434mhz,6133334B,2026-08-11 22:07:47.000Z,-56,60.955786,-138.030582
radio434mhz,6133334B,2026-08-11 22:07:49.000Z,-58,60.955793,-138.030503
bluetooth,D2A3B933,2026-08-11 22:07:49.000Z,-47,60.955793,-138.030503,4370,2,0,1572,20.06
radio434mhz,6133334B,2026-08-11 22:07:51.000Z,-53,60.955808,-138.030461
radio434mhz,6133334B,2026-08-11 22:07:54.000Z,-68,60.955841,-138.030444
radio434mhz,6133334B,2026-08-11 22:07:56.000Z,-65,60.955867,-138.030411
bluetooth,D5F1637A,2026-08-11 22:07:56.000Z,-76,60.955867,-138.030411,7976,2,0,1554,32.62
radio434mhz,6133334B,2026-08-11 22:07:58.000Z,-55,60.955880,-138.030402
bluetooth,D2A3B933,2026-08-11 22:07:59.000Z,-43,60.955880,-138.030402,47935,2,0,1572,20.16
radio434mhz,6133334B,2026-08-11 22:08:01.000Z,-65,60.955902,-138.030397
radio434mhz,6133334B,2026-08-11 22:08:03.000Z,-50,60.955902,-138.030397
radio434mhz,6133334B,2026-08-11 22:08:05.000Z,-62,60.955927,-138.030441
radio434mhz,6133334B,2026-08-11 22:08:08.000Z,-55,60.955956,-138.030411
bluetooth,D2A3B933,2026-08-11 22:08:09.000Z,-49,60.955966,-138.030355,41933,2,0,1572,20.34
radio434mhz,6133334B,2026-08-11 22:08:10.000Z,-59,60.955966,-138.030355
radio434mhz,6133334B,2026-08-11 22:08:12.000Z,-66,60.955968,-138.030290
radio434mhz,6133334B,2026-08-11 22:08:15.000Z,-51,60.955994,-138.030237
radio434mhz,6133334B,2026-08-11 22:08:17.000Z,-53,60.956013,-138.030213
radio434mhz,6133334B,2026-08-11 22:08:19.000Z,-65,60.956038,-138.030200
bluetooth,D2A3B933,2026-08-11 22:08:19.000Z,-45,60.956038,-138.030200,18565,2,0,1572,20.37
radio434mhz,6133334B,2026-08-11 22:08:22.000Z,-63,60.956065,-138.030173
radio434mhz,6133334B,2026-08-11 22:08:24.000Z,-55,60.956088,-138.030155
radio434mhz,6133334B,2026-08-11 22:08:26.000Z,-58,60.956088,-138.030155
radio434mhz,6133334B,2026-08-11 22:08:29.000Z,-51,60.956115,-138.030167
bluetooth,D2A3B933,2026-08-11 22:08:30.000Z,-42,60.956124,-138.030156,9530,2,0,1573,20.16
radio434mhz,6133334B,2026-08-11 22:08:31.000Z,-54,60.956124,-138.030156
radio434mhz,6133334B,2026-08-11 22:08:34.000Z,-51,60.956133,-138.030111
radio434mhz,6133334B,2026-08-11 22:08:36.000Z,-62,60.956161,-138.030114
radio434mhz,6133334B,2026-08-11 22:08:38.000Z,-56,60.956186,-138.030129
bluetooth,D2A3B933,2026-08-11 22:08:40.000Z,-56,60.956190,-138.030124,15820,2,0,1571,20.19
radio434mhz,6133334B,2026-08-11 22:08:41.000Z,-70,60.956190,-138.030124
radio434mhz,6133334B,2026-08-11 22:08:43.000Z,-51,60.956212,-138.030160
radio434mhz,6133334B,2026-08-11 22:08:45.000Z,-55,60.956221,-138.030105
radio434mhz,6133334B,2026-08-11 22:08:48.000Z,-54,60.956243,-138.030076
bluetooth,D2A3B933,2026-08-11 22:08:50.000Z,-52,60.956267,-138.030047,48469,2,0,1572,20.01
radio434mhz,6133334B,2026-08-11 22:08:50.000Z,-53,60.956267,-138.030047
radio434mhz,6133334B,2026-08-11 22:08:52.000Z,-70,60.956297,-138.030043
radio434mhz,6133334B,2026-08-11 22:08:55.000Z,-59,60.956315,-138.030000
radio434mhz,6133334B,2026-08-11 22:08:57.000Z,-49,60.956318,-138.029939
radio434mhz,6133334B,2026-08-11 22:08:59.000Z,-54,60.956289,-138.029887
bluetooth,D2A3B933,2026-08-11 22:09:00.000Z,-60,60.956289,-138.029887,23749,2,0,1572,19.86
radio434mhz,6133334B,2026-08-11 22:09:02.000Z,-54,60.956277,-138.029846
radio434mhz,6133334B,2026-08-11 22:09:04.000Z,-53,60.956282,-138.029812
radio434mhz,6133334B,2026-08-11 22:09:06.000Z,-52,60.956255,-138.029800
radio434mhz,6133334B,2026-08-11 22:09:09.000Z,-67,60.956255,-138.029800
bluetooth,D2A3B933,2026-08-11 22:09:10.000Z,-42,60.956224,-138.029764,24212,2,0,1571,20.16
radio434mhz,6133334B,2026-08-11 22:09:11.000Z,-54,60.956224,-138.029764
radio434mhz,6133334B,2026-08-11 22:09:13.000Z,-50,60.956219,-138.029740
radio434mhz,6133334B,2026-08-11 22:09:16.000Z,-59,60.956236,-138.029703
radio434mhz,6133334B,2026-08-11 22:09:18.000Z,-57,60.956245,-138.029666
bluetooth,D2A3B933,2026-08-11 22:09:20.000Z,-17,60.956245,-138.029666,9700,2,0,1571,20.39
radio434mhz,6133334B,2026-08-11 22:09:20.000Z,-66,60.956266,-138.029664
radio434mhz,6133334B,2026-08-11 22:09:23.000Z,-56,60.956280,-138.029654
radio434mhz,6133334B,2026-08-11 22:09:25.000Z,-51,60.956280,-138.029654
radio434mhz,6133334B,2026-08-11 22:09:27.000Z,-67,60.956298,-138.029644
bluetooth,D2A3B933,2026-08-11 22:09:30.000Z,-42,60.956310,-138.029590,10934,2,0,1572,19.83
radio434mhz,6133334B,2026-08-11 22:09:30.000Z,-55,60.956310,-138.029590
radio434mhz,6133334B,2026-08-11 22:09:32.000Z,-61,60.956323,-138.029560
radio434mhz,6133334B,2026-08-11 22:09:35.000Z,-59,60.956353,-138.029616
radio434mhz,6133334B,2026-08-11 22:09:37.000Z,-50,60.956382,-138.029640
radio434mhz,6133334B,2026-08-11 22:09:39.000Z,-58,60.956387,-138.029604
radio434mhz,6133334B,2026-08-11 22:09:42.000Z,-54,60.956384,-138.029553
radio434mhz,6133334B,2026-08-11 22:09:44.000Z,-66,60.956362,-138.029525
radio434mhz,6133334B,2026-08-11 22:09:46.000Z,-60,60.956343,-138.029483
radio434mhz,6133334B,2026-08-11 22:09:49.000Z,-56,60.956340,-138.029478
bluetooth,D2A3B933,2026-08-11 22:09:50.000Z,-17,60.956340,-138.029478,58901,2,0,1572,19.99
radio434mhz,6133334B,2026-08-11 22:09:51.000Z,-60,60.956354,-138.029420
radio434mhz,6133334B,2026-08-11 22:09:53.000Z,-70,60.956395,-138.029375
radio434mhz,6133334B,2026-08-11 22:09:56.000Z,-59,60.956395,-138.029375
radio434mhz,6133334B,2026-08-11 22:09:58.000Z,-63,60.956415,-138.029346
bluetooth,D2A3B933,2026-08-11 22:10:00.000Z,-41,60.956435,-138.029320,57938,2,0,1572,20.14
radio434mhz,6133334B,2026-08-11 22:10:00.000Z,-56,60.956435,-138.029320
radio434mhz,6133334B,2026-08-11 22:10:03.000Z,-73,60.956431,-138.029262
radio434mhz,6133334B,2026-08-11 22:10:05.000Z,-51,60.956458,-138.029252
radio434mhz,6133334B,2026-08-11 22:10:07.000Z,-53,60.956487,-138.029245
radio434mhz,6133334B,2026-08-11 22:10:10.000Z,-52,60.956517,-138.029242
bluetooth,D2A3B933,2026-08-11 22:10:10.000Z,-43,60.956517,-138.029242,11397,2,0,1571,19.96
radio434mhz,6133334B,2026-08-11 22:10:12.000Z,-60,60.956542,-138.029266
radio434mhz,6133334B,2026-08-11 22:10:14.000Z,-56,60.956568,-138.029283
radio434mhz,6133334B,2026-08-11 22:10:17.000Z,-60,60.956591,-138.029304
radio434mhz,6133334B,2026-08-11 22:10:19.000Z,-60,60.956591,-138.029304
bluetooth,D2A3B933,2026-08-11 22:10:20.000Z,-42,60.956617,-138.029334,47854,2,0,1572,19.78
radio434mhz,6133334B,2026-08-11 22:10:21.000Z,-54,60.956617,-138.029334
radio434mhz,6133334B,2026-08-11 22:10:24.000Z,-56,60.956645,-138.029355
radio434mhz,6133334B,2026-08-11 22:10:26.000Z,-55,60.956678,-138.029291
radio434mhz,6133334B,2026-08-11 22:10:28.000Z,-58,60.956701,-138.029288
bluetooth,D2A3B933,2026-08-11 22:10:30.000Z,-53,60.956725,-138.029298,39885,2,0,1573,19.73
radio434mhz,6133334B,2026-08-11 22:10:31.000Z,-50,60.956725,-138.029298
radio434mhz,6133334B,2026-08-11 22:10:33.000Z,-67,60.956741,-138.029271
radio434mhz,6133334B,2026-08-11 22:10:35.000Z,-50,60.956738,-138.029212
radio434mhz,6133334B,2026-08-11 22:10:38.000Z,-50,60.956739,-138.029163
bluetooth,D2A3B933,2026-08-11 22:10:40.000Z,-40,60.956729,-138.029107,15249,2,0,1571,19.58
radio434mhz,6133334B,2026-08-11 22:10:40.000Z,-62,60.956729,-138.029107
radio434mhz,6133334B,2026-08-11 22:10:42.000Z,-55,60.956723,-138.029049
radio434mhz,6133334B,2026-08-11 22:10:45.000Z,-56,60.956774,-138.028999
radio434mhz,6133334B,2026-08-11 22:10:47.000Z,-58,60.956788,-138.028940
radio434mhz,6133334B,2026-08-11 22:10:49.000Z,-63,60.956825,-138.028917
bluetooth,D2A3B933,2026-08-11 22:10:50.000Z,-42,60.956825,-138.028917,6060,2,0,1572,19.43
radio434mhz,6133334B,2026-08-11 22:10:52.000Z,-61,60.956829,-138.028871
radio434mhz,6133334B,2026-08-11 22:10:54.000Z,-62,60.956848,-138.028838
radio434mhz,6133334B,2026-08-11 22:10:56.000Z,-62,60.956850,-138.028778
radio434mhz,6133334B,2026-08-11 22:10:59.000Z,-54,60.956850,-138.028778
bluetooth,D2A3B933,2026-08-11 22:11:00.000Z,-32,60.956851,-138.028740,29361,2,0,1573,19.20
radio434mhz,6133334B,2026-08-11 22:11:01.000Z,-51,60.956851,-138.028740
radio434mhz,6133334B,2026-08-11 22:11:04.000Z,-54,60.956837,-138.028710
radio434mhz,6133334B,2026-08-11 22:11:06.000Z,-54,60.956787,-138.028732
radio434mhz,6133334B,2026-08-11 22:11:08.000Z,-55,60.956763,-138.028762
bluetooth,D2A3B933,2026-08-11 22:11:10.000Z,-36,60.956744,-138.028833,33585,2,0,1571,19.30
radio434mhz,6133334B,2026-08-11 22:11:11.000Z,-61,60.956744,-138.028833
radio434mhz,6133334B,2026-08-11 22:11:13.000Z,-53,60.956740,-138.028884
radio434mhz,6133334B,2026-08-11 22:11:15.000Z,-51,60.956740,-138.028884
radio434mhz,6133334B,2026-08-11 22:11:18.000Z,-52,60.956726,-138.028922
radio434mhz,6133334B,2026-08-11 22:11:20.000Z,-66,60.956724,-138.028908
bluetooth,D2A3B933,2026-08-11 22:11:20.000Z,-55,60.956724,-138.028908,28994,2,0,1572,19.33
radio434mhz,6133334B,2026-08-11 22:11:22.000Z,-69,60.956726,-138.028906
radio434mhz,6133334B,2026-08-11 22:11:25.000Z,-60,60.956738,-138.028911
radio434mhz,6133334B,2026-08-11 22:11:27.000Z,-69,60.956753,-138.028924
radio434mhz,6133334B,2026-08-11 22:11:29.000Z,-52,60.956753,-138.028924
bluetooth,D2A3B933,2026-08-11 22:11:30.000Z,-43,60.956772,-138.028930,19098,2,0,1571,19.28
radio434mhz,6133334B,2026-08-11 22:11:32.000Z,-54,60.956772,-138.028930
radio434mhz,6133334B,2026-08-11 22:11:34.000Z,-60,60.956829,-138.028950
radio434mhz,6133334B,2026-08-11 22:11:36.000Z,-57,60.956861,-138.029009
radio434mhz,6133334B,2026-08-11 22:11:39.000Z,-56,60.956871,-138.029088
bluetooth,D2A3B933,2026-08-11 22:11:40.000Z,-41,60.956871,-138.029088,4487,2,0,1572,19.20
radio434mhz,6133334B,2026-08-11 22:11:41.000Z,-61,60.956846,-138.029102
radio434mhz,6133334B,2026-08-11 22:11:43.000Z,-60,60.956854,-138.029146
radio434mhz,6133334B,2026-08-11 22:11:46.000Z,-63,60.956840,-138.029169
radio434mhz,6133334B,2026-08-11 22:11:48.000Z,-56,60.956840,-138.029169
bluetooth,D2A3B933,2026-08-11 22:11:50.000Z,-37,60.956830,-138.029211,63991,2,0,1571,19.38
radio434mhz,6133334B,2026-08-11 22:11:50.000Z,-56,60.956830,-138.029211
radio434mhz,6133334B,2026-08-11 22:11:53.000Z,-62,60.956828,-138.029244
radio434mhz,6133334B,2026-08-11 22:11:55.000Z,-52,60.956857,-138.029246
radio434mhz,6133334B,2026-08-11 22:11:57.000Z,-59,60.956854,-138.029306
radio434mhz,6133334B,2026-08-11 22:12:00.000Z,-52,60.956837,-138.029355
bluetooth,D2A3B933,2026-08-11 22:12:00.000Z,-50,60.956837,-138.029355,54279,2,0,1572,19.33
radio434mhz,6133334B,2026-08-11 22:12:02.000Z,-56,60.956813,-138.029401
radio434mhz,6133334B,2026-08-11 22:12:04.000Z,-57,60.956829,-138.029450
radio434mhz,6133334B,2026-08-11 22:12:07.000Z,-53,60.956842,-138.029477
radio434mhz,6133334B,2026-08-11 22:12:09.000Z,-64,60.956842,-138.029477
bluetooth,D2A3B933,2026-08-11 22:12:10.000Z,-28,60.956839,-138.029471,37588,2,0,1573,19.38
radio434mhz,6133334B,2026-08-11 22:12:11.000Z,-53,60.956839,-138.029471
radio434mhz,6133334B,2026-08-11 22:12:14.000Z,-54,60.956838,-138.029468
radio434mhz,6133334B,2026-08-11 22:12:16.000Z,-55,60.956823,-138.029511
radio434mhz,6133334B,2026-08-11 22:12:19.000Z,-63,60.956811,-138.029561
bluetooth,D2A3B933,2026-08-11 22:12:20.000Z,-41,60.956833,-138.029653,59256,2,0,1572,19.58
radio434mhz,6133334B,2026-08-11 22:12:21.000Z,-57,60.956833,-138.029653
radio434mhz,6133334B,2026-08-11 22:12:23.000Z,-54,60.956824,-138.029714
radio434mhz,6133334B,2026-08-11 22:12:26.000Z,-59,60.956869,-138.029755
radio434mhz,6133334B,2026-08-11 22:12:28.000Z,-54,60.956891,-138.029814
radio434mhz,6133334B,2026-08-11 22:12:30.000Z,-66,60.956896,-138.029895
bluetooth,D2A3B933,2026-08-11 22:12:30.000Z,-36,60.956896,-138.029895,37970,2,0,1572,19.53
radio434mhz,6133334B,2026-08-11 22:12:33.000Z,-59,60.956889,-138.029946
radio434mhz,6133334B,2026-08-11 22:12:35.000Z,-56,60.956879,-138.029997
radio434mhz,6133334B,2026-08-11 22:12:37.000Z,-60,60.956881,-138.030021
radio434mhz,6133334B,2026-08-11 22:12:40.000Z,-60,60.956865,-138.030036
bluetooth,D2A3B933,2026-08-11 22:12:40.000Z,-37,60.956865,-138.030036,12517,2,0,1571,19.35
radio434mhz,6133334B,2026-08-11 22:12:42.000Z,-48,60.956865,-138.030036
radio434mhz,6133334B,2026-08-11 22:12:44.000Z,-54,60.956857,-138.030081
radio434mhz,6133334B,2026-08-11 22:12:47.000Z,-54,60.956839,-138.030127
radio434mhz,6133334B,2026-08-11 22:12:49.000Z,-52,60.956826,-138.030181
bluetooth,D2A3B933,2026-08-11 22:12:50.000Z,-54,60.956809,-138.030236,47052,2,0,1572,19.33
radio434mhz,6133334B,2026-08-11 22:12:51.000Z,-48,60.956809,-138.030236
radio434mhz,6133334B,2026-08-11 22:12:54.000Z,-58,60.956802,-138.030290
radio434mhz,6133334B,2026-08-11 22:12:56.000Z,-70,60.956824,-138.030376
radio434mhz,6133334B,2026-08-11 22:12:58.000Z,-57,60.956842,-138.030410
radio434mhz,6133334B,2026-08-11 22:13:01.000Z,-56,60.956827,-138.030447
radio434mhz,6133334B,2026-08-11 22:13:03.000Z,-51,60.956820,-138.030450
radio434mhz,6133334B,2026-08-11 22:13:05.000Z,-49,60.956820,-138.030450
radio434mhz,6133334B,2026-08-11 22:13:08.000Z,-49,60.956810,-138.030463
radio434mhz,6133334B,2026-08-11 22:13:10.000Z,-54,60.956803,-138.030497
radio434mhz,6133334B,2026-08-11 22:13:12.000Z,-79,60.956795,-138.030529
radio434mhz,6133334B,2026-08-11 22:13:15.000Z,-52,60.956798,-138.030528
radio434mhz,6133334B,2026-08-11 22:13:17.000Z,-52,60.956785,-138.030589
radio434mhz,6133334B,2026-08-11 22:13:19.000Z,-50,60.956792,-138.030565
bluetooth,D2A3B933,2026-08-11 22:13:20.000Z,-39,60.956792,-138.030565,33811,2,0,1571,18.98
radio434mhz,6133334B,2026-08-11 22:13:22.000Z,-60,60.956783,-138.030624
radio434mhz,6133334B,2026-08-11 22:13:24.000Z,-60,60.956813,-138.030628
radio434mhz,6133334B,2026-08-11 22:13:26.000Z,-55,60.956813,-138.030628
radio434mhz,6133334B,2026-08-11 22:13:29.000Z,-57,60.956811,-138.030648
bluetooth,D2A3B933,2026-08-11 22:13:30.000Z,-51,60.956796,-138.030646,54313,2,0,1572,19.25
radio434mhz,6133334B,2026-08-11 22:13:31.000Z,-61,60.956796,-138.030646
radio434mhz,6133334B,2026-08-11 22:13:33.000Z,-62,60.956772,-138.030662
radio434mhz,6133334B,2026-08-11 22:13:36.000Z,-45,60.956754,-138.030755
radio434mhz,6133334B,2026-08-11 22:13:38.000Z,-63,60.956758,-138.030821
radio434mhz,6133334B,2026-08-11 22:13:41.000Z,-54,60.956738,-138.030844
bluetooth,D2A3B933,2026-08-11 22:13:41.000Z,-45,60.956738,-138.030844,52037,2,0,1572,19.00
radio434mhz,6133334B,2026-08-11 22:13:43.000Z,-59,60.956725,-138.030884
radio434mhz,6133334B,2026-08-11 22:13:45.000Z,-53,60.956746,-138.030953
radio434mhz,6133334B,2026-08-11 22:13:48.000Z,-56,60.956752,-138.031006
radio434mhz,6133334B,2026-08-11 22:13:50.000Z,-71,60.956742,-138.031080
bluetooth,D2A3B933,2026-08-11 22:13:51.000Z,-41,60.956742,-138.031080,5972,2,0,1573,19.30
radio434mhz,6133334B,2026-08-11 22:13:52.000Z,-52,60.956742,-138.031080
radio434mhz,6133334B,2026-08-11 22:13:55.000Z,-49,60.956716,-138.031157
radio434mhz,6133334B,2026-08-11 22:13:57.000Z,-59,60.956700,-138.031229
radio434mhz,6133334B,2026-08-11 22:13:59.000Z,-56,60.956662,-138.031263
bluetooth,D2A3B933,2026-08-11 22:14:01.000Z,-63,60.956632,-138.031287,20036,2,0,1572,18.92
radio434mhz,6133334B,2026-08-11 22:14:02.000Z,-55,60.956632,-138.031287
radio434mhz,6133334B,2026-08-11 22:14:04.000Z,-59,60.956606,-138.031249
radio434mhz,6133334B,2026-08-11 22:14:06.000Z,-56,60.956596,-138.031193
radio434mhz,6133334B,2026-08-11 22:14:09.000Z,-52,60.956578,-138.031140
bluetooth,D2A3B933,2026-08-11 22:14:11.000Z,-44,60.956558,-138.031095,61415,2,0,1573,19.10
radio434mhz,6133334B,2026-08-11 22:14:11.000Z,-53,60.956558,-138.031095
radio434mhz,6133334B,2026-08-11 22:14:13.000Z,-54,60.956544,-138.031105
radio434mhz,6133334B,2026-08-11 22:14:16.000Z,-73,60.956527,-138.031150
radio434mhz,6133334B,2026-08-11 22:14:18.000Z,-61,60.956527,-138.031150
radio434mhz,6133334B,2026-08-11 22:14:20.000Z,-55,60.956502,-138.031163
bluetooth,D2A3B933,2026-08-11 22:14:21.000Z,-17,60.956502,-138.031163,49331,2,0,1573,19.13
radio434mhz,6133334B,2026-08-11 22:14:23.000Z,-56,60.956477,-138.031145
radio434mhz,6133334B,2026-08-11 22:14:25.000Z,-53,60.956448,-138.031182
radio434mhz,6133334B,2026-08-11 22:14:27.000Z,-73,60.956423,-138.031194
bluetooth,E8095336,2026-08-11 22:14:29.000Z,-80,60.956398,-138.031182,47951,2,0,1567,37.20
radio434mhz,6133334B,2026-08-11 22:14:30.000Z,-63,60.956398,-138.031182
bluetooth,D2A3B933,2026-08-11 22:14:31.000Z,-17,60.956376,-138.031184,11228,2,0,1572,18.98
radio434mhz,6133334B,2026-08-11 22:14:32.000Z,-54,60.956376,-138.031184
radio434mhz,6133334B,2026-08-11 22:14:34.000Z,-60,60.956347,-138.031223
radio434mhz,6133334B,2026-08-11 22:14:37.000Z,-59,60.956314,-138.031248
bluetooth,E8095336,2026-08-11 22:14:38.000Z,-71,60.956314,-138.031248,33805,2,0,1567,37.05
radio434mhz,6133334B,2026-08-11 22:14:39.000Z,-55,60.956308,-138.031321
bluetooth,D2A3B933,2026-08-11 22:14:41.000Z,-16,60.956308,-138.031321,40739,2,0,1572,18.95
radio434mhz,6133334B,2026-08-11 22:14:41.000Z,-54,60.956288,-138.031296
bluetooth,E8095336,2026-08-11 22:14:43.000Z,-71,60.956288,-138.031296,11703,2,0,1567,37.27
radio434mhz,6133334B,2026-08-11 22:14:44.000Z,-63,60.956265,-138.031301
radio434mhz,6133334B,2026-08-11 22:14:46.000Z,-51,60.956243,-138.031315
bluetooth,E8095336,2026-08-11 22:14:48.000Z,-75,60.956243,-138.031315,49357,2,0,1568,37.27
radio434mhz,6133334B,2026-08-11 22:14:48.000Z,-60,60.956243,-138.031315
bluetooth,D2A3B933,2026-08-11 22:14:51.000Z,-17,60.956196,-138.031343,50602,2,0,1572,18.75
radio434mhz,6133334B,2026-08-11 22:14:51.000Z,-63,60.956196,-138.031343
bluetooth,E8095336,2026-08-11 22:14:53.000Z,-82,60.956172,-138.031315,25425,2,0,1567,37.17
radio434mhz,6133334B,2026-08-11 22:14:53.000Z,-54,60.956172,-138.031315
radio434mhz,6133334B,2026-08-11 22:14:55.000Z,-54,60.956157,-138.031321
radio434mhz,6133334B,2026-08-11 22:14:58.000Z,-52,60.956133,-138.031312
radio434mhz,6133334B,2026-08-11 22:15:00.000Z,-61,60.956105,-138.031269
radio434mhz,6133334B,2026-08-11 22:15:03.000Z,-61,60.956083,-138.031293
bluetooth,E8095336,2026-08-11 22:15:03.000Z,-72,60.956083,-138.031293,60189,2,0,1568,37.32
radio434mhz,6133334B,2026-08-11 22:15:05.000Z,-58,60.956063,-138.031301
radio434mhz,6133334B,2026-08-11 22:15:07.000Z,-51,60.956038,-138.031288
radio434mhz,6133334B,2026-08-11 22:15:10.000Z,-54,60.956015,-138.031293
bluetooth,D2A3B933,2026-08-11 22:15:11.000Z,-19,60.956015,-138.031293,34222,2,0,1571,18.95
radio434mhz,6133334B,2026-08-11 22:15:12.000Z,-58,60.955992,-138.031260
radio434mhz,6133334B,2026-08-11 22:15:14.000Z,-58,60.955953,-138.031250
radio434mhz,6133334B,2026-08-11 22:15:17.000Z,-55,60.955921,-138.031248
radio434mhz,6133334B,2026-08-11 22:15:19.000Z,-56,60.955889,-138.031269
bluetooth,D2A3B933,2026-08-11 22:15:21.000Z,-45,60.955889,-138.031269,41249,2,0,1572,19.03
radio434mhz,6133334B,2026-08-11 22:15:21.000Z,-51,60.955873,-138.031226
bluetooth,E8095336,2026-08-11 22:15:22.000Z,-79,60.955873,-138.031226,27133,2,0,1567,37.32
radio434mhz,6133334B,2026-08-11 22:15:24.000Z,-53,60.955851,-138.031258
radio434mhz,6133334B,2026-08-11 22:15:26.000Z,-59,60.955851,-138.031258
radio434mhz,6133334B,2026-08-11 22:15:28.000Z,-53,60.955848,-138.031299
radio434mhz,6133334B,2026-08-11 22:15:31.000Z,-51,60.955826,-138.031345
bluetooth,D2A3B933,2026-08-11 22:15:31.000Z,-43,60.955802,-138.031313,50440,2,0,1573,18.87
radio434mhz,6133334B,2026-08-11 22:15:33.000Z,-57,60.955802,-138.031313
radio434mhz,6133334B,2026-08-11 22:15:35.000Z,-53,60.955782,-138.031331
radio434mhz,6133334B,2026-08-11 22:15:38.000Z,-58,60.955761,-138.031340
radio434mhz,6133334B,2026-08-11 22:15:40.000Z,-55,60.955751,-138.031354
bluetooth,D2A3B933,2026-08-11 22:15:41.000Z,-47,60.955751,-138.031354,34844,2,0,1572,18.77
radio434mhz,6133334B,2026-08-11 22:15:42.000Z,-52,60.955719,-138.031364
radio434mhz,6133334B,2026-08-11 22:15:45.000Z,-55,60.955679,-138.031248
radio434mhz,6133334B,2026-08-11 22:15:47.000Z,-54,60.955652,-138.031245
radio434mhz,6133334B,2026-08-11 22:15:49.000Z,-62,60.955615,-138.031265
bluetooth,D2A3B933,2026-08-11 22:15:51.000Z,-39,60.955615,-138.031265,3914,2,0,1571,18.85
radio434mhz,6133334B,2026-08-11 22:15:52.000Z,-60,60.955592,-138.031300
radio434mhz,6133334B,2026-08-11 22:15:54.000Z,-55,60.955557,-138.031356
radio434mhz,6133334B,2026-08-11 22:15:56.000Z,-59,60.955542,-138.031306
radio434mhz,6133334B,2026-08-11 22:15:59.000Z,-62,60.955524,-138.031340
bluetooth,D2A3B933,2026-08-11 22:16:01.000Z,-55,60.955524,-138.031340,33386,2,0,1571,18.95
radio434mhz,6133334B,2026-08-11 22:16:01.000Z,-53,60.955524,-138.031340
radio434mhz,6133334B,2026-08-11 22:16:03.000Z,-51,60.955500,-138.031336
radio434mhz,6133334B,2026-08-11 22:16:06.000Z,-57,60.955475,-138.031390
radio434mhz,6133334B,2026-08-11 22:16:08.000Z,-72,60.955448,-138.031403
radio434mhz,6133334B,2026-08-11 22:16:10.000Z,-56,60.955414,-138.031372
bluetooth,D2A3B933,2026-08-11 22:16:11.000Z,-30,60.955414,-138.031372,28404,2,0,1574,18.92
radio434mhz,6133334B,2026-08-11 22:16:13.000Z,-60,60.955384,-138.031381
radio434mhz,6133334B,2026-08-11 22:16:15.000Z,-60,60.955375,-138.031272
radio434mhz,6133334B,2026-08-11 22:16:18.000Z,-61,60.955350,-138.031264
radio434mhz,6133334B,2026-08-11 22:16:20.000Z,-62,60.955336,-138.031246
bluetooth,D2A3B933,2026-08-11 22:16:21.000Z,-55,60.955301,-138.031261,11495,2,0,1571,18.82
radio434mhz,6133334B,2026-08-11 22:16:22.000Z,-54,60.955301,-138.031261
radio434mhz,6133334B,2026-08-11 22:16:25.000Z,-61,60.955274,-138.031301
radio434mhz,6133334B,2026-08-11 22:16:27.000Z,-56,60.955247,-138.031352
radio434mhz,6133334B,2026-08-11 22:16:29.000Z,-50,60.955235,-138.031444
bluetooth,D2A3B933,2026-08-11 22:16:31.000Z,-35,60.955235,-138.031444,40803,2,0,1572,18.85
radio434mhz,6133334B,2026-08-11 22:16:32.000Z,-56,60.955210,-138.031513
radio434mhz,6133334B,2026-08-11 22:16:34.000Z,-70,60.955186,-138.031507
radio434mhz,6133334B,2026-08-11 22:16:36.000Z,-65,60.955159,-138.031531
radio434mhz,6133334B,2026-08-11 22:16:39.000Z,-62,60.955137,-138.031579
bluetooth,D2A3B933,2026-08-11 22:16:41.000Z,-35,60.955137,-138.031579,16724,2,0,1572,19.05
radio434mhz,6133334B,2026-08-11 22:16:41.000Z,-52,60.955137,-138.031579
radio434mhz,6133334B,2026-08-11 22:16:43.000Z,-54,60.955130,-138.031636
radio434mhz,6133334B,2026-08-11 22:16:46.000Z,-62,60.955106,-138.031617
radio434mhz,6133334B,2026-08-11 22:16:48.000Z,-60,60.955078,-138.031625
radio434mhz,6133334B,2026-08-11 22:16:50.000Z,-55,60.955080,-138.031713
bluetooth,D2A3B933,2026-08-11 22:16:51.000Z,-31,60.955080,-138.031713,17077,2,0,1572,18.92
radio434mhz,6133334B,2026-08-11 22:16:53.000Z,-49,60.955062,-138.031744
radio434mhz,6133334B,2026-08-11 22:16:55.000Z,-49,60.955054,-138.031803
radio434mhz,6133334B,2026-08-11 22:16:57.000Z,-51,60.955029,-138.031833
radio434mhz,6133334B,2026-08-11 22:17:00.000Z,-54,60.954988,-138.031817
bluetooth,D2A3B933,2026-08-11 22:17:01.000Z,-49,60.954958,-138.031806,61146,2,0,1572,19.15
radio434mhz,6133334B,2026-08-11 22:17:02.000Z,-51,60.954958,-138.031806
radio434mhz,6133334B,2026-08-11 22:17:04.000Z,-63,60.954916,-138.031800
radio434mhz,6133334B,2026-08-11 22:17:07.000Z,-59,60.954896,-138.031839
radio434mhz,6133334B,2026-08-11 22:17:09.000Z,-56,60.954899,-138.031901
bluetooth,D2A3B933,2026-08-11 22:17:11.000Z,-64,60.954909,-138.031956,61804,2,0,1572,19.08
radio434mhz,6133334B,2026-08-11 22:17:11.000Z,-56,60.954909,-138.031956
radio434mhz,6133334B,2026-08-11 22:17:14.000Z,-58,60.954923,-138.031999
radio434mhz,6133334B,2026-08-11 22:17:16.000Z,-54,60.954952,-138.032060
radio434mhz,6133334B,2026-08-11 22:17:19.000Z,-57,60.954964,-138.032126
radio434mhz,6133334B,2026-08-11 22:17:21.000Z,-56,60.954991,-138.032126
bluetooth,D2A3B933,2026-08-11 22:17:21.000Z,-48,60.954991,-138.032126,16186,2,0,1572,19.10
radio434mhz,6133334B,2026-08-11 22:17:23.000Z,-60,60.955005,-138.032180
radio434mhz,6133334B,2026-08-11 22:17:26.000Z,-58,60.955027,-138.032218
radio434mhz,6133334B,2026-08-11 22:17:28.000Z,-60,60.955023,-138.032310
radio434mhz,6133334B,2026-08-11 22:17:30.000Z,-57,60.955022,-138.032388
bluetooth,D2A3B933,2026-08-11 22:17:31.000Z,-43,60.955022,-138.032388,29735,2,0,1572,19.15
radio434mhz,6133334B,2026-08-11 22:17:33.000Z,-54,60.955041,-138.032361
radio434mhz,6133334B,2026-08-11 22:17:35.000Z,-50,60.955062,-138.032318
radio434mhz,6133334B,2026-08-11 22:17:37.000Z,-51,60.955085,-138.032296
radio434mhz,6133334B,2026-08-11 22:17:40.000Z,-57,60.955110,-138.032281
bluetooth,D2A3B933,2026-08-11 22:17:41.000Z,-37,60.955110,-138.032281,8472,2,0,1573,19.15
radio434mhz,6133334B,2026-08-11 22:17:42.000Z,-56,60.955128,-138.032274
radio434mhz,6133334B,2026-08-11 22:17:44.000Z,-56,60.955148,-138.032269
radio434mhz,6133334B,2026-08-11 22:17:47.000Z,-61,60.955157,-138.032222
radio434mhz,6133334B,2026-08-11 22:17:49.000Z,-51,60.955153,-138.032172
bluetooth,D2A3B933,2026-08-11 22:17:51.000Z,-41,60.955177,-138.032160,46237,2,0,1572,19.00
radio434mhz,6133334B,2026-08-11 22:17:51.000Z,-54,60.955177,-138.032160
radio434mhz,6133334B,2026-08-11 22:17:54.000Z,-62,60.955189,-138.032088
radio434mhz,6133334B,2026-08-11 22:17:56.000Z,-60,60.955207,-138.032057
radio434mhz,6133334B,2026-08-11 22:17:58.000Z,-59,60.955240,-138.032031
radio434mhz,6133334B,2026-08-11 22:18:01.000Z,-66,60.955240,-138.032031
bluetooth,D2A3B933,2026-08-11 22:18:01.000Z,-45,60.955269,-138.032004,40434,2,0,1573,19.28
radio434mhz,6133334B,2026-08-11 22:18:03.000Z,-55,60.955269,-138.032004
radio434mhz,6133334B,2026-08-11 22:18:05.000Z,-55,60.955295,-138.032006
radio434mhz,6133334B,2026-08-11 22:18:08.000Z,-54,60.955319,-138.031972
radio434mhz,6133334B,2026-08-11 22:18:10.000Z,-59,60.955335,-138.031955
bluetooth,D2A3B933,2026-08-11 22:18:11.000Z,-53,60.955359,-138.031946,8564,2,0,1572,19.13
radio434mhz,6133334B,2026-08-11 22:18:13.000Z,-55,60.955359,-138.031946
radio434mhz,6133334B,2026-08-11 22:18:15.000Z,-60,60.955389,-138.031961
radio434mhz,6133334B,2026-08-11 22:18:17.000Z,-68,60.955421,-138.031958
radio434mhz,6133334B,2026-08-11 22:18:20.000Z,-53,60.955436,-138.031876
bluetooth,D2A3B933,2026-08-11 22:18:21.000Z,-42,60.955447,-138.031824,17544,2,0,1572,19.28
radio434mhz,6133334B,2026-08-11 22:18:22.000Z,-52,60.955447,-138.031824
radio434mhz,6133334B,2026-08-11 22:18:24.000Z,-55,60.955436,-138.031720
radio434mhz,6133334B,2026-08-11 22:18:27.000Z,-63,60.955450,-138.031665
radio434mhz,6133334B,2026-08-11 22:18:29.000Z,-56,60.955470,-138.031631
bluetooth,D2A3B933,2026-08-11 22:18:31.000Z,-26,60.955481,-138.031593,47646,2,0,1572,19.46
radio434mhz,6133334B,2026-08-11 22:18:31.000Z,-59,60.955481,-138.031593
radio434mhz,6133334B,2026-08-11 22:18:34.000Z,-51,60.955489,-138.031525
radio434mhz,6133334B,2026-08-11 22:18:36.000Z,-60,60.955509,-138.031489
bluetooth,D5F1637A,2026-08-11 22:18:38.000Z,-78,60.955509,-138.031489,41396,2,0,1552,29.34
radio434mhz,6133334B,2026-08-11 22:18:38.000Z,-58,60.955541,-138.031499
radio434mhz,6133334B,2026-08-11 22:18:41.000Z,-59,60.955541,-138.031499
bluetooth,D2A3B933,2026-08-11 22:18:41.000Z,-46,60.955565,-138.031464,61668,2,0,1572,19.30
radio434mhz,6133334B,2026-08-11 22:18:43.000Z,-61,60.955565,-138.031464
radio434mhz,6133334B,2026-08-11 22:18:45.000Z,-62,60.955587,-138.031415
radio434mhz,6133334B,2026-08-11 22:18:48.000Z,-53,60.955618,-138.031381
bluetooth,D5F1637A,2026-08-11 22:18:48.000Z,-81,60.955618,-138.031381,60883,2,0,1553,29.11
radio434mhz,6133334B,2026-08-11 22:18:50.000Z,-52,60.955641,-138.031350
bluetooth,D2A3B933,2026-08-11 22:18:51.000Z,-42,60.955663,-138.031318,10101,2,0,1572,19.15
radio434mhz,6133334B,2026-08-11 22:18:52.000Z,-60,60.955663,-138.031318
bluetooth,D5F1637A,2026-08-11 22:18:53.000Z,-69,60.955663,-138.031318,25872,2,0,1553,29.16
radio434mhz,6133334B,2026-08-11 22:18:55.000Z,-53,60.955684,-138.031317
radio434mhz,6133334B,2026-08-11 22:18:57.000Z,-57,60.955698,-138.031266
bluetooth,D5F1637A,2026-08-11 22:18:58.000Z,-72,60.955698,-138.031266,24688,2,0,1553,29.03
radio434mhz,6133334B,2026-08-11 22:18:59.000Z,-61,60.955735,-138.031277
bluetooth,D2A3B933,2026-08-11 22:19:01.000Z,-47,60.955747,-138.031218,23506,2,0,1572,19.10
radio434mhz,6133334B,2026-08-11 22:19:02.000Z,-60,60.955747,-138.031218
radio434mhz,6133334B,2026-08-11 22:19:04.000Z,-56,60.955763,-138.031200
radio434mhz,6133334B,2026-08-11 22:19:06.000Z,-55,60.955763,-138.031200
radio434mhz,6133334B,2026-08-11 22:19:09.000Z,-55,60.955788,-138.031173
radio434mhz,6133334B,2026-08-11 22:19:11.000Z,-54,60.955806,-138.031144
bluetooth,D2A3B933,2026-08-11 22:19:11.000Z,-40,60.955806,-138.031144,41439,2,0,1572,19.30
bluetooth,D5F1637A,2026-08-11 22:19:13.000Z,-71,60.955823,-138.031130,65091,2,0,1552,29.26
radio434mhz,6133334B,2026-08-11 22:19:14.000Z,-59,60.955823,-138.031130
radio434mhz,6133334B,2026-08-11 22:19:16.000Z,-61,60.955826,-138.031101
bluetooth,D5F1637A,2026-08-11 22:19:18.000Z,-80,60.955842,-138.031055,32855,2,0,1552,29.08
radio434mhz,6133334B,2026-08-11 22:19:18.000Z,-51,60.955842,-138.031055
radio434mhz,6133334B,2026-08-11 22:19:21.000Z,-50,60.955846,-138.031005
bluetooth,D2A3B933,2026-08-11 22:19:21.000Z,-54,60.955846,-138.031005,18552,2,0,1571,19.35
radio434mhz,6133334B,2026-08-11 22:19:23.000Z,-51,60.955868,-138.030974
radio434mhz,6133334B,2026-08-11 22:19:25.000Z,-54,60.955921,-138.030966
radio434mhz,6133334B,2026-08-11 22:19:28.000Z,-74,60.955958,-138.030983
radio434mhz,6133334B,2026-08-11 22:19:30.000Z,-50,60.955980,-138.030935
bluetooth,D2A3B933,2026-08-11 22:19:31.000Z,-38,60.955980,-138.030935,48013,2,0,1571,19.13
radio434mhz,6133334B,2026-08-11 22:19:32.000Z,-51,60.955974,-138.030921
radio434mhz,6133334B,2026-08-11 22:19:35.000Z,-52,60.955948,-138.030897
radio434mhz,6133334B,2026-08-11 22:19:37.000Z,-52,60.955953,-138.030843
radio434mhz,6133334B,2026-08-11 22:19:39.000Z,-57,60.955984,-138.030827
bluetooth,D2A3B933,2026-08-11 22:19:41.000Z,-51,60.955984,-138.030827,29445,2,0,1572,19.08
radio434mhz,6133334B,2026-08-11 22:19:42.000Z,-55,60.956009,-138.030807
radio434mhz,6133334B,2026-08-11 22:19:44.000Z,-64,60.956041,-138.030768
radio434mhz,6133334B,2026-08-11 22:19:46.000Z,-56,60.956063,-138.030733
radio434mhz,6133334B,2026-08-11 22:19:49.000Z,-62,60.956063,-138.030733
radio434mhz,6133334B,2026-08-11 22:19:51.000Z,-63,60.956102,-138.030725
bluetooth,D2A3B933,2026-08-11 22:19:51.000Z,-41,60.956102,-138.030725,15580,2,0,1572,19.51
radio434mhz,6133334B,2026-08-11 22:19:53.000Z,-60,60.956135,-138.030718
radio434mhz,6133334B,2026-08-11 22:19:56.000Z,-59,60.956162,-138.030641
radio434mhz,6133334B,2026-08-11 22:19:58.000Z,-55,60.956174,-138.030580
radio434mhz,6133334B,2026-08-11 22:20:00.000Z,-61,60.956205,-138.030546
bluetooth,D2A3B933,2026-08-11 22:20:01.000Z,-55,60.956205,-138.030546,23874,2,0,1572,19.38
radio434mhz,6133334B,2026-08-11 22:20:03.000Z,-53,60.956219,-138.030491
radio434mhz,6133334B,2026-08-11 22:20:05.000Z,-58,60.956206,-138.030435
radio434mhz,6133334B,2026-08-11 22:20:07.000Z,-62,60.956218,-138.030383
radio434mhz,6133334B,2026-08-11 22:20:10.000Z,-62,60.956232,-138.030347
bluetooth,D2A3B933,2026-08-11 22:20:11.000Z,-38,60.956232,-138.030347,41780,2,0,1571,19.23
radio434mhz,6133334B,2026-08-11 22:20:12.000Z,-68,60.956238,-138.030291
radio434mhz,6133334B,2026-08-11 22:20:15.000Z,-56,60.956234,-138.030232
radio434mhz,6133334B,2026-08-11 22:20:17.000Z,-59,60.956233,-138.030174
radio434mhz,6133334B,2026-08-11 22:20:19.000Z,-68,60.956238,-138.030136
bluetooth,D2A3B933,2026-08-11 22:20:22.000Z,-35,60.956238,-138.030136,52566,2,0,1572,19.41
radio434mhz,6133334B,2026-08-11 22:20:22.000Z,-57,60.956238,-138.030136
radio434mhz,6133334B,2026-08-11 22:20:24.000Z,-58,60.956265,-138.030134
radio434mhz,6133334B,2026-08-11 22:20:26.000Z,-72,60.956296,-138.030174
radio434mhz,6133334B,2026-08-11 22:20:29.000Z,-55,60.956322,-138.030204
radio434mhz,6133334B,2026-08-11 22:20:31.000Z,-71,60.956353,-138.030239
bluetooth,D2A3B933,2026-08-11 22:20:32.000Z,-50,60.956374,-138.030194,29047,2,0,1573,19.08
radio434mhz,6133334B,2026-08-11 22:20:33.000Z,-60,60.956374,-138.030194
radio434mhz,6133334B,2026-08-11 22:20:36.000Z,-56,60.956396,-138.030128
radio434mhz,6133334B,2026-08-11 22:20:38.000Z,-48,60.956417,-138.030098
radio434mhz,6133334B,2026-08-11 22:20:40.000Z,-58,60.956414,-138.030016
bluetooth,D2A3B933,2026-08-11 22:20:42.000Z,-53,60.956436,-138.029980,5466,2,0,1572,19.23
radio434mhz,6133334B,2026-08-11 22:20:43.000Z,-65,60.956436,-138.029980
radio434mhz,6133334B,2026-08-11 22:20:45.000Z,-53,60.956451,-138.029945
radio434mhz,6133334B,2026-08-11 22:20:47.000Z,-60,60.956465,-138.029884
radio434mhz,6133334B,2026-08-11 22:20:50.000Z,-68,60.956504,-138.029904
bluetooth,D2A3B933,2026-08-11 22:20:52.000Z,-51,60.956529,-138.029867,21908,2,0,1571,19.46
radio434mhz,6133334B,2026-08-11 22:20:52.000Z,-62,60.956529,-138.029867
radio434mhz,6133334B,2026-08-11 22:20:54.000Z,-55,60.956549,-138.029874
radio434mhz,6133334B,2026-08-11 22:20:57.000Z,-56,60.956557,-138.029852
radio434mhz,6133334B,2026-08-11 22:20:59.000Z,-55,60.956557,-138.029852
radio434mhz,6133334B,2026-08-11 22:21:02.000Z,-55,60.956533,-138.029790
bluetooth,D2A3B933,2026-08-11 22:21:02.000Z,-47,60.956533,-138.029790,50583,2,0,1572,19.56
radio434mhz,6133334B,2026-08-11 22:21:04.000Z,-60,60.956530,-138.029750
radio434mhz,6133334B,2026-08-11 22:21:06.000Z,-56,60.956570,-138.029719
radio434mhz,6133334B,2026-08-11 22:21:09.000Z,-58,60.956613,-138.029734
radio434mhz,6133334B,2026-08-11 22:21:11.000Z,-56,60.956644,-138.029709
bluetooth,D2A3B933,2026-08-11 22:21:12.000Z,-55,60.956642,-138.029647,52708,2,0,1572,19.00
radio434mhz,6133334B,2026-08-11 22:21:13.000Z,-59,60.956642,-138.029647
radio434mhz,6133334B,2026-08-11 22:21:16.000Z,-57,60.956675,-138.029635
radio434mhz,6133334B,2026-08-11 22:21:18.000Z,-51,60.956703,-138.029607
radio434mhz,6133334B,2026-08-11 22:21:20.000Z,-58,60.956741,-138.029580
bluetooth,D2A3B933,2026-08-11 22:21:22.000Z,-57,60.956762,-138.029539,14271,2,0,1572,19.13
radio434mhz,6133334B,2026-08-11 22:21:23.000Z,-55,60.956762,-138.029539
radio434mhz,6133334B,2026-08-11 22:21:25.000Z,-62,60.956797,-138.029505
radio434mhz,6133334B,2026-08-11 22:21:27.000Z,-54,60.956809,-138.029454
radio434mhz,6133334B,2026-08-11 22:21:30.000Z,-54,60.956804,-138.029441
bluetooth,D2A3B933,2026-08-11 22:21:32.000Z,-47,60.956804,-138.029441,42640,2,0,1573,19.05
radio434mhz,6133334B,2026-08-11 22:21:32.000Z,-54,60.956804,-138.029441
radio434mhz,6133334B,2026-08-11 22:21:34.000Z,-52,60.956804,-138.029447
radio434mhz,6133334B,2026-08-11 22:21:37.000Z,-55,60.956811,-138.029410
radio434mhz,6133334B,2026-08-11 22:21:39.000Z,-58,60.956809,-138.029343
radio434mhz,6133334B,2026-08-11 22:21:41.000Z,-58,60.956807,-138.029303
bluetooth,D2A3B933,2026-08-11 22:21:42.000Z,-23,60.956807,-138.029303,6492,2,0,1573,19.23
radio434mhz,6133334B,2026-08-11 22:21:44.000Z,-53,60.956792,-138.029282
radio434mhz,6133334B,2026-08-11 22:21:46.000Z,-62,60.956774,-138.029238
radio434mhz,6133334B,2026-08-11 22:21:48.000Z,-57,60.956769,-138.029199
radio434mhz,6133334B,2026-08-11 22:21:51.000Z,-63,60.956762,-138.029147
bluetooth,D2A3B933,2026-08-11 22:21:52.000Z,-16,60.956762,-138.029147,34268,2,0,1572,19.10
radio434mhz,6133334B,2026-08-11 22:21:53.000Z,-69,60.956781,-138.029131
radio434mhz,6133334B,2026-08-11 22:21:56.000Z,-65,60.956807,-138.029132
radio434mhz,6133334B,2026-08-11 22:21:58.000Z,-54,60.956842,-138.029143
radio434mhz,6133334B,2026-08-11 22:22:00.000Z,-68,60.956842,-138.029143
bluetooth,D2A3B933,2026-08-11 22:22:02.000Z,-24,60.956870,-138.029151,24530,2,0,1572,19.08
radio434mhz,6133334B,2026-08-11 22:22:03.000Z,-59,60.956870,-138.029151
radio434mhz,6133334B,2026-08-11 22:22:05.000Z,-51,60.956885,-138.029191
radio434mhz,6133334B,2026-08-11 22:22:07.000Z,-63,60.956913,-138.029189
radio434mhz,6133334B,2026-08-11 22:22:10.000Z,-50,60.956923,-138.029247
bluetooth,D2A3B933,2026-08-11 22:22:12.000Z,-48,60.956941,-138.029296,32787,2,0,1572,19.30
radio434mhz,6133334B,2026-08-11 22:22:12.000Z,-56,60.956941,-138.029296
radio434mhz,6133334B,2026-08-11 22:22:14.000Z,-59,60.956950,-138.029349
radio434mhz,6133334B,2026-08-11 22:22:17.000Z,-54,60.956964,-138.029390
radio434mhz,6133334B,2026-08-11 22:22:19.000Z,-63,60.956973,-138.029433
radio434mhz,6133334B,2026-08-11 22:22:21.000Z,-64,60.956974,-138.029466
bluetooth,D2A3B933,2026-08-11 22:22:22.000Z,-49,60.956974,-138.029466,44234,2,0,1572,19.15
radio434mhz,6133334B,2026-08-11 22:22:24.000Z,-62,60.956974,-138.029466
radio434mhz,6133334B,2026-08-11 22:22:26.000Z,-59,60.956989,-138.029534
radio434mhz,6133334B,2026-08-11 22:22:28.000Z,-56,60.956997,-138.029603
radio434mhz,6133334B,2026-08-11 22:22:31.000Z,-68,60.956981,-138.029631
radio434mhz,6133334B,2026-08-11 22:22:33.000Z,-63,60.956959,-138.029675
radio434mhz,6133334B,2026-08-11 22:22:35.000Z,-55,60.956958,-138.029736
radio434mhz,6133334B,2026-08-11 22:22:38.000Z,-58,60.956958,-138.029736
radio434mhz,6133334B,2026-08-11 22:22:40.000Z,-62,60.956916,-138.029767
bluetooth,D2A3B933,2026-08-11 22:22:42.000Z,-40,60.956916,-138.029824,22511,2,0,1572,19.30
radio434mhz,6133334B,2026-08-11 22:22:42.000Z,-58,60.956916,-138.029824
radio434mhz,6133334B,2026-08-11 22:22:45.000Z,-60,60.956929,-138.029878
radio434mhz,6133334B,2026-08-11 22:22:47.000Z,-60,60.956928,-138.029941
radio434mhz,6133334B,2026-08-11 22:22:50.000Z,-55,60.956928,-138.029941
radio434mhz,6133334B,2026-08-11 22:22:52.000Z,-54,60.956921,-138.029925
bluetooth,D2A3B933,2026-08-11 22:22:52.000Z,-33,60.956921,-138.029925,10103,2,0,1572,19.25
radio434mhz,6133334B,2026-08-11 22:22:54.000Z,-53,60.956921,-138.029925
radio434mhz,6133334B,2026-08-11 22:22:57.000Z,-51,60.956922,-138.029914
radio434mhz,6133334B,2026-08-11 22:22:59.000Z,-61,60.956918,-138.029918
radio434mhz,6133334B,2026-08-11 22:23:01.000Z,-56,60.956918,-138.029920
bluetooth,D2A3B933,2026-08-11 22:23:02.000Z,-36,60.956918,-138.029920,16778,2,0,1573,19.03
radio434mhz,6133334B,2026-08-11 22:23:04.000Z,-54,60.956910,-138.029935
radio434mhz,6133334B,2026-08-11 22:23:06.000Z,-62,60.956903,-138.029951
radio434mhz,6133334B,2026-08-11 22:23:08.000Z,-73,60.956903,-138.029983
radio434mhz,6133334B,2026-08-11 22:23:11.000Z,-59,60.956887,-138.030049
bluetooth,D2A3B933,2026-08-11 22:23:12.000Z,-64,60.956887,-138.030049,11489,2,0,1572,19.41
radio434mhz,6133334B,2026-08-11 22:23:13.000Z,-56,60.956891,-138.030036
radio434mhz,6133334B,2026-08-11 22:23:15.000Z,-47,60.956874,-138.030082
radio434mhz,6133334B,2026-08-11 22:23:18.000Z,-49,60.956884,-138.030067
radio434mhz,6133334B,2026-08-11 22:23:20.000Z,-49,60.956865,-138.030100
radio434mhz,6133334B,2026-08-11 22:23:22.000Z,-61,60.956831,-138.030233
radio434mhz,6133334B,2026-08-11 22:23:25.000Z,-70,60.956840,-138.030299
radio434mhz,6133334B,2026-08-11 22:23:27.000Z,-54,60.956858,-138.030335
radio434mhz,6133334B,2026-08-11 22:23:29.000Z,-54,60.956882,-138.030381
radio434mhz,6133334B,2026-08-11 22:23:32.000Z,-51,60.956815,-138.030527
radio434mhz,6133334B,2026-08-11 22:23:34.000Z,-56,60.956815,-138.030527
radio434mhz,6133334B,2026-08-11 22:23:36.000Z,-54,60.956776,-138.030608
radio434mhz,6133334B,2026-08-11 22:23:39.000Z,-54,60.956796,-138.030672
radio434mhz,6133334B,2026-08-11 22:23:41.000Z,-54,60.956818,-138.030721
bluetooth,D2A3B933,2026-08-11 22:23:42.000Z,-38,60.956818,-138.030721,25065,2,0,1571,18.92
radio434mhz,6133334B,2026-08-11 22:23:44.000Z,-54,60.956842,-138.030750
radio434mhz,6133334B,2026-08-11 22:23:46.000Z,-62,60.956839,-138.030779
radio434mhz,6133334B,2026-08-11 22:23:48.000Z,-59,60.956806,-138.030718
radio434mhz,6133334B,2026-08-11 22:23:51.000Z,-54,60.956776,-138.030715
bluetooth,D2A3B933,2026-08-11 22:23:52.000Z,-45,60.956757,-138.030770,26770,2,0,1571,19.18
radio434mhz,6133334B,2026-08-11 22:23:53.000Z,-55,60.956757,-138.030770
radio434mhz,6133334B,2026-08-11 22:23:55.000Z,-70,60.956742,-138.030809
radio434mhz,6133334B,2026-08-11 22:23:58.000Z,-57,60.956719,-138.030875
radio434mhz,6133334B,2026-08-11 22:24:00.000Z,-52,60.956719,-138.030875
bluetooth,D2A3B933,2026-08-11 22:24:02.000Z,-35,60.956700,-138.030912,21420,2,0,1572,18.95
radio434mhz,6133334B,2026-08-11 22:24:02.000Z,-65,60.956700,-138.030912
radio434mhz,6133334B,2026-08-11 22:24:05.000Z,-50,60.956691,-138.030970
radio434mhz,6133334B,2026-08-11 22:24:07.000Z,-48,60.956682,-138.031030
radio434mhz,6133334B,2026-08-11 22:24:09.000Z,-51,60.956692,-138.031101
radio434mhz,6133334B,2026-08-11 22:24:12.000Z,-60,60.956675,-138.031147
bluetooth,D2A3B933,2026-08-11 22:24:12.000Z,-46,60.956675,-138.031147,15096,2,0,1572,18.95
radio434mhz,6133334B,2026-08-11 22:24:14.000Z,-49,60.956641,-138.031223
radio434mhz,6133334B,2026-08-11 22:24:16.000Z,-50,60.956610,-138.031257
radio434mhz,6133334B,2026-08-11 22:24:19.000Z,-60,60.956587,-138.031257
radio434mhz,6133334B,2026-08-11 22:24:21.000Z,-55,60.956564,-138.031245
bluetooth,D2A3B933,2026-08-11 22:24:22.000Z,-51,60.956564,-138.031245,46766,2,0,1573,18.98
radio434mhz,6133334B,2026-08-11 22:24:23.000Z,-62,60.956620,-138.031230
radio434mhz,6133334B,2026-08-11 22:24:26.000Z,-53,60.956622,-138.031173
radio434mhz,6133334B,2026-08-11 22:24:28.000Z,-57,60.956622,-138.031173
radio434mhz,6133334B,2026-08-11 22:24:30.000Z,-59,60.956618,-138.031111
bluetooth,D2A3B933,2026-08-11 22:24:32.000Z,-46,60.956592,-138.031112,20844,2,0,1572,18.67
radio434mhz,6133334B,2026-08-11 22:24:33.000Z,-66,60.956592,-138.031112
radio434mhz,6133334B,2026-08-11 22:24:35.000Z,-57,60.956562,-138.031064
radio434mhz,6133334B,2026-08-11 22:24:37.000Z,-50,60.956535,-138.031050
radio434mhz,6133334B,2026-08-11 22:24:40.000Z,-53,60.956523,-138.031133
bluetooth,D2A3B933,2026-08-11 22:24:42.000Z,-47,60.956509,-138.031182,19989,2,0,1572,18.95
radio434mhz,6133334B,2026-08-11 22:24:42.000Z,-59,60.956509,-138.031182
radio434mhz,6133334B,2026-08-11 22:24:45.000Z,-56,60.956477,-138.031160
radio434mhz,6133334B,2026-08-11 22:24:47.000Z,-64,60.956451,-138.031189
radio434mhz,6133334B,2026-08-11 22:24:49.000Z,-53,60.956431,-138.031185
radio434mhz,6133334B,2026-08-11 22:24:52.000Z,-53,60.956408,-138.031218
radio434mhz,6133334B,2026-08-11 22:24:54.000Z,-59,60.956402,-138.031284
radio434mhz,6133334B,2026-08-11 22:24:56.000Z,-57,60.956374,-138.031278
radio434mhz,6133334B,2026-08-11 22:24:59.000Z,-51,60.956349,-138.031257
radio434mhz,6133334B,2026-08-11 22:25:01.000Z,-62,60.956324,-138.031206
radio434mhz,6133334B,2026-08-11 22:25:03.000Z,-65,60.956284,-138.031231
bluetooth,E8095336,2026-08-11 22:25:05.000Z,-71,60.956284,-138.031231,63109,2,0,1567,33.71
radio434mhz,6133334B,2026-08-11 22:25:06.000Z,-56,60.956284,-138.031231
radio434mhz,6133334B,2026-08-11 22:25:08.000Z,-56,60.956253,-138.031212
bluetooth,E8095336,2026-08-11 22:25:09.000Z,-83,60.956253,-138.031212,5825,2,0,1567,33.86
radio434mhz,6133334B,2026-08-11 22:25:10.000Z,-57,60.956269,-138.031204
bluetooth,D2A3B933,2026-08-11 22:25:12.000Z,-54,60.956269,-138.031204,14178,2,0,1573,18.98
radio434mhz,6133334B,2026-08-11 22:25:13.000Z,-56,60.956265,-138.031219
bluetooth,E8095336,2026-08-11 22:25:14.000Z,-74,60.956265,-138.031219,9683,2,0,1567,33.51
radio434mhz,6133334B,2026-08-11 22:25:15.000Z,-59,60.956265,-138.031219
radio434mhz,6133334B,2026-08-11 22:25:17.000Z,-49,60.956256,-138.031245
bluetooth,E8095336,2026-08-11 22:25:19.000Z,-72,60.956250,-138.031250,11587,2,0,1567,33.51
radio434mhz,6133334B,2026-08-11 22:25:20.000Z,-50,60.956250,-138.031250
radio434mhz,6133334B,2026-08-11 22:25:22.000Z,-54,60.956220,-138.031282
bluetooth,D2A3B933,2026-08-11 22:25:22.000Z,-52,60.956220,-138.031282,45876,2,0,1571,18.92
bluetooth,E8095336,2026-08-11 22:25:24.000Z,-87,60.956192,-138.031220,16959,2,0,1568,33.33
radio434mhz,6133334B,2026-08-11 22:25:24.000Z,-57,60.956192,-138.031220
radio434mhz,6133334B,2026-08-11 22:25:27.000Z,-60,60.956184,-138.031277
radio434mhz,6133334B,2026-08-11 22:25:29.000Z,-55,60.956181,-138.031244
radio434mhz,6133334B,2026-08-11 22:25:31.000Z,-62,60.956189,-138.031293
bluetooth,D2A3B933,2026-08-11 22:25:32.000Z,-41,60.956189,-138.031293,33715,2,0,1572,19.00
radio434mhz,6133334B,2026-08-11 22:25:34.000Z,-53,60.956189,-138.031293
radio434mhz,6133334B,2026-08-11 22:25:36.000Z,-56,60.956137,-138.031296
radio434mhz,6133334B,2026-08-11 22:25:39.000Z,-52,60.956122,-138.031316
bluetooth,E8095336,2026-08-11 22:25:39.000Z,-85,60.956122,-138.031316,33211,2,0,1568,33.00
radio434mhz,6133334B,2026-08-11 22:25:41.000Z,-48,60.956117,-138.031364
bluetooth,D2A3B933,2026-08-11 22:25:42.000Z,-42,60.956117,-138.031364,34456,2,0,1572,18.72
radio434mhz,6133334B,2026-08-11 22:25:43.000Z,-62,60.956081,-138.031368
radio434mhz,6133334B,2026-08-11 22:25:46.000Z,-51,60.956062,-138.031399
radio434mhz,6133334B,2026-08-11 22:25:48.000Z,-54,60.956058,-138.031403
radio434mhz,6133334B,2026-08-11 22:25:50.000Z,-54,60.956036,-138.031427
bluetooth,D2A3B933,2026-08-11 22:25:52.000Z,-51,60.956036,-138.031427,37804,2,0,1571,18.90
radio434mhz,6133334B,2026-08-11 22:25:53.000Z,-57,60.956003,-138.031384
radio434mhz,6133334B,2026-08-11 22:25:55.000Z,-63,60.956003,-138.031384
radio434mhz,6133334B,2026-08-11 22:25:57.000Z,-54,60.955980,-138.031366
radio434mhz,6133334B,2026-08-11 22:26:00.000Z,-58,60.955968,-138.031379
radio434mhz,6133334B,2026-08-11 22:26:02.000Z,-50,60.955950,-138.031408
bluetooth,D2A3B933,2026-08-11 22:26:02.000Z,-43,60.955950,-138.031408,16918,2,0,1572,19.15
radio434mhz,6133334B,2026-08-11 22:26:04.000Z,-51,60.955945,-138.031472
radio434mhz,6133334B,2026-08-11 22:26:07.000Z,-60,60.955931,-138.031521
radio434mhz,6133334B,2026-08-11 22:26:09.000Z,-59,60.955960,-138.031584
radio434mhz,6133334B,2026-08-11 22:26:11.000Z,-77,60.955954,-138.031639
bluetooth,D2A3B933,2026-08-11 22:26:12.000Z,-51,60.955954,-138.031639,31277,2,0,1570,18.92
radio434mhz,6133334B,2026-08-11 22:26:14.000Z,-61,60.955965,-138.031694
radio434mhz,6133334B,2026-08-11 22:26:16.000Z,-56,60.955939,-138.031724
radio434mhz,6133334B,2026-08-11 22:26:18.000Z,-60,60.955897,-138.031689
radio434mhz,6133334B,2026-08-11 22:26:21.000Z,-59,60.955874,-138.031665
bluetooth,D2A3B933,2026-08-11 22:26:22.000Z,-57,60.955874,-138.031665,33295,2,0,1571,18.87
radio434mhz,6133334B,2026-08-11 22:26:23.000Z,-53,60.955854,-138.031705
radio434mhz,6133334B,2026-08-11 22:26:26.000Z,-53,60.955837,-138.031685
radio434mhz,6133334B,2026-08-11 22:26:28.000Z,-67,60.955837,-138.031632
radio434mhz,6133334B,2026-08-11 22:26:30.000Z,-57,60.955837,-138.031632
bluetooth,D2A3B933,2026-08-11 22:26:32.000Z,-40,60.955821,-138.031596,30473,2,0,1572,18.92
radio434mhz,6133334B,2026-08-11 22:26:33.000Z,-56,60.955821,-138.031596
radio434mhz,6133334B,2026-08-11 22:26:35.000Z,-56,60.955786,-138.031625
radio434mhz,6133334B,2026-08-11 22:26:37.000Z,-55,60.955760,-138.031650
radio434mhz,6133334B,2026-08-11 22:26:40.000Z,-62,60.955719,-138.031711
radio434mhz,6133334B,2026-08-11 22:26:42.000Z,-53,60.955701,-138.031753
bluetooth,D2A3B933,2026-08-11 22:26:42.000Z,-29,60.955701,-138.031753,29614,2,0,1571,18.75
radio434mhz,6133334B,2026-08-11 22:26:44.000Z,-56,60.955672,-138.031766
radio434mhz,6133334B,2026-08-11 22:26:47.000Z,-54,60.955647,-138.031773
radio434mhz,6133334B,2026-08-11 22:26:51.000Z,-56,60.955650,-138.031691
bluetooth,D2A3B933,2026-08-11 22:26:52.000Z,-80,60.955644,-138.031632,46977,2,0,1572,18.77
radio434mhz,6133334B,2026-08-11 22:26:54.000Z,-60,60.955644,-138.031632
radio434mhz,6133334B,2026-08-11 22:26:56.000Z,-68,60.955636,-138.031606
radio434mhz,6133334B,2026-08-11 22:26:58.000Z,-59,60.955646,-138.031667
radio434mhz,6133334B,2026-08-11 22:27:01.000Z,-49,60.955647,-138.031689
bluetooth,D2A3B933,2026-08-11 22:27:02.000Z,-46,60.955667,-138.031735,59039,2,0,1572,19.10
radio434mhz,6133334B,2026-08-11 22:27:03.000Z,-55,60.955667,-138.031735
radio434mhz,6133334B,2026-08-11 22:27:05.000Z,-54,60.955666,-138.031780
radio434mhz,6133334B,2026-08-11 22:27:08.000Z,-53,60.955644,-138.031806
radio434mhz,6133334B,2026-08-11 22:27:10.000Z,-55,60.955634,-138.031850
radio434mhz,6133334B,2026-08-11 22:27:12.000Z,-49,60.955630,-138.031880
bluetooth,D2A3B933,2026-08-11 22:27:12.000Z,-51,60.955630,-138.031880,26243,2,0,1572,19.03
radio434mhz,6133334B,2026-08-11 22:27:15.000Z,-66,60.955620,-138.031910
radio434mhz,6133334B,2026-08-11 22:27:17.000Z,-67,60.955592,-138.031917
radio434mhz,6133334B,2026-08-11 22:27:19.000Z,-61,60.955592,-138.031917
radio434mhz,6133334B,2026-08-11 22:27:22.000Z,-68,60.955534,-138.031972
bluetooth,D2A3B933,2026-08-11 22:27:23.000Z,-49,60.955534,-138.031972,46178,2,0,1571,19.03
radio434mhz,6133334B,2026-08-11 22:27:24.000Z,-62,60.955512,-138.032024
radio434mhz,6133334B,2026-08-11 22:27:27.000Z,-55,60.955512,-138.032024
radio434mhz,6133334B,2026-08-11 22:27:29.000Z,-54,60.955492,-138.032030
radio434mhz,6133334B,2026-08-11 22:27:31.000Z,-60,60.955472,-138.032057
bluetooth,D2A3B933,2026-08-11 22:27:33.000Z,-49,60.955454,-138.032109,60289,2,0,1572,19.18
radio434mhz,6133334B,2026-08-11 22:27:34.000Z,-57,60.955454,-138.032109
radio434mhz,6133334B,2026-08-11 22:27:36.000Z,-67,60.955440,-138.032175
radio434mhz,6133334B,2026-08-11 22:27:38.000Z,-51,60.955430,-138.032234
radio434mhz,6133334B,2026-08-11 22:27:41.000Z,-56,60.955401,-138.032233
bluetooth,D2A3B933,2026-08-11 22:27:43.000Z,-67,60.955369,-138.032267,13437,2,0,1574,18.90
radio434mhz,6133334B,2026-08-11 22:27:43.000Z,-51,60.955369,-138.032267
radio434mhz,6133334B,2026-08-11 22:27:45.000Z,-55,60.955333,-138.032273
radio434mhz,6133334B,2026-08-11 22:27:48.000Z,-56,60.955303,-138.032299
radio434mhz,6133334B,2026-08-11 22:27:50.000Z,-55,60.955296,-138.032347
radio434mhz,6133334B,2026-08-11 22:27:52.000Z,-58,60.955296,-138.032347
bluetooth,D2A3B933,2026-08-11 22:27:53.000Z,-16,60.955296,-138.032347,54627,2,0,1572,18.87
radio434mhz,6133334B,2026-08-11 22:27:55.000Z,-53,60.955270,-138.032377
radio434mhz,6133334B,2026-08-11 22:27:57.000Z,-55,60.955254,-138.032371
radio434mhz,6133334B,2026-08-11 22:27:59.000Z,-54,60.955258,-138.032275
radio434mhz,6133334B,2026-08-11 22:28:02.000Z,-60,60.955243,-138.032222
bluetooth,D2A3B933,2026-08-11 22:28:03.000Z,-48,60.955243,-138.032222,10578,2,0,1572,19.08
radio434mhz,6133334B,2026-08-11 22:28:04.000Z,-66,60.955233,-138.032183
radio434mhz,6133334B,2026-08-11 22:28:06.000Z,-56,60.955210,-138.032202
radio434mhz,6133334B,2026-08-11 22:28:09.000Z,-53,60.955172,-138.032262
radio434mhz,6133334B,2026-08-11 22:28:11.000Z,-52,60.955146,-138.032290
bluetooth,D2A3B933,2026-08-11 22:28:13.000Z,-40,60.955146,-138.032290,40162,2,0,1572,18.65
radio434mhz,6133334B,2026-08-11 22:28:14.000Z,-51,60.955114,-138.032340
radio434mhz,6133334B,2026-08-11 22:28:16.000Z,-60,60.955097,-138.032394
radio434mhz,6133334B,2026-08-11 22:28:18.000Z,-60,60.955097,-138.032394
radio434mhz,6133334B,2026-08-11 22:28:21.000Z,-62,60.955075,-138.032421
bluetooth,D2A3B933,2026-08-11 22:28:23.000Z,-36,60.955070,-138.032462,43096,2,0,1573,18.50
radio434mhz,6133334B,2026-08-11 22:28:23.000Z,-57,60.955070,-138.032462
radio434mhz,6133334B,2026-08-11 22:28:25.000Z,-51,60.955067,-138.032547
radio434mhz,6133334B,2026-08-11 22:28:28.000Z,-59,60.955067,-138.032565
radio434mhz,6133334B,2026-08-11 22:28:30.000Z,-55,60.955080,-138.032571
radio434mhz,6133334B,2026-08-11 22:28:32.000Z,-50,60.955099,-138.032616
bluetooth,D2A3B933,2026-08-11 22:28:33.000Z,-23,60.955099,-138.032616,25335,2,0,1571,18.77
radio434mhz,6133334B,2026-08-11 22:28:35.000Z,-53,60.955099,-138.032616
radio434mhz,6133334B,2026-08-11 22:28:37.000Z,-55,60.955121,-138.032652
radio434mhz,6133334B,2026-08-11 22:28:39.000Z,-51,60.955158,-138.032654
radio434mhz,6133334B,2026-08-11 22:28:42.000Z,-54,60.955158,-138.032654
bluetooth,D2A3B933,2026-08-11 22:28:43.000Z,-51,60.955179,-138.032630,13903,2,0,1573,18.47
radio434mhz,6133334B,2026-08-11 22:28:44.000Z,-54,60.955179,-138.032630
radio434mhz,6133334B,2026-08-11 22:28:46.000Z,-60,60.955179,-138.032630
radio434mhz,6133334B,2026-08-11 22:28:49.000Z,-61,60.955174,-138.032634
radio434mhz,6133334B,2026-08-11 22:28:51.000Z,-55,60.955176,-138.032635
bluetooth,D2A3B933,2026-08-11 22:28:53.000Z,-44,60.955176,-138.032635,13800,2,0,1572,18.55
radio434mhz,6133334B,2026-08-11 22:28:53.000Z,-56,60.955173,-138.032630
radio434mhz,6133334B,2026-08-11 22:28:56.000Z,-58,60.955170,-138.032614
radio434mhz,6133334B,2026-08-11 22:28:58.000Z,-53,60.955170,-138.032614
radio434mhz,6133334B,2026-08-11 22:29:00.000Z,-59,60.955176,-138.032612
radio434mhz,6133334B,2026-08-11 22:29:03.000Z,-54,60.955184,-138.032581
radio434mhz,6133334B,2026-08-11 22:29:05.000Z,-63,60.955178,-138.032563
radio434mhz,6133334B,2026-08-11 22:29:08.000Z,-65,60.955150,-138.032487
radio434mhz,6133334B,2026-08-11 22:29:10.000Z,-65,60.955142,-138.032487
radio434mhz,6133334B,2026-08-11 22:29:12.000Z,-65,60.955117,-138.032496
bluetooth,D2A3B933,2026-08-11 22:29:13.000Z,-47,60.955117,-138.032496,43187,2,0,1572,18.77
radio434mhz,6133334B,2026-08-11 22:29:15.000Z,-66,60.955104,-138.032432
radio434mhz,6133334B,2026-08-11 22:29:17.000Z,-57,60.955116,-138.032372
radio434mhz,6133334B,2026-08-11 22:29:19.000Z,-57,60.955147,-138.032338
radio434mhz,6133334B,2026-08-11 22:29:22.000Z,-56,60.955147,-138.032338
bluetooth,D2A3B933,2026-08-11 22:29:23.000Z,-47,60.955249,-138.032267,7675,2,0,1573,18.55
radio434mhz,6133334B,2026-08-11 22:29:24.000Z,-66,60.955249,-138.032267
radio434mhz,6133334B,2026-08-11 22:29:26.000Z,-73,60.955300,-138.032271
radio434mhz,6133334B,2026-08-11 22:29:29.000Z,-70,60.955335,-138.032281
radio434mhz,6133334B,2026-08-11 22:29:31.000Z,-59,60.955383,-138.032260
bluetooth,D2A3B933,2026-08-11 22:29:33.000Z,-52,60.955418,-138.032244,26008,2,0,1572,18.62
radio434mhz,6133334B,2026-08-11 22:29:33.000Z,-52,60.955418,-138.032244
radio434mhz,6133334B,2026-08-11 22:29:36.000Z,-56,60.955454,-138.032217
radio434mhz,6133334B,2026-08-11 22:29:38.000Z,-54,60.955469,-138.032168
radio434mhz,6133334B,2026-08-11 22:29:40.000Z,-54,60.955471,-138.032053
radio434mhz,6133334B,2026-08-11 22:29:43.000Z,-50,60.955487,-138.031996
bluetooth,D2A3B933,2026-08-11 22:29:43.000Z,-39,60.955487,-138.031996,3356,2,0,1571,18.82
radio434mhz,6133334B,2026-08-11 22:29:45.000Z,-80,60.955520,-138.031963
radio434mhz,6133334B,2026-08-11 22:29:47.000Z,-63,60.955541,-138.031925
radio434mhz,6133334B,2026-08-11 22:29:50.000Z,-55,60.955528,-138.031829
radio434mhz,6133334B,2026-08-11 22:29:52.000Z,-79,60.955526,-138.031777
bluetooth,D2A3B933,2026-08-11 22:29:53.000Z,-47,60.955526,-138.031777,56301,2,0,1573,18.57
radio434mhz,6133334B,2026-08-11 22:29:54.000Z,-66,60.955538,-138.031739
radio434mhz,6133334B,2026-08-11 22:29:57.000Z,-82,60.955558,-138.031705
radio434mhz,6133334B,2026-08-11 22:29:59.000Z,-55,60.955575,-138.031669
radio434mhz,6133334B,2026-08-11 22:30:02.000Z,-51,60.955575,-138.031669
bluetooth,D5F1637A,2026-08-11 22:30:03.000Z,-81,60.955596,-138.031653,13010,2,0,1553,28.23
radio434mhz,6133334B,2026-08-11 22:30:04.000Z,-57,60.955596,-138.031653
radio434mhz,6133334B,2026-08-11 22:30:06.000Z,-54,60.955612,-138.031629
bluetooth,D5F1637A,2026-08-11 22:30:08.000Z,-82,60.955611,-138.031625,37886,2,0,1553,28.30
radio434mhz,6133334B,2026-08-11 22:30:09.000Z,-57,60.955611,-138.031625
radio434mhz,6133334B,2026-08-11 22:30:11.000Z,-56,60.955607,-138.031618
bluetooth,D2A3B933,2026-08-11 22:30:13.000Z,-29,60.955597,-138.031612,26808,2,0,1572,18.80
radio434mhz,6133334B,2026-08-11 22:30:13.000Z,-50,60.955597,-138.031612
radio434mhz,6133334B,2026-08-11 22:30:16.000Z,-51,60.955595,-138.031636
radio434mhz,6133334B,2026-08-11 22:30:18.000Z,-56,60.955593,-138.031644
bluetooth,D5F1637A,2026-08-11 22:30:18.000Z,-82,60.955593,-138.031644,18687,2,0,1552,28.00
radio434mhz,6133334B,2026-08-11 22:30:20.000Z,-59,60.955587,-138.031666
radio434mhz,6133334B,2026-08-11 22:30:23.000Z,-62,60.955562,-138.031691
bluetooth,D2A3B933,2026-08-11 22:30:23.000Z,-46,60.955562,-138.031691,39553,2,0,1572,18.67
radio434mhz,6133334B,2026-08-11 22:30:25.000Z,-59,60.955538,-138.031680
radio434mhz,6133334B,2026-08-11 22:30:27.000Z,-58,60.955513,-138.031672
bluetooth,D5F1637A,2026-08-11 22:30:28.000Z,-77,60.955513,-138.031672,24767,2,0,1552,28.33
radio434mhz,6133334B,2026-08-11 22:30:30.000Z,-54,60.955643,-138.031403
radio434mhz,6133334B,2026-08-11 22:30:32.000Z,-58,60.955667,-138.031429
bluetooth,D2A3B933,2026-08-11 22:30:33.000Z,-62,60.955667,-138.031429,1617,2,0,1571,18.67
radio434mhz,6133334B,2026-08-11 22:30:34.000Z,-60,60.955683,-138.031474
radio434mhz,6133334B,2026-08-11 22:30:37.000Z,-61,60.955684,-138.031516
radio434mhz,6133334B,2026-08-11 22:30:39.000Z,-56,60.955684,-138.031516
radio434mhz,6133334B,2026-08-11 22:30:41.000Z,-62,60.955706,-138.031594
bluetooth,D2A3B933,2026-08-11 22:30:43.000Z,-45,60.955719,-138.031631,50003,2,0,1572,18.72
radio434mhz,6133334B,2026-08-11 22:30:44.000Z,-64,60.955719,-138.031631
radio434mhz,6133334B,2026-08-11 22:30:46.000Z,-55,60.955736,-138.031679
radio434mhz,6133334B,2026-08-11 22:30:49.000Z,-66,60.955760,-138.031700
radio434mhz,6133334B,2026-08-11 22:30:51.000Z,-57,60.955796,-138.031722
bluetooth,D2A3B933,2026-08-11 22:30:53.000Z,-17,60.955833,-138.031629,51637,2,0,1571,18.70
radio434mhz,6133334B,2026-08-11 22:30:53.000Z,-61,60.955833,-138.031629
radio434mhz,6133334B,2026-08-11 22:30:56.000Z,-65,60.955860,-138.031594
radio434mhz,6133334B,2026-08-11 22:30:58.000Z,-60,60.955860,-138.031594
radio434mhz,6133334B,2026-08-11 22:31:00.000Z,-60,60.955890,-138.031519
bluetooth,D5F1637A,2026-08-11 22:31:02.000Z,-85,60.955912,-138.031486,21663,2,0,1552,28.33
radio434mhz,6133334B,2026-08-11 22:31:03.000Z,-59,60.955912,-138.031486
bluetooth,D2A3B933,2026-08-11 22:31:03.000Z,-28,60.955912,-138.031486,4476,2,0,1572,18.57
radio434mhz,6133334B,2026-08-11 22:31:05.000Z,-62,60.955926,-138.031471
radio434mhz,6133334B,2026-08-11 22:31:07.000Z,-65,60.955951,-138.031432
radio434mhz,6133334B,2026-08-11 22:31:10.000Z,-63,60.955938,-138.031411
radio434mhz,6133334B,2026-08-11 22:31:12.000Z,-59,60.955918,-138.031365
bluetooth,D2A3B933,2026-08-11 22:31:13.000Z,-45,60.955918,-138.031365,8547,2,0,1571,18.65
radio434mhz,6133334B,2026-08-11 22:31:14.000Z,-59,60.955927,-138.031321
radio434mhz,6133334B,2026-08-11 22:31:17.000Z,-55,60.955911,-138.031269
radio434mhz,6133334B,2026-08-11 22:31:19.000Z,-62,60.955937,-138.031212
radio434mhz,6133334B,2026-08-11 22:31:22.000Z,-57,60.955962,-138.031180
bluetooth,D2A3B933,2026-08-11 22:31:23.000Z,-33,60.955962,-138.031180,34004,2,0,1571,18.72
radio434mhz,6133334B,2026-08-11 22:31:24.000Z,-65,60.955961,-138.031114
radio434mhz,6133334B,2026-08-11 22:31:26.000Z,-76,60.955987,-138.031084
radio434mhz,6133334B,2026-08-11 22:31:29.000Z,-67,60.956035,-138.031072
radio434mhz,6133334B,2026-08-11 22:31:31.000Z,-62,60.956061,-138.031040
bluetooth,D2A3B933,2026-08-11 22:31:33.000Z,-36,60.956061,-138.031040,16913,2,0,1573,18.42
radio434mhz,6133334B,2026-08-11 22:31:33.000Z,-63,60.956066,-138.030976
radio434mhz,6133334B,2026-08-11 22:31:36.000Z,-67,60.956090,-138.030945
radio434mhz,6133334B,2026-08-11 22:31:38.000Z,-53,60.956115,-138.030969
radio434mhz,6133334B,2026-08-11 22:31:40.000Z,-65,60.956137,-138.030975
radio434mhz,6133334B,2026-08-11 22:31:43.000Z,-57,60.956137,-138.030975
bluetooth,D2A3B933,2026-08-11 22:31:43.000Z,-46,60.956137,-138.030975,48636,2,0,1572,18.44
radio434mhz,6133334B,2026-08-11 22:31:45.000Z,-58,60.956167,-138.030982
radio434mhz,6133334B,2026-08-11 22:31:47.000Z,-59,60.956188,-138.031024
radio434mhz,6133334B,2026-08-11 22:31:50.000Z,-54,60.956230,-138.030979
radio434mhz,6133334B,2026-08-11 22:31:52.000Z,-70,60.956257,-138.030965
bluetooth,D2A3B933,2026-08-11 22:31:53.000Z,-38,60.956257,-138.030965,7972,2,0,1573,18.14
radio434mhz,6133334B,2026-08-11 22:31:54.000Z,-54,60.956294,-138.030904
radio434mhz,6133334B,2026-08-11 22:31:57.000Z,-67,60.956323,-138.030877
radio434mhz,6133334B,2026-08-11 22:31:59.000Z,-57,60.956333,-138.030873
radio434mhz,6133334B,2026-08-11 22:32:02.000Z,-63,60.956361,-138.030889
bluetooth,D2A3B933,2026-08-11 22:32:03.000Z,-44,60.956361,-138.030889,9968,2,0,1572,18.07
radio434mhz,6133334B,2026-08-11 22:32:04.000Z,-54,60.956392,-138.030841
radio434mhz,6133334B,2026-08-11 22:32:06.000Z,-60,60.956413,-138.030807
radio434mhz,6133334B,2026-08-11 22:32:09.000Z,-65,60.956415,-138.030772
radio434mhz,6133334B,2026-08-11 22:32:11.000Z,-56,60.956415,-138.030772
bluetooth,D2A3B933,2026-08-11 22:32:13.000Z,-43,60.956400,-138.030715,49645,2,0,1572,18.22
radio434mhz,6133334B,2026-08-11 22:32:13.000Z,-53,60.956400,-138.030715
radio434mhz,6133334B,2026-08-11 22:32:16.000Z,-58,60.956387,-138.030660
radio434mhz,6133334B,2026-08-11 22:32:18.000Z,-56,60.956395,-138.030599
radio434mhz,6133334B,2026-08-11 22:32:20.000Z,-51,60.956378,-138.030512
radio434mhz,6133334B,2026-08-11 22:32:23.000Z,-61,60.956366,-138.030469
bluetooth,D2A3B933,2026-08-11 22:32:23.000Z,-42,60.956366,-138.030469,44519,2,0,1572,18.19
radio434mhz,6133334B,2026-08-11 22:32:25.000Z,-58,60.956427,-138.030426
radio434mhz,6133334B,2026-08-11 22:32:27.000Z,-57,60.956428,-138.030381
radio434mhz,6133334B,2026-08-11 22:32:30.000Z,-54,60.956431,-138.030370
radio434mhz,6133334B,2026-08-11 22:32:32.000Z,-59,60.956437,-138.030327
bluetooth,D2A3B933,2026-08-11 22:32:33.000Z,-39,60.956437,-138.030327,45403,2,0,1572,18.37
radio434mhz,6133334B,2026-08-11 22:32:35.000Z,-60,60.956467,-138.030286
radio434mhz,6133334B,2026-08-11 22:32:37.000Z,-59,60.956481,-138.030237
radio434mhz,6133334B,2026-08-11 22:32:39.000Z,-61,60.956523,-138.030252
radio434mhz,6133334B,2026-08-11 22:32:42.000Z,-55,60.956523,-138.030252
bluetooth,D2A3B933,2026-08-11 22:32:43.000Z,-43,60.956553,-138.030226,3434,2,0,1571,18.52
radio434mhz,6133334B,2026-08-11 22:32:44.000Z,-53,60.956553,-138.030226
radio434mhz,6133334B,2026-08-11 22:32:46.000Z,-55,60.956583,-138.030221
radio434mhz,6133334B,2026-08-11 22:32:49.000Z,-57,60.956611,-138.030214
radio434mhz,6133334B,2026-08-11 22:32:51.000Z,-60,60.956625,-138.030162
bluetooth,D2A3B933,2026-08-11 22:32:53.000Z,-44,60.956615,-138.030120,25397,2,0,1571,18.24
radio434mhz,6133334B,2026-08-11 22:32:53.000Z,-82,60.956615,-138.030120
radio434mhz,6133334B,2026-08-11 22:32:56.000Z,-64,60.956618,-138.030054
radio434mhz,6133334B,2026-08-11 22:32:58.000Z,-61,60.956637,-138.030017
radio434mhz,6133334B,2026-08-11 22:33:00.000Z,-60,60.956690,-138.030016
radio434mhz,6133334B,2026-08-11 22:33:03.000Z,-63,60.956679,-138.029981
bluetooth,D2A3B933,2026-08-11 22:33:03.000Z,-50,60.956679,-138.029981,6963,2,0,1572,18.09
radio434mhz,6133334B,2026-08-11 22:33:05.000Z,-60,60.956656,-138.029936
radio434mhz,6133334B,2026-08-11 22:33:08.000Z,-53,60.956626,-138.029878
radio434mhz,6133334B,2026-08-11 22:33:10.000Z,-59,60.956622,-138.029826
radio434mhz,6133334B,2026-08-11 22:33:12.000Z,-57,60.956610,-138.029767
bluetooth,D2A3B933,2026-08-11 22:33:13.000Z,-46,60.956610,-138.029767,37668,2,0,1571,18.29
radio434mhz,6133334B,2026-08-11 22:33:15.000Z,-62,60.956630,-138.029708
radio434mhz,6133334B,2026-08-11 22:33:17.000Z,-68,60.956643,-138.029684
radio434mhz,6133334B,2026-08-11 22:33:19.000Z,-71,60.956643,-138.029684
radio434mhz,6133334B,2026-08-11 22:33:22.000Z,-55,60.956667,-138.029661
bluetooth,D2A3B933,2026-08-11 22:33:23.000Z,-46,60.956707,-138.029636,2671,2,0,1571,18.04
radio434mhz,6133334B,2026-08-11 22:33:24.000Z,-58,60.956707,-138.029636
radio434mhz,6133334B,2026-08-11 22:33:26.000Z,-63,60.956735,-138.029601
radio434mhz,6133334B,2026-08-11 22:33:29.000Z,-53,60.956767,-138.029595
radio434mhz,6133334B,2026-08-11 22:33:31.000Z,-61,60.956784,-138.029572
bluetooth,D2A3B933,2026-08-11 22:33:33.000Z,-38,60.956820,-138.029550,2787,2,0,1572,18.19
radio434mhz,6133334B,2026-08-11 22:33:33.000Z,-63,60.956820,-138.029550
radio434mhz,6133334B,2026-08-11 22:33:36.000Z,-57,60.956859,-138.029525
radio434mhz,6133334B,2026-08-11 22:33:38.000Z,-62,60.956891,-138.029584
radio434mhz,6133334B,2026-08-11 22:33:41.000Z,-61,60.956920,-138.029577
radio434mhz,6133334B,2026-08-11 22:33:43.000Z,-58,60.956920,-138.029577
bluetooth,D2A3B933,2026-08-11 22:33:43.000Z,-47,60.956936,-138.029552,51776,2,0,1572,18.01
radio434mhz,6133334B,2026-08-11 22:33:45.000Z,-62,60.956936,-138.029552
radio434mhz,6133334B,2026-08-11 22:33:48.000Z,-59,60.956939,-138.029494
radio434mhz,6133334B,2026-08-11 22:33:50.000Z,-60,60.956947,-138.029466
radio434mhz,6133334B,2026-08-11 22:33:52.000Z,-62,60.956952,-138.029421
bluetooth,D2A3B933,2026-08-11 22:33:53.000Z,-27,60.956952,-138.029421,53733,2,0,1571,18.09
radio434mhz,6133334B,2026-08-11 22:33:55.000Z,-69,60.956947,-138.029357
radio434mhz,6133334B,2026-08-11 22:33:57.000Z,-60,60.956936,-138.029310
radio434mhz,6133334B,2026-08-11 22:33:59.000Z,-68,60.956916,-138.029278
radio434mhz,6133334B,2026-08-11 22:34:02.000Z,-54,60.956895,-138.029284
bluetooth,D2A3B933,2026-08-11 22:34:03.000Z,-42,60.956895,-138.029284,32132,2,0,1571,18.17
radio434mhz,6133334B,2026-08-11 22:34:04.000Z,-59,60.956943,-138.029327
radio434mhz,6133334B,2026-08-11 22:34:06.000Z,-59,60.956968,-138.029351
radio434mhz,6133334B,2026-08-11 22:34:09.000Z,-57,60.956968,-138.029351
radio434mhz,6133334B,2026-08-11 22:34:11.000Z,-62,60.956987,-138.029443
bluetooth,D2A3B933,2026-08-11 22:34:13.000Z,-45,60.957007,-138.029495,27867,2,0,1572,18.14
radio434mhz,6133334B,2026-08-11 22:34:14.000Z,-56,60.957007,-138.029495
radio434mhz,6133334B,2026-08-11 22:34:16.000Z,-56,60.957023,-138.029550
radio434mhz,6133334B,2026-08-11 22:34:18.000Z,-54,60.957056,-138.029563
radio434mhz,6133334B,2026-08-11 22:34:21.000Z,-69,60.957068,-138.029610
radio434mhz,6133334B,2026-08-11 22:34:23.000Z,-53,60.957063,-138.029665
bluetooth,D2A3B933,2026-08-11 22:34:23.000Z,-46,60.957063,-138.029665,38426,2,0,1572,17.81
radio434mhz,6133334B,2026-08-11 22:34:25.000Z,-62,60.957057,-138.029720
radio434mhz,6133334B,2026-08-11 22:34:28.000Z,-55,60.957041,-138.029737
radio434mhz,6133334B,2026-08-11 22:34:30.000Z,-66,60.957020,-138.029764
radio434mhz,6133334B,2026-08-11 22:34:32.000Z,-54,60.957008,-138.029810
bluetooth,D2A3B933,2026-08-11 22:34:33.000Z,-37,60.957008,-138.029810,23194,2,0,1573,17.89
radio434mhz,6133334B,2026-08-11 22:34:35.000Z,-58,60.957008,-138.029810
radio434mhz,6133334B,2026-08-11 22:34:37.000Z,-53,60.957016,-138.029854
radio434mhz,6133334B,2026-08-11 22:34:39.000Z,-55,60.956999,-138.029876
radio434mhz,6133334B,2026-08-11 22:34:42.000Z,-64,60.957009,-138.029939
bluetooth,D2A3B933,2026-08-11 22:34:43.000Z,-43,60.956961,-138.029990,25451,2,0,1573,17.96
radio434mhz,6133334B,2026-08-11 22:34:44.000Z,-49,60.956961,-138.029990
radio434mhz,6133334B,2026-08-11 22:34:47.000Z,-54,60.956953,-138.030047
radio434mhz,6133334B,2026-08-11 22:34:49.000Z,-58,60.956945,-138.030091
radio434mhz,6133334B,2026-08-11 22:34:51.000Z,-56,60.956946,-138.030161
bluetooth,D2A3B933,2026-08-11 22:34:53.000Z,-55,60.956946,-138.030161,6778,2,0,1573,18.07
radio434mhz,6133334B,2026-08-11 22:34:54.000Z,-53,60.956946,-138.030161
radio434mhz,6133334B,2026-08-11 22:34:56.000Z,-61,60.956924,-138.030158
radio434mhz,6133334B,2026-08-11 22:34:58.000Z,-57,60.956914,-138.030192
radio434mhz,6133334B,2026-08-11 22:35:01.000Z,-62,60.956864,-138.030223
radio434mhz,6133334B,2026-08-11 22:35:03.000Z,-58,60.956845,-138.030267
bluetooth,D2A3B933,2026-08-11 22:35:03.000Z,-53,60.956845,-138.030267,61925,2,0,1572,17.96
radio434mhz,6133334B,2026-08-11 22:35:05.000Z,-67,60.956801,-138.030249
radio434mhz,6133334B,2026-08-11 22:35:08.000Z,-57,60.956766,-138.030255
radio434mhz,6133334B,2026-08-11 22:35:10.000Z,-60,60.956728,-138.030276
radio434mhz,6133334B,2026-08-11 22:35:13.000Z,-69,60.956703,-138.030303
bluetooth,D2A3B933,2026-08-11 22:35:13.000Z,-45,60.956703,-138.030303,14227,2,0,1572,18.12
radio434mhz,6133334B,2026-08-11 22:35:15.000Z,-60,60.956674,-138.030323
radio434mhz,6133334B,2026-08-11 22:35:17.000Z,-53,60.956646,-138.030357
radio434mhz,6133334B,2026-08-11 22:35:20.000Z,-48,60.956614,-138.030392
radio434mhz,6133334B,2026-08-11 22:35:22.000Z,-48,60.956593,-138.030432
bluetooth,D2A3B933,2026-08-11 22:35:23.000Z,-31,60.956593,-138.030432,17276,2,0,1573,18.01
radio434mhz,6133334B,2026-08-11 22:35:24.000Z,-51,60.956593,-138.030500
radio434mhz,6133334B,2026-08-11 22:35:27.000Z,-52,60.956574,-138.030546
radio434mhz,6133334B,2026-08-11 22:35:29.000Z,-49,60.956549,-138.030587
radio434mhz,6133334B,2026-08-11 22:35:31.000Z,-54,60.956523,-138.030606
bluetooth,D2A3B933,2026-08-11 22:35:33.000Z,-54,60.956523,-138.030606,49054,2,0,1571,18.29
radio434mhz,6133334B,2026-08-11 22:35:34.000Z,-55,60.956500,-138.030640
radio434mhz,6133334B,2026-08-11 22:35:36.000Z,-54,60.956482,-138.030675
radio434mhz,6133334B,2026-08-11 22:35:39.000Z,-55,60.956464,-138.030742
radio434mhz,6133334B,2026-08-11 22:35:41.000Z,-65,60.956445,-138.030783
bluetooth,D2A3B933,2026-08-11 22:35:43.000Z,-41,60.956418,-138.030801,45977,2,0,1572,18.17
radio434mhz,6133334B,2026-08-11 22:35:43.000Z,-58,60.956418,-138.030801
radio434mhz,6133334B,2026-08-11 22:35:46.000Z,-54,60.956418,-138.030801
radio434mhz,6133334B,2026-08-11 22:35:48.000Z,-54,60.956360,-138.030822
radio434mhz,6133334B,2026-08-11 22:35:50.000Z,-57,60.956337,-138.030808
radio434mhz,6133334B,2026-08-11 22:35:53.000Z,-63,60.956337,-138.030808
bluetooth,D2A3B933,2026-08-11 22:35:53.000Z,-43,60.956312,-138.030859,4289,2,0,1572,17.89
radio434mhz,6133334B,2026-08-11 22:35:55.000Z,-54,60.956312,-138.030859
radio434mhz,6133334B,2026-08-11 22:35:57.000Z,-57,60.956289,-138.030884
radio434mhz,6133334B,2026-08-11 22:36:00.000Z,-53,60.956270,-138.030918
radio434mhz,6133334B,2026-08-11 22:36:02.000Z,-82,60.956246,-138.030925
bluetooth,D2A3B933,2026-08-11 22:36:03.000Z,-53,60.956220,-138.030988,9786,2,0,1572,18.09
radio434mhz,6133334B,2026-08-11 22:36:04.000Z,-54,60.956220,-138.030988
radio434mhz,6133334B,2026-08-11 22:36:07.000Z,-52,60.956207,-138.031039
radio434mhz,6133334B,2026-08-11 22:36:09.000Z,-63,60.956200,-138.031143
radio434mhz,6133334B,2026-08-11 22:36:12.000Z,-51,60.956205,-138.031204
bluetooth,D2A3B933,2026-08-11 22:36:13.000Z,-48,60.956216,-138.031288,55978,2,0,1572,18.22
radio434mhz,6133334B,2026-08-11 22:36:14.000Z,-53,60.956216,-138.031288
radio434mhz,6133334B,2026-08-11 22:36:16.000Z,-59,60.956196,-138.031346
bluetooth,E8095336,2026-08-11 22:36:18.000Z,-83,60.956196,-138.031346,45184,2,0,1568,31.76
radio434mhz,6133334B,2026-08-11 22:36:19.000Z,-54,60.956153,-138.031308
radio434mhz,6133334B,2026-08-11 22:36:21.000Z,-53,60.956153,-138.031308
bluetooth,D2A3B933,2026-08-11 22:36:23.000Z,-48,60.956128,-138.031328,60136,2,0,1573,18.22
radio434mhz,6133334B,2026-08-11 22:36:23.000Z,-50,60.956128,-138.031328
radio434mhz,6133334B,2026-08-11 22:36:26.000Z,-55,60.956125,-138.031366
radio434mhz,6133334B,2026-08-11 22:36:28.000Z,-53,60.956104,-138.031393
radio434mhz,6133334B,2026-08-11 22:36:30.000Z,-59,60.956084,-138.031433
radio434mhz,6133334B,2026-08-11 22:36:33.000Z,-64,60.956069,-138.031481
bluetooth,D2A3B933,2026-08-11 22:36:33.000Z,-56,60.956069,-138.031481,24926,2,0,1572,18.47
radio434mhz,6133334B,2026-08-11 22:36:35.000Z,-62,60.956041,-138.031508
radio434mhz,6133334B,2026-08-11 22:36:37.000Z,-63,60.956012,-138.031542
radio434mhz,6133334B,2026-08-11 22:36:40.000Z,-49,60.955996,-138.031602
radio434mhz,6133334B,2026-08-11 22:36:42.000Z,-54,60.955977,-138.031651
bluetooth,D2A3B933,2026-08-11 22:36:43.000Z,-38,60.955977,-138.031651,5434,2,0,1572,18.47
radio434mhz,6133334B,2026-08-11 22:36:45.000Z,-49,60.955956,-138.031700
radio434mhz,6133334B,2026-08-11 22:36:47.000Z,-49,60.955929,-138.031729
radio434mhz,6133334B,2026-08-11 22:36:49.000Z,-50,60.955903,-138.031698
radio434mhz,6133334B,2026-08-11 22:36:52.000Z,-57,60.955874,-138.031700
bluetooth,D2A3B933,2026-08-11 22:36:53.000Z,-34,60.955874,-138.031700,44815,2,0,1573,18.32
radio434mhz,6133334B,2026-08-11 22:36:54.000Z,-54,60.955860,-138.031747
radio434mhz,6133334B,2026-08-11 22:36:56.000Z,-56,60.955860,-138.031747
radio434mhz,6133334B,2026-08-11 22:36:59.000Z,-54,60.955839,-138.031798
radio434mhz,6133334B,2026-08-11 22:37:01.000Z,-50,60.955818,-138.031845
bluetooth,D2A3B933,2026-08-11 22:37:03.000Z,-41,60.955800,-138.031905,64779,2,0,1571,18.50
radio434mhz,6133334B,2026-08-11 22:37:03.000Z,-68,60.955800,-138.031905
radio434mhz,6133334B,2026-08-11 22:37:06.000Z,-63,60.955792,-138.031904
radio434mhz,6133334B,2026-08-11 22:37:08.000Z,-51,60.955776,-138.031944
radio434mhz,6133334B,2026-08-11 22:37:10.000Z,-52,60.955759,-138.031988
radio434mhz,6133334B,2026-08-11 22:37:13.000Z,-62,60.955750,-138.032042
bluetooth,D2A3B933,2026-08-11 22:37:13.000Z,-37,60.955750,-138.032042,30208,2,0,1571,18.29
radio434mhz,6133334B,2026-08-11 22:37:15.000Z,-61,60.955746,-138.032107
radio434mhz,6133334B,2026-08-11 22:37:18.000Z,-59,60.955722,-138.032135
radio434mhz,6133334B,2026-08-11 22:37:20.000Z,-57,60.955713,-138.032104
radio434mhz,6133334B,2026-08-11 22:37:22.000Z,-52,60.955690,-138.032118
bluetooth,D2A3B933,2026-08-11 22:37:23.000Z,-50,60.955690,-138.032118,20406,2,0,1573,18.42
radio434mhz,6133334B,2026-08-11 22:37:25.000Z,-56,60.955669,-138.032098
radio434mhz,6133334B,2026-08-11 22:37:27.000Z,-55,60.955657,-138.032109
radio434mhz,6133334B,2026-08-11 22:37:29.000Z,-62,60.955657,-138.032109
radio434mhz,6133334B,2026-08-11 22:37:32.000Z,-50,60.955637,-138.032164
bluetooth,D2A3B933,2026-08-11 22:37:33.000Z,-57,60.955617,-138.032196,25815,2,0,1573,18.39
radio434mhz,6133334B,2026-08-11 22:37:34.000Z,-51,60.955617,-138.032196
radio434mhz,6133334B,2026-08-11 22:37:36.000Z,-57,60.955594,-138.032223
radio434mhz,6133334B,2026-08-11 22:37:39.000Z,-52,60.955549,-138.032236
bluetooth,E8095336,2026-08-11 22:37:41.000Z,-83,60.955526,-138.032268,14812,2,0,1568,31.03
radio434mhz,6133334B,2026-08-11 22:37:41.000Z,-51,60.955526,-138.032268
bluetooth,D2A3B933,2026-08-11 22:37:43.000Z,-48,60.955476,-138.032285,48216,2,0,1572,18.57
radio434mhz,6133334B,2026-08-11 22:37:43.000Z,-54,60.955476,-138.032285
radio434mhz,6133334B,2026-08-11 22:37:46.000Z,-56,60.955445,-138.032327
radio434mhz,6133334B,2026-08-11 22:37:48.000Z,-56,60.955430,-138.032381
radio434mhz,6133334B,2026-08-11 22:37:51.000Z,-53,60.955425,-138.032442
radio434mhz,6133334B,2026-08-11 22:37:53.000Z,-57,60.955404,-138.032494
bluetooth,D2A3B933,2026-08-11 22:37:53.000Z,-29,60.955404,-138.032494,21042,2,0,1572,18.47
radio434mhz,6133334B,2026-08-11 22:37:55.000Z,-60,60.955391,-138.032540
radio434mhz,6133334B,2026-08-11 22:37:58.000Z,-54,60.955385,-138.032593
radio434mhz,6133334B,2026-08-11 22:38:00.000Z,-51,60.955363,-138.032634
radio434mhz,6133334B,2026-08-11 22:38:02.000Z,-56,60.955342,-138.032666
bluetooth,D2A3B933,2026-08-11 22:38:03.000Z,-48,60.955342,-138.032666,42422,2,0,1572,18.55
radio434mhz,6133334B,2026-08-11 22:38:05.000Z,-59,60.955342,-138.032666
radio434mhz,6133334B,2026-08-11 22:38:07.000Z,-57,60.955325,-138.032715
radio434mhz,6133334B,2026-08-11 22:38:09.000Z,-54,60.955290,-138.032734
radio434mhz,6133334B,2026-08-11 22:38:12.000Z,-49,60.955263,-138.032765
bluetooth,D2A3B933,2026-08-11 22:38:13.000Z,-53,60.955242,-138.032808,53731,2,0,1571,18.44
radio434mhz,6133334B,2026-08-11 22:38:14.000Z,-54,60.955242,-138.032808
radio434mhz,6133334B,2026-08-11 22:38:16.000Z,-55,60.955223,-138.032859
radio434mhz,6133334B,2026-08-11 22:38:19.000Z,-64,60.955235,-138.032916
radio434mhz,6133334B,2026-08-11 22:38:21.000Z,-49,60.955217,-138.032947
bluetooth,D2A3B933,2026-08-11 22:38:23.000Z,-41,60.955189,-138.032925,64396,2,0,1571,18.65
radio434mhz,6133334B,2026-08-11 22:38:23.000Z,-51,60.955189,-138.032925
radio434mhz,6133334B,2026-08-11 22:38:26.000Z,-55,60.955171,-138.032937
radio434mhz,6133334B,2026-08-11 22:38:28.000Z,-50,60.955158,-138.032955
radio434mhz,6133334B,2026-08-11 22:38:31.000Z,-50,60.955152,-138.032989
radio434mhz,6133334B,2026-08-11 22:38:33.000Z,-55,60.955152,-138.032989
radio434mhz,6133334B,2026-08-11 22:38:35.000Z,-57,60.955153,-138.032994
radio434mhz,6133334B,2026-08-11 22:38:38.000Z,-51,60.955143,-138.033037
radio434mhz,6133334B,2026-08-11 22:38:40.000Z,-54,60.955131,-138.033028
radio434mhz,6133334B,2026-08-11 22:38:42.000Z,-86,60.955112,-138.033026
bluetooth,D2A3B933,2026-08-11 22:38:43.000Z,-38,60.955112,-138.033026,23339,2,0,1572,18.65
radio434mhz,6133334B,2026-08-11 22:38:45.000Z,-60,60.955101,-138.033001
radio434mhz,6133334B,2026-08-11 22:38:47.000Z,-50,60.955075,-138.032996
radio434mhz,6133334B,2026-08-11 22:38:49.000Z,-55,60.955083,-138.033064
radio434mhz,6133334B,2026-08-11 22:38:52.000Z,-56,60.955063,-138.033096
bluetooth,D2A3B933,2026-08-11 22:38:53.000Z,-34,60.955063,-138.033096,55755,2,0,1572,18.80
radio434mhz,6133334B,2026-08-11 22:38:54.000Z,-57,60.955063,-138.033096
radio434mhz,6133334B,2026-08-11 22:38:56.000Z,-64,60.955060,-138.033100
radio434mhz,6133334B,2026-08-11 22:38:59.000Z,-63,60.955075,-138.033133
radio434mhz,6133334B,2026-08-11 22:39:01.000Z,-56,60.955076,-138.033203
bluetooth,D2A3B933,2026-08-11 22:39:03.000Z,-39,60.955095,-138.033236,1364,2,0,1572,18.65
radio434mhz,6133334B,2026-08-11 22:39:03.000Z,-63,60.955095,-138.033236
radio434mhz,6133334B,2026-08-11 22:39:06.000Z,-54,60.955112,-138.033263
radio434mhz,6133334B,2026-08-11 22:39:08.000Z,-65,60.955115,-138.033305
radio434mhz,6133334B,2026-08-11 22:39:11.000Z,-54,60.955109,-138.033355
radio434mhz,6133334B,2026-08-11 22:39:13.000Z,-48,60.955143,-138.033326
bluetooth,D2A3B933,2026-08-11 22:39:13.000Z,-49,60.955143,-138.033326,39419,2,0,1573,18.95
radio434mhz,6133334B,2026-08-11 22:39:15.000Z,-56,60.955160,-138.033285
radio434mhz,6133334B,2026-08-11 22:39:18.000Z,-51,60.955154,-138.033236
radio434mhz,6133334B,2026-08-11 22:39:20.000Z,-60,60.955173,-138.033197
radio434mhz,6133334B,2026-08-11 22:39:22.000Z,-53,60.955183,-138.033123
bluetooth,D2A3B933,2026-08-11 22:39:23.000Z,-46,60.955183,-138.033123,51376,2,0,1572,19.13
radio434mhz,6133334B,2026-08-11 22:39:25.000Z,-54,60.955178,-138.033053
radio434mhz,6133334B,2026-08-11 22:39:27.000Z,-52,60.955178,-138.033053
radio434mhz,6133334B,2026-08-11 22:39:29.000Z,-59,60.955206,-138.033016
radio434mhz,6133334B,2026-08-11 22:39:32.000Z,-60,60.955238,-138.032993
bluetooth,D2A3B933,2026-08-11 22:39:34.000Z,-29,60.955249,-138.032946,23552,2,0,1573,18.95
radio434mhz,6133334B,2026-08-11 22:39:34.000Z,-63,60.955249,-138.032946
radio434mhz,6133334B,2026-08-11 22:39:36.000Z,-56,60.955270,-138.032927
radio434mhz,6133334B,2026-08-11 22:39:39.000Z,-63,60.955300,-138.032884
radio434mhz,6133334B,2026-08-11 22:39:41.000Z,-64,60.955323,-138.032836
radio434mhz,6133334B,2026-08-11 22:39:43.000Z,-54,60.955342,-138.032742
bluetooth,D2A3B933,2026-08-11 22:39:44.000Z,-45,60.955342,-138.032742,17450,2,0,1572,19.10
radio434mhz,6133334B,2026-08-11 22:39:46.000Z,-51,60.955353,-138.032667
radio434mhz,6133334B,2026-08-11 22:39:48.000Z,-56,60.955368,-138.032629
radio434mhz,6133334B,2026-08-11 22:39:50.000Z,-64,60.955368,-138.032629
radio434mhz,6133334B,2026-08-11 22:39:53.000Z,-50,60.955393,-138.032617
bluetooth,D2A3B933,2026-08-11 22:39:54.000Z,-47,60.955393,-138.032617,43130,2,0,1573,19.03
radio434mhz,6133334B,2026-08-11 22:39:55.000Z,-53,60.955434,-138.032596
radio434mhz,6133334B,2026-08-11 22:39:57.000Z,-62,60.955436,-138.032540
radio434mhz,6133334B,2026-08-11 22:40:00.000Z,-58,60.955427,-138.032492
radio434mhz,6133334B,2026-08-11 22:40:02.000Z,-55,60.955450,-138.032447
bluetooth,D2A3B933,2026-08-11 22:40:04.000Z,-45,60.955450,-138.032447,64543,2,0,1572,19.43
radio434mhz,6133334B,2026-08-11 22:40:05.000Z,-55,60.955486,-138.032470
radio434mhz,6133334B,2026-08-11 22:40:07.000Z,-72,60.955507,-138.032444
radio434mhz,6133334B,2026-08-11 22:40:09.000Z,-57,60.955535,-138.032436
radio434mhz,6133334B,2026-08-11 22:40:12.000Z,-56,60.955535,-138.032436
bluetooth,D2A3B933,2026-08-11 22:40:14.000Z,-38,60.955553,-138.032436,51075,2,0,1571,19.68
radio434mhz,6133334B,2026-08-11 22:40:14.000Z,-58,60.955553,-138.032436
radio434mhz,6133334B,2026-08-11 22:40:16.000Z,-66,60.955575,-138.032428
radio434mhz,6133334B,2026-08-11 22:40:19.000Z,-58,60.955593,-138.032409
radio434mhz,6133334B,2026-08-11 22:40:21.000Z,-60,60.955602,-138.032357
radio434mhz,6133334B,2026-08-11 22:40:23.000Z,-54,60.955595,-138.032276
bluetooth,D2A3B933,2026-08-11 22:40:24.000Z,-42,60.955595,-138.032276,35454,2,0,1572,19.96
radio434mhz,6133334B,2026-08-11 22:40:26.000Z,-60,60.955568,-138.032225
radio434mhz,6133334B,2026-08-11 22:40:28.000Z,-60,60.955576,-138.032181
radio434mhz,6133334B,2026-08-11 22:40:30.000Z,-63,60.955576,-138.032181
radio434mhz,6133334B,2026-08-11 22:40:33.000Z,-50,60.955600,-138.032223
bluetooth,D2A3B933,2026-08-11 22:40:34.000Z,-34,60.955600,-138.032223,54270,2,0,1572,20.11
radio434mhz,6133334B,2026-08-11 22:40:35.000Z,-57,60.955642,-138.032247
radio434mhz,6133334B,2026-08-11 22:40:37.000Z,-55,60.955655,-138.032302
radio434mhz,6133334B,2026-08-11 22:40:40.000Z,-55,60.955678,-138.032374
radio434mhz,6133334B,2026-08-11 22:40:42.000Z,-61,60.955678,-138.032374
bluetooth,D2A3B933,2026-08-11 22:40:44.000Z,-44,60.955696,-138.032367,31239,2,0,1572,19.78
radio434mhz,6133334B,2026-08-11 22:40:45.000Z,-71,60.955696,-138.032367
radio434mhz,6133334B,2026-08-11 22:40:47.000Z,-61,60.955694,-138.032412
radio434mhz,6133334B,2026-08-11 22:40:49.000Z,-54,60.955703,-138.032472
radio434mhz,6133334B,2026-08-11 22:40:52.000Z,-63,60.955733,-138.032471
bluetooth,D2A3B933,2026-08-11 22:40:54.000Z,-55,60.955745,-138.032395,39971,2,0,1571,20.11
radio434mhz,6133334B,2026-08-11 22:40:54.000Z,-66,60.955745,-138.032395
radio434mhz,6133334B,2026-08-11 22:40:56.000Z,-56,60.955763,-138.032343
radio434mhz,6133334B,2026-08-11 22:40:59.000Z,-62,60.955750,-138.032230
bluetooth,E8095336,2026-08-11 22:41:00.000Z,-85,60.955750,-138.032230,62116,2,0,1565,35.18
radio434mhz,6133334B,2026-08-11 22:41:01.000Z,-61,60.955752,-138.032181
radio434mhz,6133334B,2026-08-11 22:41:03.000Z,-59,60.955761,-138.032130
bluetooth,D2A3B933,2026-08-11 22:41:04.000Z,-54,60.955761,-138.032130,37172,2,0,1572,20.09
radio434mhz,6133334B,2026-08-11 22:41:06.000Z,-52,60.955761,-138.032130
radio434mhz,6133334B,2026-08-11 22:41:08.000Z,-53,60.955783,-138.032083
radio434mhz,6133334B,2026-08-11 22:41:10.000Z,-58,60.955781,-138.032025
radio434mhz,6133334B,2026-08-11 22:41:13.000Z,-58,60.955770,-138.031959
bluetooth,D2A3B933,2026-08-11 22:41:14.000Z,-34,60.955793,-138.031909,3771,2,0,1573,20.19
radio434mhz,6133334B,2026-08-11 22:41:15.000Z,-60,60.955793,-138.031909
radio434mhz,6133334B,2026-08-11 22:41:17.000Z,-53,60.955795,-138.031863
bluetooth,E8095336,2026-08-11 22:41:20.000Z,-86,60.955782,-138.031876,15897,2,0,1567,35.05
radio434mhz,6133334B,2026-08-11 22:41:20.000Z,-78,60.955782,-138.031876
radio434mhz,6133334B,2026-08-11 22:41:22.000Z,-54,60.955777,-138.031856
radio434mhz,6133334B,2026-08-11 22:41:24.000Z,-58,60.955813,-138.031816
radio434mhz,6133334B,2026-08-11 22:41:27.000Z,-69,60.955797,-138.031784
radio434mhz,6133334B,2026-08-11 22:41:29.000Z,-54,60.955856,-138.031761
radio434mhz,6133334B,2026-08-11 22:41:31.000Z,-67,60.955873,-138.031748
radio434mhz,6133334B,2026-08-11 22:41:34.000Z,-52,60.955873,-138.031748
bluetooth,D2A3B933,2026-08-11 22:41:34.000Z,-47,60.955873,-138.031748,45160,2,0,1572,20.24
radio434mhz,6133334B,2026-08-11 22:41:36.000Z,-63,60.955908,-138.031670
radio434mhz,6133334B,2026-08-11 22:41:38.000Z,-49,60.955933,-138.031633
bluetooth,E8095336,2026-08-11 22:41:39.000Z,-83,60.955933,-138.031633,31623,2,0,1566,34.90
radio434mhz,6133334B,2026-08-11 22:41:41.000Z,-58,60.955947,-138.031698
radio434mhz,6133334B,2026-08-11 22:41:43.000Z,-58,60.955975,-138.031721
bluetooth,E8095336,2026-08-11 22:41:44.000Z,-83,60.955975,-138.031721,28964,2,0,1567,34.82
bluetooth,D2A3B933,2026-08-11 22:41:44.000Z,-34,60.955975,-138.031721,39813,2,0,1572,20.16
radio434mhz,6133334B,2026-08-11 22:41:45.000Z,-61,60.955981,-138.031683
radio434mhz,6133334B,2026-08-11 22:41:48.000Z,-53,60.956004,-138.031638
bluetooth,E8095336,2026-08-11 22:41:49.000Z,-81,60.956004,-138.031638,48150,2,0,1567,34.80
radio434mhz,6133334B,2026-08-11 22:41:50.000Z,-54,60.955993,-138.031567
radio434mhz,6133334B,2026-08-11 22:41:53.000Z,-59,60.956003,-138.031521
bluetooth,E8095336,2026-08-11 22:41:54.000Z,-82,60.956003,-138.031521,29899,2,0,1566,34.85
bluetooth,D2A3B933,2026-08-11 22:41:54.000Z,-31,60.956003,-138.031521,4367,2,0,1571,20.59
radio434mhz,6133334B,2026-08-11 22:41:55.000Z,-49,60.956024,-138.031524
radio434mhz,6133334B,2026-08-11 22:41:57.000Z,-54,60.956030,-138.031513
radio434mhz,6133334B,2026-08-11 22:42:00.000Z,-58,60.956026,-138.031518
radio434mhz,6133334B,2026-08-11 22:42:02.000Z,-59,60.956024,-138.031524
bluetooth,E8095336,2026-08-11 22:42:03.000Z,-82,60.956024,-138.031524,10462,2,0,1566,35.15
bluetooth,D2A3B933,2026-08-11 22:42:04.000Z,-17,60.956024,-138.031524,50453,2,0,1571,20.42
radio434mhz,6133334B,2026-08-11 22:42:04.000Z,-61,60.956024,-138.031524
radio434mhz,6133334B,2026-08-11 22:42:07.000Z,-59,60.956024,-138.031524
radio434mhz,6133334B,2026-08-11 22:42:09.000Z,-59,60.956026,-138.031525
radio434mhz,6133334B,2026-08-11 22:42:11.000Z,-59,60.956026,-138.031525
radio434mhz,6133334B,2026-08-11 22:42:14.000Z,-59,60.956019,-138.031533
bluetooth,D2A3B933,2026-08-11 22:42:14.000Z,-16,60.956019,-138.031533,61738,2,0,1572,20.59
radio434mhz,6133334B,2026-08-11 22:42:16.000Z,-59,60.956022,-138.031537
bluetooth,E8095336,2026-08-11 22:42:18.000Z,-82,60.956022,-138.031537,51904,2,0,1566,35.71
radio434mhz,6133334B,2026-08-11 22:42:18.000Z,-58,60.956022,-138.031537
radio434mhz,6133334B,2026-08-11 22:42:21.000Z,-58,60.956022,-138.031537
bluetooth,E8095336,2026-08-11 22:42:23.000Z,-82,60.956023,-138.031546,31615,2,0,1566,35.73
radio434mhz,6133334B,2026-08-11 22:42:23.000Z,-57,60.956023,-138.031546
bluetooth,D2A3B933,2026-08-11 22:42:24.000Z,-17,60.956023,-138.031546,55136,2,0,1572,20.26
radio434mhz,6133334B,2026-08-11 22:42:25.000Z,-57,60.956023,-138.031546
radio434mhz,6133334B,2026-08-11 22:42:28.000Z,-59,60.956023,-138.031547
radio434mhz,6133334B,2026-08-11 22:42:30.000Z,-58,60.956023,-138.031547
radio434mhz,6133334B,2026-08-11 22:42:32.000Z,-58,60.956025,-138.031547
bluetooth,E8095336,2026-08-11 22:42:33.000Z,-79,60.956025,-138.031547,60741,2,0,1566,35.73
bluetooth,D2A3B933,2026-08-11 22:42:34.000Z,-17,60.956025,-138.031547,50208,2,0,1571,20.67
radio434mhz,6133334B,2026-08-11 22:42:35.000Z,-58,60.956025,-138.031547
radio434mhz,6133334B,2026-08-11 22:42:37.000Z,-59,60.956027,-138.031547
bluetooth,E8095336,2026-08-11 22:42:38.000Z,-77,60.956027,-138.031547,27732,2,0,1566,36.14
radio434mhz,6133334B,2026-08-11 22:42:39.000Z,-62,60.956028,-138.031548
radio434mhz,6133334B,2026-08-11 22:42:42.000Z,-57,60.956028,-138.031546
bluetooth,E8095336,2026-08-11 22:42:42.000Z,-82,60.956028,-138.031546,538,2,0,1566,35.93
radio434mhz,6133334B,2026-08-11 22:42:44.000Z,-57,60.956029,-138.031544
radio434mhz,6133334B,2026-08-11 22:42:46.000Z,-56,60.956029,-138.031544
bluetooth,E8095336,2026-08-11 22:42:47.000Z,-81,60.956041,-138.031538,32001,2,0,1566,36.29
radio434mhz,6133334B,2026-08-11 22:42:49.000Z,-50,60.956041,-138.031538
radio434mhz,6133334B,2026-08-11 22:42:51.000Z,-52,60.956052,-138.031553
radio434mhz,6133334B,2026-08-11 22:42:53.000Z,-57,60.956074,-138.031572
bluetooth,D2A3B933,2026-08-11 22:42:54.000Z,-64,60.956077,-138.031570,43868,2,0,1571,20.80
radio434mhz,6133334B,2026-08-11 22:42:56.000Z,-65,60.956077,-138.031570
radio434mhz,6133334B,2026-08-11 22:42:58.000Z,-53,60.956103,-138.031532
radio434mhz,6133334B,2026-08-11 22:43:01.000Z,-64,60.956121,-138.031484
radio434mhz,6133334B,2026-08-11 22:43:03.000Z,-56,60.956163,-138.031492
bluetooth,D2A3B933,2026-08-11 22:43:04.000Z,-50,60.956163,-138.031492,5957,2,0,1573,20.37
radio434mhz,6133334B,2026-08-11 22:43:05.000Z,-52,60.956203,-138.031500
bluetooth,E8095336,2026-08-11 22:43:07.000Z,-81,60.956228,-138.031504,12984,2,0,1566,36.49
radio434mhz,6133334B,2026-08-11 22:43:08.000Z,-61,60.956228,-138.031504
radio434mhz,6133334B,2026-08-11 22:43:10.000Z,-55,60.956245,-138.031486
radio434mhz,6133334B,2026-08-11 22:43:12.000Z,-52,60.956262,-138.031467
bluetooth,D2A3B933,2026-08-11 22:43:14.000Z,-40,60.956291,-138.031475,58336,2,0,1573,20.26
radio434mhz,6133334B,2026-08-11 22:43:15.000Z,-61,60.956291,-138.031475
radio434mhz,6133334B,2026-08-11 22:43:17.000Z,-67,60.956292,-138.031443
radio434mhz,6133334B,2026-08-11 22:43:19.000Z,-58,60.956278,-138.031413
radio434mhz,6133334B,2026-08-11 22:43:22.000Z,-55,60.956278,-138.031413
radio434mhz,6133334B,2026-08-11 22:43:24.000Z,-58,60.956285,-138.031374
bluetooth,D2A3B933,2026-08-11 22:43:24.000Z,-32,60.956299,-138.031333,42901,2,0,1572,20.52
radio434mhz,6133334B,2026-08-11 22:43:26.000Z,-67,60.956299,-138.031333
radio434mhz,6133334B,2026-08-11 22:43:29.000Z,-69,60.956313,-138.031292
radio434mhz,6133334B,2026-08-11 22:43:31.000Z,-77,60.956346,-138.031238
radio434mhz,6133334B,2026-08-11 22:43:33.000Z,-52,60.956389,-138.031239
bluetooth,D2A3B933,2026-08-11 22:43:34.000Z,-44,60.956389,-138.031239,9203,2,0,1571,20.57
radio434mhz,6133334B,2026-08-11 22:43:36.000Z,-64,60.956396,-138.031185
radio434mhz,6133334B,2026-08-11 22:43:38.000Z,-55,60.956396,-138.031185
radio434mhz,6133334B,2026-08-11 22:43:40.000Z,-59,60.956454,-138.031194
radio434mhz,6133334B,2026-08-11 22:43:43.000Z,-53,60.956482,-138.031174
bluetooth,D2A3B933,2026-08-11 22:43:45.000Z,-39,60.956508,-138.031172,54398,2,0,1572,20.11
radio434mhz,6133334B,2026-08-11 22:43:45.000Z,-55,60.956508,-138.031172
radio434mhz,6133334B,2026-08-11 22:43:47.000Z,-55,60.956537,-138.031177
radio434mhz,6133334B,2026-08-11 22:43:50.000Z,-51,60.956533,-138.031136
radio434mhz,6133334B,2026-08-11 22:43:52.000Z,-58,60.956552,-138.031094
radio434mhz,6133334B,2026-08-11 22:43:54.000Z,-49,60.956586,-138.031091
radio434mhz,6133334B,2026-08-11 22:43:57.000Z,-52,60.956590,-138.031029
radio434mhz,6133334B,2026-08-11 22:43:59.000Z,-65,60.956579,-138.030945
radio434mhz,6133334B,2026-08-11 22:44:01.000Z,-50,60.956579,-138.030945
radio434mhz,6133334B,2026-08-11 22:44:04.000Z,-69,60.956597,-138.030895
bluetooth,D2A3B933,2026-08-11 22:44:05.000Z,-41,60.956635,-138.030892,36,2,0,1572,19.99
radio434mhz,6133334B,2026-08-11 22:44:06.000Z,-55,60.956635,-138.030892
radio434mhz,6133334B,2026-08-11 22:44:08.000Z,-64,60.956657,-138.030870
radio434mhz,6133334B,2026-08-11 22:44:11.000Z,-51,60.956675,-138.030804
radio434mhz,6133334B,2026-08-11 22:44:13.000Z,-54,60.956685,-138.030755
bluetooth,D2A3B933,2026-08-11 22:44:15.000Z,-49,60.956685,-138.030755,34092,2,0,1572,19.99
radio434mhz,6133334B,2026-08-11 22:44:15.000Z,-61,60.956707,-138.030733
radio434mhz,6133334B,2026-08-11 22:44:18.000Z,-56,60.956724,-138.030708
radio434mhz,6133334B,2026-08-11 22:44:20.000Z,-54,60.956735,-138.030655
radio434mhz,6133334B,2026-08-11 22:44:22.000Z,-67,60.956708,-138.030605
bluetooth,D2A3B933,2026-08-11 22:44:25.000Z,-45,60.956686,-138.030588,42035,2,0,1571,20.04
radio434mhz,6133334B,2026-08-11 22:44:25.000Z,-49,60.956686,-138.030588
radio434mhz,6133334B,2026-08-11 22:44:27.000Z,-63,60.956686,-138.030588
radio434mhz,6133334B,2026-08-11 22:44:29.000Z,-56,60.956669,-138.030536
radio434mhz,6133334B,2026-08-11 22:44:32.000Z,-61,60.956662,-138.030475
radio434mhz,6133334B,2026-08-11 22:44:34.000Z,-55,60.956657,-138.030418
bluetooth,D2A3B933,2026-08-11 22:44:35.000Z,-53,60.956657,-138.030418,63006,2,0,1572,20.01
radio434mhz,6133334B,2026-08-11 22:44:36.000Z,-57,60.956645,-138.030371
radio434mhz,6133334B,2026-08-11 22:44:39.000Z,-55,60.956658,-138.030294
radio434mhz,6133334B,2026-08-11 22:44:41.000Z,-51,60.956677,-138.030250
radio434mhz,6133334B,2026-08-11 22:44:43.000Z,-54,60.956715,-138.030241
bluetooth,D2A3B933,2026-08-11 22:44:45.000Z,-28,60.956715,-138.030241,53724,2,0,1571,20.49
radio434mhz,6133334B,2026-08-11 22:44:46.000Z,-55,60.956749,-138.030252
radio434mhz,6133334B,2026-08-11 22:44:48.000Z,-54,60.956789,-138.030258
radio434mhz,6133334B,2026-08-11 22:44:50.000Z,-55,60.956813,-138.030234
radio434mhz,6133334B,2026-08-11 22:44:53.000Z,-54,60.956804,-138.030170
bluetooth,D2A3B933,2026-08-11 22:44:55.000Z,-33,60.956804,-138.030170,30198,2,0,1571,20.31
radio434mhz,6133334B,2026-08-11 22:44:55.000Z,-67,60.956804,-138.030170
radio434mhz,6133334B,2026-08-11 22:44:57.000Z,-63,60.956811,-138.030120
radio434mhz,6133334B,2026-08-11 22:45:00.000Z,-58,60.956831,-138.030196
radio434mhz,6133334B,2026-08-11 22:45:02.000Z,-65,60.956852,-138.030213
radio434mhz,6133334B,2026-08-11 22:45:04.000Z,-64,60.956884,-138.030216
bluetooth,D2A3B933,2026-08-11 22:45:05.000Z,-49,60.956884,-138.030216,2132,2,0,1572,20.16
radio434mhz,6133334B,2026-08-11 22:45:07.000Z,-51,60.956904,-138.030178
radio434mhz,6133334B,2026-08-11 22:45:09.000Z,-58,60.956915,-138.030139
radio434mhz,6133334B,2026-08-11 22:45:11.000Z,-60,60.956912,-138.030093
radio434mhz,6133334B,2026-08-11 22:45:14.000Z,-45,60.956939,-138.030063
bluetooth,D2A3B933,2026-08-11 22:45:15.000Z,-53,60.956939,-138.030063,1038,2,0,1571,20.14
radio434mhz,6133334B,2026-08-11 22:45:16.000Z,-50,60.956939,-138.030063
radio434mhz,6133334B,2026-08-11 22:45:19.000Z,-57,60.956968,-138.030066
radio434mhz,6133334B,2026-08-11 22:45:21.000Z,-57,60.956978,-138.030056
radio434mhz,6133334B,2026-08-11 22:45:23.000Z,-55,60.956993,-138.030027
bluetooth,D2A3B933,2026-08-11 22:45:25.000Z,-47,60.957008,-138.029969,42774,2,0,1571,19.94
radio434mhz,6133334B,2026-08-11 22:45:26.000Z,-46,60.957008,-138.029969
radio434mhz,6133334B,2026-08-11 22:45:28.000Z,-48,60.957001,-138.029927
radio434mhz,6133334B,2026-08-11 22:45:30.000Z,-51,60.957006,-138.029890
radio434mhz,6133334B,2026-08-11 22:45:33.000Z,-70,60.957015,-138.029862
radio434mhz,6133334B,2026-08-11 22:45:35.000Z,-60,60.957015,-138.029862
bluetooth,D2A3B933,2026-08-11 22:45:35.000Z,-58,60.957041,-138.029825,44041,2,0,1572,19.86
radio434mhz,6133334B,2026-08-11 22:45:37.000Z,-54,60.957054,-138.029793
radio434mhz,6133334B,2026-08-11 22:45:40.000Z,-52,60.957054,-138.029793
radio434mhz,6133334B,2026-08-11 22:45:42.000Z,-60,60.957075,-138.029771
radio434mhz,6133334B,2026-08-11 22:45:44.000Z,-53,60.957088,-138.029732
bluetooth,D2A3B933,2026-08-11 22:45:45.000Z,-44,60.957113,-138.029688,41531,2,0,1572,19.89
radio434mhz,6133334B,2026-08-11 22:45:47.000Z,-53,60.957113,-138.029688
radio434mhz,6133334B,2026-08-11 22:45:49.000Z,-56,60.957125,-138.029777
radio434mhz,6133334B,2026-08-11 22:45:54.000Z,-49,60.957151,-138.029811
bluetooth,D2A3B933,2026-08-11 22:45:55.000Z,-44,60.957151,-138.029811,5012,2,0,1572,20.01
radio434mhz,6133334B,2026-08-11 22:45:56.000Z,-46,60.957153,-138.029787
radio434mhz,6133334B,2026-08-11 22:45:58.000Z,-50,60.957148,-138.029801
radio434mhz,6133334B,2026-08-11 22:46:01.000Z,-57,60.957153,-138.029795
radio434mhz,6133334B,2026-08-11 22:46:03.000Z,-57,60.957162,-138.029793
bluetooth,D2A3B933,2026-08-11 22:46:05.000Z,-17,60.957162,-138.029793,24559,2,0,1571,19.91
radio434mhz,6133334B,2026-08-11 22:46:05.000Z,-56,60.957184,-138.029763
radio434mhz,6133334B,2026-08-11 22:46:08.000Z,-58,60.957184,-138.029763
radio434mhz,6133334B,2026-08-11 22:46:10.000Z,-47,60.957199,-138.029728
radio434mhz,6133334B,2026-08-11 22:46:12.000Z,-52,60.957217,-138.029687
radio434mhz,6133334B,2026-08-11 22:46:15.000Z,-54,60.957240,-138.029577
bluetooth,D2A3B933,2026-08-11 22:46:15.000Z,-20,60.957240,-138.029577,2080,2,0,1573,20.04
radio434mhz,6133334B,2026-08-11 22:46:17.000Z,-50,60.957257,-138.029549
radio434mhz,6133334B,2026-08-11 22:46:19.000Z,-54,60.957318,-138.029538
radio434mhz,6133334B,2026-08-11 22:46:22.000Z,-55,60.957329,-138.029485
radio434mhz,6133334B,2026-08-11 22:46:24.000Z,-55,60.957345,-138.029435
bluetooth,D2A3B933,2026-08-11 22:46:25.000Z,-17,60.957345,-138.029435,2258,2,0,1572,19.66
radio434mhz,6133334B,2026-08-11 22:46:26.000Z,-55,60.957361,-138.029387
radio434mhz,6133334B,2026-08-11 22:46:29.000Z,-51,60.957348,-138.029352
radio434mhz,6133334B,2026-08-11 22:46:31.000Z,-53,60.957348,-138.029352
radio434mhz,6133334B,2026-08-11 22:46:33.000Z,-54,60.957334,-138.029361
bluetooth,D2A3B933,2026-08-11 22:46:35.000Z,-52,60.957336,-138.029367,15481,2,0,1572,19.51
radio434mhz,6133334B,2026-08-11 22:46:36.000Z,-67,60.957336,-138.029367
radio434mhz,6133334B,2026-08-11 22:46:38.000Z,-65,60.957337,-138.029378
radio434mhz,6133334B,2026-08-11 22:46:40.000Z,-56,60.957328,-138.029436
radio434mhz,6133334B,2026-08-11 22:46:43.000Z,-60,60.957318,-138.029444
radio434mhz,6133334B,2026-08-11 22:46:45.000Z,-65,60.957318,-138.029444
radio434mhz,6133334B,2026-08-11 22:46:47.000Z,-51,60.957290,-138.029452
radio434mhz,6133334B,2026-08-11 22:46:50.000Z,-54,60.957271,-138.029543
radio434mhz,6133334B,2026-08-11 22:46:52.000Z,-48,60.957242,-138.029569
radio434mhz,6133334B,2026-08-11 22:46:54.000Z,-50,60.957240,-138.029672
bluetooth,D2A3B933,2026-08-11 22:46:55.000Z,-55,60.957251,-138.029742,52284,2,0,1571,19.83
radio434mhz,6133334B,2026-08-11 22:46:57.000Z,-50,60.957251,-138.029742
radio434mhz,6133334B,2026-08-11 22:46:59.000Z,-54,60.957239,-138.029826
radio434mhz,6133334B,2026-08-11 22:47:01.000Z,-59,60.957214,-138.029854
radio434mhz,6133334B,2026-08-11 22:47:04.000Z,-65,60.957202,-138.029871
bluetooth,D2A3B933,2026-08-11 22:47:05.000Z,-41,60.957214,-138.029914,61402,2,0,1572,19.46
radio434mhz,6133334B,2026-08-11 22:47:06.000Z,-59,60.957214,-138.029914
radio434mhz,6133334B,2026-08-11 22:47:08.000Z,-53,60.957225,-138.029959
radio434mhz,6133334B,2026-08-11 22:47:11.000Z,-52,60.957220,-138.029974
radio434mhz,6133334B,2026-08-11 22:47:13.000Z,-55,60.957220,-138.029974
bluetooth,D2A3B933,2026-08-11 22:47:15.000Z,-43,60.957216,-138.030015,13414,2,0,1571,19.78
radio434mhz,6133334B,2026-08-11 22:47:16.000Z,-67,60.957224,-138.030043
radio434mhz,6133334B,2026-08-11 22:47:18.000Z,-66,60.957224,-138.030043
radio434mhz,6133334B,2026-08-11 22:47:20.000Z,-50,60.957243,-138.030090
radio434mhz,6133334B,2026-08-11 22:47:23.000Z,-54,60.957264,-138.030108
radio434mhz,6133334B,2026-08-11 22:47:25.000Z,-55,60.957290,-138.030122
bluetooth,D2A3B933,2026-08-11 22:47:25.000Z,-41,60.957290,-138.030122,50107,2,0,1573,19.96
radio434mhz,6133334B,2026-08-11 22:47:27.000Z,-57,60.957281,-138.030180
radio434mhz,6133334B,2026-08-11 22:47:30.000Z,-56,60.957262,-138.030244
radio434mhz,6133334B,2026-08-11 22:47:32.000Z,-59,60.957262,-138.030244
radio434mhz,6133334B,2026-08-11 22:47:34.000Z,-57,60.957284,-138.030274
bluetooth,D2A3B933,2026-08-11 22:47:35.000Z,-23,60.957307,-138.030295,29028,2,0,1570,20.16
radio434mhz,6133334B,2026-08-11 22:47:37.000Z,-62,60.957307,-138.030295
radio434mhz,6133334B,2026-08-11 22:47:39.000Z,-55,60.957291,-138.030362
radio434mhz,6133334B,2026-08-11 22:47:41.000Z,-51,60.957286,-138.030429
radio434mhz,6133334B,2026-08-11 22:47:44.000Z,-63,60.957284,-138.030502
bluetooth,D2A3B933,2026-08-11 22:47:45.000Z,-42,60.957284,-138.030502,19881,2,0,1572,19.99
radio434mhz,6133334B,2026-08-11 22:47:46.000Z,-60,60.957284,-138.030502
radio434mhz,6133334B,2026-08-11 22:47:48.000Z,-54,60.957286,-138.030587
radio434mhz,6133334B,2026-08-11 22:47:51.000Z,-59,60.957287,-138.030610
radio434mhz,6133334B,2026-08-11 22:47:53.000Z,-52,60.957270,-138.030652
radio434mhz,6133334B,2026-08-11 22:47:55.000Z,-54,60.957250,-138.030708
bluetooth,D2A3B933,2026-08-11 22:47:55.000Z,-34,60.957250,-138.030708,48645,2,0,1572,20.04
radio434mhz,6133334B,2026-08-11 22:47:58.000Z,-65,60.957247,-138.030770
radio434mhz,6133334B,2026-08-11 22:48:00.000Z,-62,60.957243,-138.030815
radio434mhz,6133334B,2026-08-11 22:48:02.000Z,-61,60.957222,-138.030859
radio434mhz,6133334B,2026-08-11 22:48:05.000Z,-56,60.957226,-138.030923
bluetooth,D2A3B933,2026-08-11 22:48:05.000Z,-43,60.957226,-138.030923,59512,2,0,1573,19.66
radio434mhz,6133334B,2026-08-11 22:48:07.000Z,-51,60.957214,-138.030969
radio434mhz,6133334B,2026-08-11 22:48:09.000Z,-59,60.957183,-138.030976
radio434mhz,6133334B,2026-08-11 22:48:12.000Z,-72,60.957161,-138.030976
radio434mhz,6133334B,2026-08-11 22:48:14.000Z,-52,60.957146,-138.030958
radio434mhz,6133334B,2026-08-11 22:48:16.000Z,-56,60.957119,-138.030935
radio434mhz,6133334B,2026-08-11 22:48:19.000Z,-60,60.957096,-138.030995
radio434mhz,6133334B,2026-08-11 22:48:21.000Z,-54,60.957096,-138.030995
radio434mhz,6133334B,2026-08-11 22:48:23.000Z,-57,60.957069,-138.030990
bluetooth,D2A3B933,2026-08-11 22:48:26.000Z,-31,60.957057,-138.031012,28698,2,0,1571,19.96
radio434mhz,6133334B,2026-08-11 22:48:26.000Z,-62,60.957057,-138.031012
radio434mhz,6133334B,2026-08-11 22:48:28.000Z,-72,60.957048,-138.031066
radio434mhz,6133334B,2026-08-11 22:48:30.000Z,-59,60.956999,-138.031080
radio434mhz,6133334B,2026-08-11 22:48:33.000Z,-52,60.956975,-138.031119
radio434mhz,6133334B,2026-08-11 22:48:35.000Z,-54,60.956949,-138.031145
bluetooth,D2A3B933,2026-08-11 22:48:36.000Z,-46,60.956949,-138.031145,5412,2,0,1573,20.14
radio434mhz,6133334B,2026-08-11 22:48:37.000Z,-55,60.956931,-138.031185
radio434mhz,6133334B,2026-08-11 22:48:40.000Z,-60,60.956942,-138.031221
radio434mhz,6133334B,2026-08-11 22:48:42.000Z,-60,60.956946,-138.031280
radio434mhz,6133334B,2026-08-11 22:48:44.000Z,-60,60.956939,-138.031324
bluetooth,D2A3B933,2026-08-11 22:48:46.000Z,-43,60.956939,-138.031324,52727,2,0,1571,20.01
radio434mhz,6133334B,2026-08-11 22:48:47.000Z,-57,60.956919,-138.031358
radio434mhz,6133334B,2026-08-11 22:48:49.000Z,-60,60.956912,-138.031398
radio434mhz,6133334B,2026-08-11 22:48:51.000Z,-53,60.956912,-138.031398
radio434mhz,6133334B,2026-08-11 22:48:54.000Z,-54,60.956883,-138.031412
bluetooth,D2A3B933,2026-08-11 22:48:56.000Z,-43,60.956862,-138.031412,4707,2,0,1572,20.31
radio434mhz,6133334B,2026-08-11 22:48:56.000Z,-59,60.956862,-138.031412
radio434mhz,6133334B,2026-08-11 22:48:58.000Z,-58,60.956847,-138.031471
radio434mhz,6133334B,2026-08-11 22:49:01.000Z,-56,60.956834,-138.031501
radio434mhz,6133334B,2026-08-11 22:49:03.000Z,-55,60.956827,-138.031538
radio434mhz,6133334B,2026-08-11 22:49:05.000Z,-65,60.956830,-138.031567
bluetooth,D2A3B933,2026-08-11 22:49:06.000Z,-32,60.956830,-138.031567,39365,2,0,1572,20.14
radio434mhz,6133334B,2026-08-11 22:49:08.000Z,-57,60.956810,-138.031634
radio434mhz,6133334B,2026-08-11 22:49:10.000Z,-50,60.956789,-138.031687
radio434mhz,6133334B,2026-08-11 22:49:12.000Z,-53,60.956762,-138.031642
radio434mhz,6133334B,2026-08-11 22:49:15.000Z,-49,60.956738,-138.031654
bluetooth,D2A3B933,2026-08-11 22:49:16.000Z,-53,60.956738,-138.031654,64507,2,0,1572,20.04
radio434mhz,6133334B,2026-08-11 22:49:17.000Z,-58,60.956708,-138.031636
radio434mhz,6133334B,2026-08-11 22:49:19.000Z,-65,60.956678,-138.031604
bluetooth,6CC65AEF,2026-08-11 22:49:21.000Z,-84,60.956678,-138.031604,61838,2,0,1570,29.69
radio434mhz,6133334B,2026-08-11 22:49:22.000Z,-60,60.956657,-138.031629
radio434mhz,6133334B,2026-08-11 22:49:24.000Z,-69,60.956657,-138.031629
bluetooth,D2A3B933,2026-08-11 22:49:26.000Z,-46,60.956632,-138.031543,33859,2,0,1573,19.83
radio434mhz,6133334B,2026-08-11 22:49:26.000Z,-53,60.956618,-138.031529
radio434mhz,6133334B,2026-08-11 22:49:29.000Z,-53,60.956618,-138.031529
radio434mhz,6133334B,2026-08-11 22:49:31.000Z,-58,60.956628,-138.031486
radio434mhz,6133334B,2026-08-11 22:49:33.000Z,-58,60.956628,-138.031486
radio434mhz,6133334B,2026-08-11 22:49:36.000Z,-55,60.956628,-138.031486
bluetooth,D2A3B933,2026-08-11 22:49:36.000Z,-60,60.956628,-138.031486,47145,2,0,1573,19.71
radio434mhz,6133334B,2026-08-11 22:49:38.000Z,-55,60.956632,-138.031486
radio434mhz,6133334B,2026-08-11 22:49:40.000Z,-56,60.956632,-138.031486
radio434mhz,6133334B,2026-08-11 22:49:43.000Z,-50,60.956634,-138.031490
radio434mhz,6133334B,2026-08-11 22:49:45.000Z,-68,60.956633,-138.031499
bluetooth,D2A3B933,2026-08-11 22:49:46.000Z,-37,60.956633,-138.031499,18386,2,0,1572,19.96
radio434mhz,6133334B,2026-08-11 22:49:47.000Z,-57,60.956633,-138.031500
radio434mhz,6133334B,2026-08-11 22:49:50.000Z,-58,60.956634,-138.031497
radio434mhz,6133334B,2026-08-11 22:49:52.000Z,-69,60.956628,-138.031475
radio434mhz,6133334B,2026-08-11 22:49:54.000Z,-54,60.956615,-138.031499
bluetooth,D2A3B933,2026-08-11 22:49:56.000Z,-26,60.956615,-138.031499,52116,2,0,1572,20.04
radio434mhz,6133334B,2026-08-11 22:49:57.000Z,-54,60.956599,-138.031539
radio434mhz,6133334B,2026-08-11 22:49:59.000Z,-58,60.956590,-138.031522
radio434mhz,6133334B,2026-08-11 22:50:01.000Z,-57,60.956563,-138.031558
radio434mhz,6133334B,2026-08-11 22:50:04.000Z,-60,60.956563,-138.031558
bluetooth,6CC65AEF,2026-08-11 22:50:06.000Z,-79,60.956554,-138.031575,12230,2,0,1571,29.77
radio434mhz,6133334B,2026-08-11 22:50:06.000Z,-64,60.956554,-138.031575
radio434mhz,6133334B,2026-08-11 22:50:08.000Z,-97,60.956509,-138.031614
radio434mhz,6133334B,2026-08-11 22:50:11.000Z,-56,60.956477,-138.031629
radio434mhz,6133334B,2026-08-11 22:50:13.000Z,-59,60.956450,-138.031616
radio434mhz,6133334B,2026-08-11 22:50:15.000Z,-48,60.956382,-138.031592
bluetooth,D2A3B933,2026-08-11 22:50:16.000Z,-33,60.956382,-138.031592,23337,2,0,1571,20.49
radio434mhz,6133334B,2026-08-11 22:50:18.000Z,-54,60.956353,-138.031580
radio434mhz,6133334B,2026-08-11 22:50:20.000Z,-53,60.956333,-138.031536
bluetooth,6CC65AEF,2026-08-11 22:50:21.000Z,-83,60.956333,-138.031536,48605,2,0,1570,29.69
radio434mhz,6133334B,2026-08-11 22:50:22.000Z,-54,60.956302,-138.031549
radio434mhz,6133334B,2026-08-11 22:50:25.000Z,-59,60.956275,-138.031546
bluetooth,D2A3B933,2026-08-11 22:50:26.000Z,-30,60.956275,-138.031546,12802,2,0,1572,20.44
radio434mhz,6133334B,2026-08-11 22:50:27.000Z,-52,60.956254,-138.031510
radio434mhz,6133334B,2026-08-11 22:50:29.000Z,-60,60.956217,-138.031466
radio434mhz,6133334B,2026-08-11 22:50:32.000Z,-53,60.956193,-138.031459
radio434mhz,6133334B,2026-08-11 22:50:34.000Z,-54,60.956193,-138.031459
bluetooth,6CC65AEF,2026-08-11 22:50:36.000Z,-85,60.956167,-138.031486,5252,2,0,1570,29.39
bluetooth,D2A3B933,2026-08-11 22:50:36.000Z,-51,60.956167,-138.031486,58875,2,0,1572,20.31
radio434mhz,6133334B,2026-08-11 22:50:36.000Z,-51,60.956167,-138.031486
radio434mhz,6133334B,2026-08-11 22:50:39.000Z,-56,60.956144,-138.031524
radio434mhz,6133334B,2026-08-11 22:50:41.000Z,-68,60.956135,-138.031570
radio434mhz,6133334B,2026-08-11 22:50:43.000Z,-72,60.956131,-138.031610
radio434mhz,6133334B,2026-08-11 22:50:46.000Z,-54,60.956125,-138.031655
bluetooth,D2A3B933,2026-08-11 22:50:46.000Z,-47,60.956125,-138.031655,16391,2,0,1572,20.44
bluetooth,E8095336,2026-08-11 22:50:48.000Z,-83,60.956109,-138.031702,47056,2,0,1567,28.83
radio434mhz,6133334B,2026-08-11 22:50:48.000Z,-55,60.956109,-138.031702
radio434mhz,6133334B,2026-08-11 22:50:50.000Z,-50,60.956092,-138.031750
radio434mhz,6133334B,2026-08-11 22:50:53.000Z,-50,60.956082,-138.031805
bluetooth,E8095336,2026-08-11 22:50:53.000Z,-72,60.956082,-138.031805,35704,2,0,1567,28.91
radio434mhz,6133334B,2026-08-11 22:50:55.000Z,-46,60.956061,-138.031834
bluetooth,D2A3B933,2026-08-11 22:50:56.000Z,-45,60.956061,-138.031834,17398,2,0,1572,20.16
radio434mhz,6133334B,2026-08-11 22:50:57.000Z,-57,60.956040,-138.031867
radio434mhz,6133334B,2026-08-11 22:51:00.000Z,-62,60.956040,-138.031867
radio434mhz,6133334B,2026-08-11 22:51:02.000Z,-56,60.956028,-138.031913
radio434mhz,6133334B,2026-08-11 22:51:05.000Z,-47,60.956026,-138.031968
bluetooth,D2A3B933,2026-08-11 22:51:06.000Z,-57,60.956028,-138.032026,11487,2,0,1572,20.26
radio434mhz,6133334B,2026-08-11 22:51:07.000Z,-52,60.956028,-138.032026
bluetooth,E8095336,2026-08-11 22:51:07.000Z,-82,60.956028,-138.032026,21217,2,0,1567,29.08
radio434mhz,6133334B,2026-08-11 22:51:09.000Z,-48,60.956030,-138.032102
radio434mhz,6133334B,2026-08-11 22:51:12.000Z,-56,60.956029,-138.032159
radio434mhz,6133334B,2026-08-11 22:51:14.000Z,-64,60.956013,-138.032206
radio434mhz,6133334B,2026-08-11 22:51:16.000Z,-70,60.956015,-138.032257
bluetooth,D2A3B933,2026-08-11 22:51:16.000Z,-28,60.956015,-138.032257,29293,2,0,1572,20.11
radio434mhz,6133334B,2026-08-11 22:51:19.000Z,-52,60.956025,-138.032286
radio434mhz,6133334B,2026-08-11 22:51:21.000Z,-84,60.956037,-138.032322
radio434mhz,6133334B,2026-08-11 22:51:23.000Z,-52,60.956024,-138.032353
radio434mhz,6133334B,2026-08-11 22:51:25.000Z,-60,60.956008,-138.032402
bluetooth,D2A3B933,2026-08-11 22:51:26.000Z,-28,60.956008,-138.032402,60099,2,0,1572,20.21
radio434mhz,6133334B,2026-08-11 22:51:28.000Z,-55,60.955993,-138.032424
radio434mhz,6133334B,2026-08-11 22:51:30.000Z,-54,60.955961,-138.032402
radio434mhz,6133334B,2026-08-11 22:51:33.000Z,-50,60.955931,-138.032384
radio434mhz,6133334B,2026-08-11 22:51:35.000Z,-54,60.955902,-138.032364
bluetooth,D2A3B933,2026-08-11 22:51:36.000Z,-44,60.955902,-138.032364,26041,2,0,1572,20.19
radio434mhz,6133334B,2026-08-11 22:51:37.000Z,-54,60.955902,-138.032364
radio434mhz,6133334B,2026-08-11 22:51:40.000Z,-52,60.955892,-138.032383
radio434mhz,6133334B,2026-08-11 22:51:42.000Z,-48,60.955891,-138.032434
radio434mhz,6133334B,2026-08-11 22:51:44.000Z,-53,60.955888,-138.032488
bluetooth,D2A3B933,2026-08-11 22:51:46.000Z,-61,60.955896,-138.032544,18356,2,0,1571,20.09
radio434mhz,6133334B,2026-08-11 22:51:47.000Z,-56,60.955896,-138.032544
radio434mhz,6133334B,2026-08-11 22:51:49.000Z,-59,60.955875,-138.032607
radio434mhz,6133334B,2026-08-11 22:51:51.000Z,-50,60.955875,-138.032607
radio434mhz,6133334B,2026-08-11 22:51:54.000Z,-50,60.955853,-138.032640
radio434mhz,6133334B,2026-08-11 22:51:56.000Z,-55,60.955808,-138.032570
bluetooth,D2A3B933,2026-08-11 22:51:56.000Z,-33,60.955782,-138.032573,4351,2,0,1571,20.49
radio434mhz,6133334B,2026-08-11 22:51:58.000Z,-53,60.955782,-138.032573
radio434mhz,6133334B,2026-08-11 22:52:01.000Z,-54,60.955744,-138.032555
radio434mhz,6133334B,2026-08-11 22:52:03.000Z,-59,60.955725,-138.032515
radio434mhz,6133334B,2026-08-11 22:52:05.000Z,-55,60.955702,-138.032452
bluetooth,D2A3B933,2026-08-11 22:52:06.000Z,-50,60.955679,-138.032469,39380,2,0,1571,20.54
radio434mhz,6133334B,2026-08-11 22:52:07.000Z,-60,60.955679,-138.032469
radio434mhz,6133334B,2026-08-11 22:52:10.000Z,-50,60.955638,-138.032491
radio434mhz,6133334B,2026-08-11 22:52:12.000Z,-51,60.955604,-138.032513
radio434mhz,6133334B,2026-08-11 22:52:15.000Z,-55,60.955585,-138.032548
bluetooth,D2A3B933,2026-08-11 22:52:16.000Z,-51,60.955562,-138.032550,17075,2,0,1572,20.52
radio434mhz,6133334B,2026-08-11 22:52:17.000Z,-66,60.955562,-138.032550
radio434mhz,6133334B,2026-08-11 22:52:19.000Z,-54,60.955536,-138.032492
radio434mhz,6133334B,2026-08-11 22:52:21.000Z,-54,60.955507,-138.032478
radio434mhz,6133334B,2026-08-11 22:52:24.000Z,-48,60.955475,-138.032505
radio434mhz,6133334B,2026-08-11 22:52:26.000Z,-49,60.955461,-138.032559
bluetooth,D2A3B933,2026-08-11 22:52:26.000Z,-44,60.955461,-138.032559,28172,2,0,1571,20.80
radio434mhz,6133334B,2026-08-11 22:52:28.000Z,-49,60.955427,-138.032578
radio434mhz,6133334B,2026-08-11 22:52:31.000Z,-51,60.955403,-138.032616
radio434mhz,6133334B,2026-08-11 22:52:33.000Z,-54,60.955375,-138.032655
radio434mhz,6133334B,2026-08-11 22:52:35.000Z,-60,60.955380,-138.032709
bluetooth,D2A3B933,2026-08-11 22:52:37.000Z,-49,60.955380,-138.032709,27491,2,0,1573,20.80
radio434mhz,6133334B,2026-08-11 22:52:38.000Z,-68,60.955391,-138.032768
radio434mhz,6133334B,2026-08-11 22:52:40.000Z,-51,60.955391,-138.032768
radio434mhz,6133334B,2026-08-11 22:52:43.000Z,-57,60.955386,-138.032831
radio434mhz,6133334B,2026-08-11 22:52:45.000Z,-64,60.955386,-138.032869
bluetooth,D2A3B933,2026-08-11 22:52:47.000Z,-18,60.955383,-138.032928,65031,2,0,1572,20.80
radio434mhz,6133334B,2026-08-11 22:52:47.000Z,-66,60.955383,-138.032928
radio434mhz,6133334B,2026-08-11 22:52:49.000Z,-54,60.955388,-138.032953
radio434mhz,6133334B,2026-08-11 22:52:52.000Z,-55,60.955393,-138.033006
radio434mhz,6133334B,2026-08-11 22:52:54.000Z,-64,60.955369,-138.032998
radio434mhz,6133334B,2026-08-11 22:52:56.000Z,-53,60.955343,-138.033014
bluetooth,D2A3B933,2026-08-11 22:52:57.000Z,-16,60.955343,-138.033014,27396,2,0,1572,20.90
radio434mhz,6133334B,2026-08-11 22:52:59.000Z,-55,60.955295,-138.032938
radio434mhz,6133334B,2026-08-11 22:53:01.000Z,-59,60.955295,-138.032938
radio434mhz,6133334B,2026-08-11 22:53:03.000Z,-65,60.955288,-138.032967
radio434mhz,6133334B,2026-08-11 22:53:06.000Z,-51,60.955305,-138.032943
bluetooth,D2A3B933,2026-08-11 22:53:07.000Z,-16,60.955329,-138.032951,64794,2,0,1572,20.52
radio434mhz,6133334B,2026-08-11 22:53:08.000Z,-53,60.955329,-138.032951
radio434mhz,6133334B,2026-08-11 22:53:10.000Z,-50,60.955360,-138.032926
radio434mhz,6133334B,2026-08-11 22:53:13.000Z,-55,60.955378,-138.032910
radio434mhz,6133334B,2026-08-11 22:53:15.000Z,-54,60.955405,-138.032945
bluetooth,D2A3B933,2026-08-11 22:53:17.000Z,-39,60.955405,-138.032945,52399,2,0,1572,20.69
radio434mhz,6133334B,2026-08-11 22:53:17.000Z,-61,60.955405,-138.032945
radio434mhz,6133334B,2026-08-11 22:53:20.000Z,-60,60.955426,-138.033036
radio434mhz,6133334B,2026-08-11 22:53:22.000Z,-54,60.955449,-138.033058
radio434mhz,6133334B,2026-08-11 22:53:24.000Z,-54,60.955469,-138.033090
radio434mhz,6133334B,2026-08-11 22:53:27.000Z,-49,60.955490,-138.033086
bluetooth,D2A3B933,2026-08-11 22:53:27.000Z,-36,60.955490,-138.033086,27642,2,0,1571,20.87
radio434mhz,6133334B,2026-08-11 22:53:29.000Z,-60,60.955505,-138.033027
radio434mhz,6133334B,2026-08-11 22:53:31.000Z,-61,60.955533,-138.033001
radio434mhz,6133334B,2026-08-11 22:53:34.000Z,-73,60.955551,-138.032995
radio434mhz,6133334B,2026-08-11 22:53:36.000Z,-54,60.955572,-138.032964
bluetooth,D2A3B933,2026-08-11 22:53:37.000Z,-37,60.955572,-138.032964,39827,2,0,1571,20.97
bluetooth,7F1C2B8C,2026-08-11 22:53:37.000Z,-83,60.955572,-138.032964,47240,2,0,1567,38.76
radio434mhz,6133334B,2026-08-11 22:53:38.000Z,-69,60.955575,-138.032878
radio434mhz,6133334B,2026-08-11 22:53:41.000Z,-52,60.955589,-138.032824
radio434mhz,6133334B,2026-08-11 22:53:43.000Z,-57,60.955609,-138.032807
radio434mhz,6133334B,2026-08-11 22:53:45.000Z,-51,60.955636,-138.032796
bluetooth,D2A3B933,2026-08-11 22:53:47.000Z,-42,60.955636,-138.032796,63594,2,0,1571,20.64
radio434mhz,6133334B,2026-08-11 22:53:48.000Z,-54,60.955664,-138.032783
radio434mhz,6133334B,2026-08-11 22:53:50.000Z,-61,60.955664,-138.032783
radio434mhz,6133334B,2026-08-11 22:53:55.000Z,-53,60.955703,-138.032743
bluetooth,D2A3B933,2026-08-11 22:53:57.000Z,-45,60.955721,-138.032712,3141,2,0,1573,20.87
radio434mhz,6133334B,2026-08-11 22:53:57.000Z,-54,60.955721,-138.032712
radio434mhz,6133334B,2026-08-11 22:53:59.000Z,-55,60.955740,-138.032691
radio434mhz,6133334B,2026-08-11 22:54:02.000Z,-70,60.955756,-138.032671
radio434mhz,6133334B,2026-08-11 22:54:04.000Z,-60,60.955756,-138.032671
radio434mhz,6133334B,2026-08-11 22:54:06.000Z,-47,60.955772,-138.032623
bluetooth,D2A3B933,2026-08-11 22:54:07.000Z,-45,60.955800,-138.032627,47514,2,0,1571,21.02
radio434mhz,6133334B,2026-08-11 22:54:09.000Z,-48,60.955800,-138.032627
radio434mhz,6133334B,2026-08-11 22:54:11.000Z,-55,60.955799,-138.032624
radio434mhz,6133334B,2026-08-11 22:54:13.000Z,-53,60.955824,-138.032604
radio434mhz,6133334B,2026-08-11 22:54:16.000Z,-61,60.955845,-138.032567
radio434mhz,6133334B,2026-08-11 22:54:18.000Z,-58,60.955844,-138.032485
radio434mhz,6133334B,2026-08-11 22:54:20.000Z,-55,60.955844,-138.032485
radio434mhz,6133334B,2026-08-11 22:54:23.000Z,-62,60.955830,-138.032422
radio434mhz,6133334B,2026-08-11 22:54:25.000Z,-63,60.955832,-138.032350
bluetooth,D2A3B933,2026-08-11 22:54:27.000Z,-41,60.955835,-138.032279,40180,2,0,1571,21.20
radio434mhz,6133334B,2026-08-11 22:54:27.000Z,-57,60.955835,-138.032279
radio434mhz,6133334B,2026-08-11 22:54:30.000Z,-59,60.955864,-138.032229
radio434mhz,6133334B,2026-08-11 22:54:32.000Z,-67,60.955877,-138.032175
radio434mhz,6133334B,2026-08-11 22:54:34.000Z,-54,60.955874,-138.032159
radio434mhz,6133334B,2026-08-11 22:54:37.000Z,-54,60.955859,-138.032112
bluetooth,D2A3B933,2026-08-11 22:54:37.000Z,-34,60.955859,-138.032112,44393,2,0,1571,20.74
radio434mhz,6133334B,2026-08-11 22:54:39.000Z,-65,60.955838,-138.032134
radio434mhz,6133334B,2026-08-11 22:54:41.000Z,-52,60.955812,-138.032113
radio434mhz,6133334B,2026-08-11 22:54:44.000Z,-53,60.955818,-138.032066
radio434mhz,6133334B,2026-08-11 22:54:46.000Z,-58,60.955818,-138.032066
bluetooth,D2A3B933,2026-08-11 22:54:47.000Z,-30,60.955811,-138.032013,14892,2,0,1571,21.00
radio434mhz,6133334B,2026-08-11 22:54:48.000Z,-54,60.955811,-138.032013
radio434mhz,6133334B,2026-08-11 22:54:51.000Z,-60,60.955809,-138.031975
radio434mhz,6133334B,2026-08-11 22:54:53.000Z,-72,60.955805,-138.031949
radio434mhz,6133334B,2026-08-11 22:54:55.000Z,-67,60.955796,-138.031949
bluetooth,D2A3B933,2026-08-11 22:54:57.000Z,-16,60.955804,-138.031922,25493,2,0,1572,21.12
radio434mhz,6133334B,2026-08-11 22:54:58.000Z,-67,60.955804,-138.031922
radio434mhz,6133334B,2026-08-11 22:55:00.000Z,-57,60.955819,-138.031916
radio434mhz,6133334B,2026-08-11 22:55:02.000Z,-54,60.955838,-138.031904
radio434mhz,6133334B,2026-08-11 22:55:05.000Z,-63,60.955852,-138.031944
radio434mhz,6133334B,2026-08-11 22:55:07.000Z,-60,60.955868,-138.031956
bluetooth,D2A3B933,2026-08-11 22:55:07.000Z,-16,60.955868,-138.031956,6699,2,0,1573,20.57
radio434mhz,6133334B,2026-08-11 22:55:09.000Z,-52,60.955868,-138.031956
radio434mhz,6133334B,2026-08-11 22:55:12.000Z,-57,60.955886,-138.031919
radio434mhz,6133334B,2026-08-11 22:55:14.000Z,-57,60.955908,-138.031915
radio434mhz,6133334B,2026-08-11 22:55:16.000Z,-58,60.955916,-138.031935
bluetooth,D2A3B933,2026-08-11 22:55:17.000Z,-23,60.955933,-138.032020,17523,2,0,1571,20.85
radio434mhz,6133334B,2026-08-11 22:55:19.000Z,-62,60.955933,-138.032020
radio434mhz,6133334B,2026-08-11 22:55:21.000Z,-49,60.955951,-138.032092
radio434mhz,6133334B,2026-08-11 22:55:23.000Z,-60,60.955985,-138.032131
radio434mhz,6133334B,2026-08-11 22:55:26.000Z,-51,60.956010,-138.032177
bluetooth,D2A3B933,2026-08-11 22:55:27.000Z,-44,60.956029,-138.032187,21581,2,0,1571,20.92
radio434mhz,6133334B,2026-08-11 22:55:28.000Z,-59,60.956029,-138.032187
radio434mhz,6133334B,2026-08-11 22:55:30.000Z,-52,60.956040,-138.032161
radio434mhz,6133334B,2026-08-11 22:55:33.000Z,-56,60.956040,-138.032161
radio434mhz,6133334B,2026-08-11 22:55:35.000Z,-57,60.956080,-138.032106
radio434mhz,6133334B,2026-08-11 22:55:37.000Z,-56,60.956087,-138.032096
bluetooth,D2A3B933,2026-08-11 22:55:37.000Z,-22,60.956087,-138.032096,46005,2,0,1571,20.82
radio434mhz,6133334B,2026-08-11 22:55:40.000Z,-57,60.956113,-138.032055
radio434mhz,6133334B,2026-08-11 22:55:42.000Z,-74,60.956136,-138.032032
radio434mhz,6133334B,2026-08-11 22:55:44.000Z,-58,60.956153,-138.031943
radio434mhz,6133334B,2026-08-11 22:55:47.000Z,-58,60.956136,-138.031892
radio434mhz,6133334B,2026-08-11 22:55:49.000Z,-64,60.956137,-138.031844
radio434mhz,6133334B,2026-08-11 22:55:51.000Z,-55,60.956146,-138.031795
radio434mhz,6133334B,2026-08-11 22:55:54.000Z,-61,60.956178,-138.031771
radio434mhz,6133334B,2026-08-11 22:55:56.000Z,-73,60.956188,-138.031712
bluetooth,D2A3B933,2026-08-11 22:55:58.000Z,-33,60.956188,-138.031712,57504,2,0,1572,20.37
radio434mhz,6133334B,2026-08-11 22:55:58.000Z,-54,60.956188,-138.031712
bluetooth,E8095336,2026-08-11 22:55:58.000Z,-74,60.956188,-138.031712,30211,2,0,1567,31.97
radio434mhz,6133334B,2026-08-11 22:56:01.000Z,-53,60.956234,-138.031731
radio434mhz,6133334B,2026-08-11 22:56:03.000Z,-50,60.956233,-138.031679
radio434mhz,6133334B,2026-08-11 22:56:05.000Z,-52,60.956245,-138.031665
bluetooth,D2A3B933,2026-08-11 22:56:08.000Z,-32,60.956265,-138.031623,62139,2,0,1573,20.29
radio434mhz,6133334B,2026-08-11 22:56:08.000Z,-51,60.956265,-138.031623
radio434mhz,6133334B,2026-08-11 22:56:10.000Z,-59,60.956302,-138.031629
radio434mhz,6133334B,2026-08-11 22:56:12.000Z,-59,60.956325,-138.031615
bluetooth,E8095336,2026-08-11 22:56:13.000Z,-77,60.956325,-138.031615,47414,2,0,1566,32.24
radio434mhz,6133334B,2026-08-11 22:56:15.000Z,-52,60.956353,-138.031590
radio434mhz,6133334B,2026-08-11 22:56:17.000Z,-64,60.956364,-138.031553
bluetooth,D2A3B933,2026-08-11 22:56:18.000Z,-46,60.956364,-138.031553,38495,2,0,1571,20.47
radio434mhz,6133334B,2026-08-11 22:56:19.000Z,-62,60.956398,-138.031576
radio434mhz,6133334B,2026-08-11 22:56:22.000Z,-53,60.956398,-138.031576
radio434mhz,6133334B,2026-08-11 22:56:24.000Z,-55,60.956435,-138.031577
radio434mhz,6133334B,2026-08-11 22:56:26.000Z,-60,60.956450,-138.031562
bluetooth,D2A3B933,2026-08-11 22:56:28.000Z,-37,60.956453,-138.031540,55672,2,0,1571,20.29
radio434mhz,6133334B,2026-08-11 22:56:29.000Z,-56,60.956453,-138.031540
radio434mhz,6133334B,2026-08-11 22:56:31.000Z,-58,60.956499,-138.031492
bluetooth,E8095336,2026-08-11 22:56:32.000Z,-73,60.956503,-138.031444,7332,2,0,1566,32.29
radio434mhz,6133334B,2026-08-11 22:56:33.000Z,-70,60.956503,-138.031444
radio434mhz,6133334B,2026-08-11 22:56:36.000Z,-58,60.956498,-138.031380
bluetooth,E8095336,2026-08-11 22:56:37.000Z,-69,60.956498,-138.031380,6686,2,0,1567,32.24
bluetooth,D2A3B933,2026-08-11 22:56:38.000Z,-25,60.956498,-138.031340,62873,2,0,1573,20.37
radio434mhz,6133334B,2026-08-11 22:56:38.000Z,-54,60.956498,-138.031340
radio434mhz,6133334B,2026-08-11 22:56:40.000Z,-61,60.956498,-138.031340
bluetooth,E8095336,2026-08-11 22:56:42.000Z,-68,60.956494,-138.031266,5944,2,0,1566,32.42
radio434mhz,6133334B,2026-08-11 22:56:43.000Z,-59,60.956494,-138.031266
radio434mhz,6133334B,2026-08-11 22:56:45.000Z,-49,60.956524,-138.031235
radio434mhz,6133334B,2026-08-11 22:56:47.000Z,-53,60.956509,-138.031195
bluetooth,D2A3B933,2026-08-11 22:56:48.000Z,-35,60.956509,-138.031195,54745,2,0,1571,20.37
radio434mhz,6133334B,2026-08-11 22:56:50.000Z,-57,60.956507,-138.031165
bluetooth,E8095336,2026-08-11 22:56:52.000Z,-80,60.956526,-138.031138,43836,2,0,1567,32.90
radio434mhz,6133334B,2026-08-11 22:56:52.000Z,-60,60.956526,-138.031138
radio434mhz,6133334B,2026-08-11 22:56:54.000Z,-50,60.956578,-138.031136
bluetooth,E8095336,2026-08-11 22:56:57.000Z,-83,60.956604,-138.031116,36997,2,0,1567,32.57
radio434mhz,6133334B,2026-08-11 22:56:57.000Z,-57,60.956604,-138.031116
bluetooth,D2A3B933,2026-08-11 22:56:58.000Z,-17,60.956604,-138.031116,30465,2,0,1573,20.19
radio434mhz,6133334B,2026-08-11 22:56:59.000Z,-55,60.956633,-138.031119
radio434mhz,6133334B,2026-08-11 22:57:01.000Z,-63,60.956633,-138.031119
bluetooth,E8095336,2026-08-11 22:57:02.000Z,-82,60.956653,-138.031089,36209,2,0,1567,32.85
radio434mhz,6133334B,2026-08-11 22:57:04.000Z,-58,60.956653,-138.031089
radio434mhz,6133334B,2026-08-11 22:57:06.000Z,-56,60.956689,-138.031097
bluetooth,E8095336,2026-08-11 22:57:06.000Z,-81,60.956689,-138.031097,3251,2,0,1567,32.62
bluetooth,D2A3B933,2026-08-11 22:57:08.000Z,-17,60.956710,-138.031130,22317,2,0,1571,20.42
radio434mhz,6133334B,2026-08-11 22:57:08.000Z,-50,60.956710,-138.031130
radio434mhz,6133334B,2026-08-11 22:57:11.000Z,-58,60.956716,-138.031106
radio434mhz,6133334B,2026-08-11 22:57:13.000Z,-47,60.956744,-138.031129
radio434mhz,6133334B,2026-08-11 22:57:15.000Z,-56,60.956751,-138.031062
radio434mhz,6133334B,2026-08-11 22:57:18.000Z,-54,60.956761,-138.031021
bluetooth,D2A3B933,2026-08-11 22:57:18.000Z,-51,60.956761,-138.031021,9106,2,0,1572,20.57
radio434mhz,6133334B,2026-08-11 22:57:20.000Z,-62,60.956788,-138.031000
radio434mhz,6133334B,2026-08-11 22:57:22.000Z,-62,60.956779,-138.030944
radio434mhz,6133334B,2026-08-11 22:57:25.000Z,-59,60.956744,-138.030918
radio434mhz,6133334B,2026-08-11 22:57:27.000Z,-64,60.956733,-138.030861
bluetooth,D2A3B933,2026-08-11 22:57:28.000Z,-36,60.956733,-138.030861,38046,2,0,1573,20.34
radio434mhz,6133334B,2026-08-11 22:57:29.000Z,-54,60.956739,-138.030826
radio434mhz,6133334B,2026-08-11 22:57:32.000Z,-66,60.956751,-138.030776
radio434mhz,6133334B,2026-08-11 22:57:34.000Z,-68,60.956751,-138.030776
radio434mhz,6133334B,2026-08-11 22:57:36.000Z,-61,60.956814,-138.030787
bluetooth,D2A3B933,2026-08-11 22:57:38.000Z,-45,60.956840,-138.030772,12498,2,0,1572,20.37
radio434mhz,6133334B,2026-08-11 22:57:39.000Z,-54,60.956840,-138.030772
radio434mhz,6133334B,2026-08-11 22:57:41.000Z,-59,60.956874,-138.030726
radio434mhz,6133334B,2026-08-11 22:57:43.000Z,-69,60.956918,-138.030698
radio434mhz,6133334B,2026-08-11 22:57:46.000Z,-57,60.956941,-138.030677
bluetooth,D2A3B933,2026-08-11 22:57:48.000Z,-40,60.956959,-138.030616,16224,2,0,1571,20.37
radio434mhz,6133334B,2026-08-11 22:57:48.000Z,-54,60.956959,-138.030616
radio434mhz,6133334B,2026-08-11 22:57:50.000Z,-56,60.956977,-138.030555
radio434mhz,6133334B,2026-08-11 22:57:53.000Z,-50,60.956998,-138.030505
radio434mhz,6133334B,2026-08-11 22:57:55.000Z,-57,60.957004,-138.030448
radio434mhz,6133334B,2026-08-11 22:57:57.000Z,-57,60.957012,-138.030413
radio434mhz,6133334B,2026-08-11 22:58:00.000Z,-60,60.957030,-138.030369
radio434mhz,6133334B,2026-08-11 22:58:02.000Z,-55,60.957030,-138.030369
radio434mhz,6133334B,2026-08-11 22:58:04.000Z,-67,60.957068,-138.030345
radio434mhz,6133334B,2026-08-11 22:58:07.000Z,-49,60.957093,-138.030326
bluetooth,D2A3B933,2026-08-11 22:58:08.000Z,-38,60.957129,-138.030319,19495,2,0,1572,21.00
radio434mhz,6133334B,2026-08-11 22:58:09.000Z,-57,60.957129,-138.030319
radio434mhz,6133334B,2026-08-11 22:58:11.000Z,-48,60.957148,-138.030303
radio434mhz,6133334B,2026-08-11 22:58:14.000Z,-74,60.957160,-138.030234
radio434mhz,6133334B,2026-08-11 22:58:16.000Z,-56,60.957158,-138.030189
bluetooth,D2A3B933,2026-08-11 22:58:18.000Z,-48,60.957155,-138.030136,14664,2,0,1571,20.85
radio434mhz,6133334B,2026-08-11 22:58:18.000Z,-49,60.957155,-138.030136
radio434mhz,6133334B,2026-08-11 22:58:21.000Z,-73,60.957168,-138.030124
radio434mhz,6133334B,2026-08-11 22:58:23.000Z,-49,60.957185,-138.030180
radio434mhz,6133334B,2026-08-11 22:58:25.000Z,-53,60.957214,-138.030216
radio434mhz,6133334B,2026-08-11 22:58:28.000Z,-57,60.957241,-138.030208
bluetooth,D2A3B933,2026-08-11 22:58:28.000Z,-49,60.957241,-138.030208,35455,2,0,1573,20.64
radio434mhz,6133334B,2026-08-11 22:58:30.000Z,-54,60.957269,-138.030209
radio434mhz,6133334B,2026-08-11 22:58:32.000Z,-56,60.957269,-138.030209
radio434mhz,6133334B,2026-08-11 22:58:35.000Z,-59,60.957292,-138.030141
radio434mhz,6133334B,2026-08-11 22:58:37.000Z,-53,60.957314,-138.030154
radio434mhz,6133334B,2026-08-11 22:58:39.000Z,-58,60.957339,-138.030105
radio434mhz,6133334B,2026-08-11 22:58:42.000Z,-49,60.957368,-138.030125
radio434mhz,6133334B,2026-08-11 22:58:44.000Z,-50,60.957392,-138.030152
radio434mhz,6133334B,2026-08-11 22:58:46.000Z,-55,60.957395,-138.030208
bluetooth,D2A3B933,2026-08-11 22:58:48.000Z,-52,60.957381,-138.030288,7605,2,0,1573,21.07
radio434mhz,6133334B,2026-08-11 22:58:49.000Z,-57,60.957381,-138.030288
radio434mhz,6133334B,2026-08-11 22:58:51.000Z,-51,60.957370,-138.030346
radio434mhz,6133334B,2026-08-11 22:58:53.000Z,-51,60.957340,-138.030373
radio434mhz,6133334B,2026-08-11 22:58:56.000Z,-55,60.957330,-138.030424
radio434mhz,6133334B,2026-08-11 22:58:58.000Z,-55,60.957316,-138.030461
radio434mhz,6133334B,2026-08-11 22:59:00.000Z,-53,60.957310,-138.030514
radio434mhz,6133334B,2026-08-11 22:59:03.000Z,-57,60.957297,-138.030572
radio434mhz,6133334B,2026-08-11 22:59:05.000Z,-54,60.957297,-138.030572
radio434mhz,6133334B,2026-08-11 22:59:07.000Z,-51,60.957273,-138.030611
bluetooth,D2A3B933,2026-08-11 22:59:08.000Z,-44,60.957235,-138.030635,13179,2,0,1572,21.22
radio434mhz,6133334B,2026-08-11 22:59:10.000Z,-52,60.957235,-138.030635
radio434mhz,6133334B,2026-08-11 22:59:12.000Z,-55,60.957217,-138.030670
radio434mhz,6133334B,2026-08-11 22:59:14.000Z,-65,60.957230,-138.030736
radio434mhz,6133334B,2026-08-11 22:59:17.000Z,-65,60.957231,-138.030807
bluetooth,D2A3B933,2026-08-11 22:59:19.000Z,-40,60.957238,-138.030853,51769,2,0,1572,21.53
radio434mhz,6133334B,2026-08-11 22:59:19.000Z,-56,60.957238,-138.030853
radio434mhz,6133334B,2026-08-11 22:59:21.000Z,-54,60.957218,-138.030858
radio434mhz,6133334B,2026-08-11 22:59:24.000Z,-50,60.957188,-138.030889
radio434mhz,6133334B,2026-08-11 22:59:26.000Z,-53,60.957164,-138.030880
radio434mhz,6133334B,2026-08-11 22:59:28.000Z,-59,60.957147,-138.030865
bluetooth,D2A3B933,2026-08-11 22:59:29.000Z,-46,60.957147,-138.030865,22558,2,0,1571,21.10
radio434mhz,6133334B,2026-08-11 22:59:31.000Z,-49,60.957142,-138.030931
radio434mhz,6133334B,2026-08-11 22:59:33.000Z,-50,60.957124,-138.030966
radio434mhz,6133334B,2026-08-11 22:59:35.000Z,-55,60.957099,-138.030996
radio434mhz,6133334B,2026-08-11 22:59:38.000Z,-61,60.957104,-138.031059
bluetooth,D2A3B933,2026-08-11 22:59:39.000Z,-44,60.957104,-138.031059,7548,2,0,1571,20.95
radio434mhz,6133334B,2026-08-11 22:59:40.000Z,-48,60.957104,-138.031059
radio434mhz,6133334B,2026-08-11 22:59:42.000Z,-48,60.957110,-138.031118
radio434mhz,6133334B,2026-08-11 22:59:45.000Z,-50,60.957124,-138.031139
radio434mhz,6133334B,2026-08-11 22:59:47.000Z,-51,60.957120,-138.031184
bluetooth,D2A3B933,2026-08-11 22:59:49.000Z,-58,60.957138,-138.031223,47530,2,0,1572,21.10
radio434mhz,6133334B,2026-08-11 22:59:49.000Z,-57,60.957138,-138.031223
radio434mhz,6133334B,2026-08-11 22:59:52.000Z,-63,60.957129,-138.031264
radio434mhz,6133334B,2026-08-11 22:59:54.000Z,-53,60.957117,-138.031315
radio434mhz,6133334B,2026-08-11 22:59:56.000Z,-52,60.957096,-138.031335
bluetooth,D2A3B933,2026-08-11 22:59:59.000Z,-36,60.957110,-138.031385,41310,2,0,1571,20.90
radio434mhz,6133334B,2026-08-11 22:59:59.000Z,-56,60.957110,-138.031385
radio434mhz,6133334B,2026-08-11 23:00:01.000Z,-53,60.957114,-138.031415
radio434mhz,6133334B,2026-08-11 23:00:04.000Z,-60,60.957124,-138.031463
radio434mhz,6133334B,2026-08-11 23:00:06.000Z,-55,60.957113,-138.031510
radio434mhz,6133334B,2026-08-11 23:00:08.000Z,-55,60.957113,-138.031510
bluetooth,D2A3B933,2026-08-11 23:00:09.000Z,-54,60.957113,-138.031510,17208,2,0,1571,20.69
radio434mhz,6133334B,2026-08-11 23:00:10.000Z,-60,60.957070,-138.031500
radio434mhz,6133334B,2026-08-11 23:00:13.000Z,-53,60.957056,-138.031460
radio434mhz,6133334B,2026-08-11 23:00:15.000Z,-49,60.957033,-138.031488
radio434mhz,6133334B,2026-08-11 23:00:17.000Z,-59,60.957003,-138.031489
bluetooth,D2A3B933,2026-08-11 23:00:19.000Z,-35,60.957003,-138.031489,12605,2,0,1573,21.02
radio434mhz,6133334B,2026-08-11 23:00:20.000Z,-53,60.956979,-138.031513
radio434mhz,6133334B,2026-08-11 23:00:22.000Z,-71,60.956952,-138.031549
radio434mhz,6133334B,2026-08-11 23:00:25.000Z,-54,60.956952,-138.031549
radio434mhz,6133334B,2026-08-11 23:00:27.000Z,-63,60.956937,-138.031615
bluetooth,D2A3B933,2026-08-11 23:00:29.000Z,-40,60.956946,-138.031658,21844,2,0,1572,21.00
radio434mhz,6133334B,2026-08-11 23:00:29.000Z,-69,60.956946,-138.031658
radio434mhz,6133334B,2026-08-11 23:00:31.000Z,-53,60.956952,-138.031642
radio434mhz,6133334B,2026-08-11 23:00:34.000Z,-55,60.956942,-138.031690
radio434mhz,6133334B,2026-08-11 23:00:36.000Z,-56,60.956949,-138.031699
radio434mhz,6133334B,2026-08-11 23:00:38.000Z,-60,60.956954,-138.031746
bluetooth,D2A3B933,2026-08-11 23:00:39.000Z,-43,60.956954,-138.031746,41401,2,0,1571,20.87
radio434mhz,6133334B,2026-08-11 23:00:41.000Z,-49,60.956954,-138.031746
radio434mhz,6133334B,2026-08-11 23:00:43.000Z,-54,60.956959,-138.031795
radio434mhz,6133334B,2026-08-11 23:00:45.000Z,-54,60.956943,-138.031880
radio434mhz,6133334B,2026-08-11 23:00:48.000Z,-56,60.956939,-138.031928
bluetooth,D2A3B933,2026-08-11 23:00:49.000Z,-53,60.956894,-138.031973,49940,2,0,1571,20.85
radio434mhz,6133334B,2026-08-11 23:00:50.000Z,-66,60.956894,-138.031973
radio434mhz,6133334B,2026-08-11 23:00:52.000Z,-58,60.956875,-138.032021
radio434mhz,6133334B,2026-08-11 23:00:55.000Z,-48,60.956832,-138.032052
radio434mhz,6133334B,2026-08-11 23:00:57.000Z,-65,60.956821,-138.032090
bluetooth,D2A3B933,2026-08-11 23:00:59.000Z,-39,60.956798,-138.032062,7562,2,0,1572,20.74
radio434mhz,6133334B,2026-08-11 23:00:59.000Z,-52,60.956798,-138.032062
radio434mhz,6133334B,2026-08-11 23:01:02.000Z,-51,60.956769,-138.032056
radio434mhz,6133334B,2026-08-11 23:01:04.000Z,-48,60.956746,-138.032066
radio434mhz,6133334B,2026-08-11 23:01:06.000Z,-49,60.956724,-138.032098
radio434mhz,6133334B,2026-08-11 23:01:09.000Z,-58,60.956724,-138.032098
bluetooth,D2A3B933,2026-08-11 23:01:09.000Z,-39,60.956724,-138.032098,11149,2,0,1572,20.72
radio434mhz,6133334B,2026-08-11 23:01:11.000Z,-49,60.956701,-138.032102
radio434mhz,6133334B,2026-08-11 23:01:13.000Z,-56,60.956682,-138.032103
radio434mhz,6133334B,2026-08-11 23:01:16.000Z,-54,60.956665,-138.032117
radio434mhz,6133334B,2026-08-11 23:01:18.000Z,-55,60.956629,-138.032127
bluetooth,D2A3B933,2026-08-11 23:01:19.000Z,-41,60.956629,-138.032127,3167,2,0,1572,20.92
radio434mhz,6133334B,2026-08-11 23:01:20.000Z,-66,60.956597,-138.032138
radio434mhz,6133334B,2026-08-11 23:01:23.000Z,-51,60.956601,-138.032202
radio434mhz,6133334B,2026-08-11 23:01:25.000Z,-57,60.956601,-138.032202
radio434mhz,6133334B,2026-08-11 23:01:27.000Z,-61,60.956614,-138.032248
bluetooth,D2A3B933,2026-08-11 23:01:29.000Z,-35,60.956594,-138.032302,36197,2,0,1570,20.95
radio434mhz,6133334B,2026-08-11 23:01:30.000Z,-62,60.956594,-138.032302
radio434mhz,6133334B,2026-08-11 23:01:32.000Z,-66,60.956585,-138.032357
radio434mhz,6133334B,2026-08-11 23:01:34.000Z,-55,60.956531,-138.032357
radio434mhz,6133334B,2026-08-11 23:01:37.000Z,-58,60.956517,-138.032400
radio434mhz,6133334B,2026-08-11 23:01:39.000Z,-66,60.956490,-138.032415
bluetooth,D2A3B933,2026-08-11 23:01:39.000Z,-42,60.956490,-138.032415,12608,2,0,1573,20.77
radio434mhz,6133334B,2026-08-11 23:01:41.000Z,-62,60.956466,-138.032439
bluetooth,6CC65AEF,2026-08-11 23:01:42.000Z,-85,60.956466,-138.032439,60878,2,0,1572,33.63
radio434mhz,6133334B,2026-08-11 23:01:44.000Z,-53,60.956435,-138.032418
radio434mhz,6133334B,2026-08-11 23:01:46.000Z,-57,60.956423,-138.032462
radio434mhz,6133334B,2026-08-11 23:01:48.000Z,-76,60.956429,-138.032526
bluetooth,D2A3B933,2026-08-11 23:01:49.000Z,-24,60.956429,-138.032526,47494,2,0,1572,20.87
radio434mhz,6133334B,2026-08-11 23:01:51.000Z,-61,60.956422,-138.032572
radio434mhz,6133334B,2026-08-11 23:01:53.000Z,-56,60.956422,-138.032572
radio434mhz,6133334B,2026-08-11 23:01:55.000Z,-58,60.956405,-138.032609
bluetooth,6CC65AEF,2026-08-11 23:01:57.000Z,-80,60.956399,-138.032587,51892,2,0,1571,34.04
radio434mhz,6133334B,2026-08-11 23:01:58.000Z,-50,60.956399,-138.032587
bluetooth,D2A3B933,2026-08-11 23:01:59.000Z,-50,60.956385,-138.032579,26722,2,0,1572,20.52
radio434mhz,6133334B,2026-08-11 23:02:00.000Z,-53,60.956385,-138.032579
bluetooth,6CC65AEF,2026-08-11 23:02:02.000Z,-79,60.956381,-138.032591,44880,2,0,1570,34.29
radio434mhz,6133334B,2026-08-11 23:02:02.000Z,-55,60.956381,-138.032591
radio434mhz,6133334B,2026-08-11 23:02:05.000Z,-54,60.956347,-138.032636
bluetooth,6CC65AEF,2026-08-11 23:02:07.000Z,-70,60.956320,-138.032678,6729,2,0,1572,34.19
radio434mhz,6133334B,2026-08-11 23:02:07.000Z,-55,60.956320,-138.032678
bluetooth,D2A3B933,2026-08-11 23:02:09.000Z,-39,60.956315,-138.032768,16458,2,0,1571,20.87
radio434mhz,6133334B,2026-08-11 23:02:09.000Z,-58,60.956315,-138.032768
bluetooth,6CC65AEF,2026-08-11 23:02:12.000Z,-60,60.956294,-138.032814,65477,2,0,1570,34.44
radio434mhz,6133334B,2026-08-11 23:02:12.000Z,-54,60.956294,-138.032814
radio434mhz,6133334B,2026-08-11 23:02:14.000Z,-56,60.956294,-138.032814
radio434mhz,6133334B,2026-08-11 23:02:16.000Z,-54,60.956267,-138.032868
bluetooth,6CC65AEF,2026-08-11 23:02:17.000Z,-63,60.956245,-138.032900,4485,2,0,1572,34.44
radio434mhz,6133334B,2026-08-11 23:02:19.000Z,-54,60.956245,-138.032900
bluetooth,D2A3B933,2026-08-11 23:02:19.000Z,-48,60.956248,-138.032926,31219,2,0,1572,20.62
radio434mhz,6133334B,2026-08-11 23:02:21.000Z,-60,60.956248,-138.032926
bluetooth,6CC65AEF,2026-08-11 23:02:22.000Z,-79,60.956232,-138.032962,13249,2,0,1572,34.95
radio434mhz,6133334B,2026-08-11 23:02:23.000Z,-57,60.956232,-138.032962
radio434mhz,6133334B,2026-08-11 23:02:26.000Z,-55,60.956204,-138.032948
bluetooth,6CC65AEF,2026-08-11 23:02:27.000Z,-72,60.956196,-138.032992,61320,2,0,1572,34.90
radio434mhz,6133334B,2026-08-11 23:02:28.000Z,-53,60.956196,-138.032992
bluetooth,D2A3B933,2026-08-11 23:02:29.000Z,-45,60.956211,-138.033025,61806,2,0,1571,20.85
radio434mhz,6133334B,2026-08-11 23:02:30.000Z,-58,60.956211,-138.033025
radio434mhz,6133334B,2026-08-11 23:02:33.000Z,-61,60.956204,-138.033074
radio434mhz,6133334B,2026-08-11 23:02:35.000Z,-58,60.956169,-138.033086
bluetooth,6CC65AEF,2026-08-11 23:02:37.000Z,-78,60.956144,-138.033110,36054,2,0,1571,35.30
radio434mhz,6133334B,2026-08-11 23:02:37.000Z,-55,60.956144,-138.033110
bluetooth,D2A3B933,2026-08-11 23:02:40.000Z,-46,60.956148,-138.033133,16048,2,0,1572,20.64
radio434mhz,6133334B,2026-08-11 23:02:40.000Z,-52,60.956148,-138.033133
bluetooth,6CC65AEF,2026-08-11 23:02:42.000Z,-82,60.956166,-138.033161,34865,2,0,1571,35.30
radio434mhz,6133334B,2026-08-11 23:02:42.000Z,-68,60.956166,-138.033161
radio434mhz,6133334B,2026-08-11 23:02:44.000Z,-53,60.956150,-138.033230
bluetooth,6CC65AEF,2026-08-11 23:02:47.000Z,-73,60.956138,-138.033282,52985,2,0,1572,35.40
radio434mhz,6133334B,2026-08-11 23:02:47.000Z,-57,60.956138,-138.033282
radio434mhz,6133334B,2026-08-11 23:02:49.000Z,-51,60.956110,-138.033332
bluetooth,D2A3B933,2026-08-11 23:02:50.000Z,-46,60.956110,-138.033332,39961,2,0,1571,20.47
radio434mhz,6133334B,2026-08-11 23:02:51.000Z,-76,60.956114,-138.033382
bluetooth,6CC65AEF,2026-08-11 23:02:52.000Z,-81,60.956114,-138.033382,132,2,0,1571,35.66
radio434mhz,6133334B,2026-08-11 23:02:54.000Z,-65,60.956114,-138.033382
radio434mhz,6133334B,2026-08-11 23:02:56.000Z,-54,60.956105,-138.033464
radio434mhz,6133334B,2026-08-11 23:02:58.000Z,-60,60.956087,-138.033502
bluetooth,D2A3B933,2026-08-11 23:03:00.000Z,-45,60.956045,-138.033473,34009,2,0,1572,20.69
radio434mhz,6133334B,2026-08-11 23:03:01.000Z,-53,60.956045,-138.033473
radio434mhz,6133334B,2026-08-11 23:03:03.000Z,-57,60.956016,-138.033481
radio434mhz,6133334B,2026-08-11 23:03:05.000Z,-68,60.955986,-138.033528
radio434mhz,6133334B,2026-08-11 23:03:08.000Z,-62,60.955961,-138.033520
bluetooth,D2A3B933,2026-08-11 23:03:10.000Z,-33,60.955946,-138.033477,16521,2,0,1571,20.74
radio434mhz,6133334B,2026-08-11 23:03:10.000Z,-63,60.955946,-138.033477
radio434mhz,6133334B,2026-08-11 23:03:12.000Z,-56,60.955922,-138.033445
radio434mhz,6133334B,2026-08-11 23:03:15.000Z,-62,60.955878,-138.033430
radio434mhz,6133334B,2026-08-11 23:03:17.000Z,-55,60.955847,-138.033435
radio434mhz,6133334B,2026-08-11 23:03:19.000Z,-66,60.955824,-138.033405
bluetooth,D2A3B933,2026-08-11 23:03:20.000Z,-47,60.955824,-138.033405,26120,2,0,1571,21.10
radio434mhz,6133334B,2026-08-11 23:03:22.000Z,-58,60.955801,-138.033423
radio434mhz,6133334B,2026-08-11 23:03:24.000Z,-55,60.955794,-138.033350
radio434mhz,6133334B,2026-08-11 23:03:26.000Z,-61,60.955777,-138.033313
radio434mhz,6133334B,2026-08-11 23:03:29.000Z,-51,60.955775,-138.033321
bluetooth,D2A3B933,2026-08-11 23:03:30.000Z,-26,60.955775,-138.033321,28862,2,0,1571,20.67
radio434mhz,6133334B,2026-08-11 23:03:31.000Z,-57,60.955755,-138.033345
radio434mhz,6133334B,2026-08-11 23:03:33.000Z,-52,60.955749,-138.033424
radio434mhz,6133334B,2026-08-11 23:03:36.000Z,-54,60.955732,-138.033391
radio434mhz,6133334B,2026-08-11 23:03:38.000Z,-62,60.955680,-138.033366
bluetooth,D2A3B933,2026-08-11 23:03:40.000Z,-32,60.955680,-138.033366,15444,2,0,1572,20.64
radio434mhz,6133334B,2026-08-11 23:03:40.000Z,-53,60.955680,-138.033366
radio434mhz,6133334B,2026-08-11 23:03:43.000Z,-50,60.955654,-138.033337
radio434mhz,6133334B,2026-08-11 23:03:45.000Z,-54,60.955614,-138.033319
radio434mhz,6133334B,2026-08-11 23:03:47.000Z,-54,60.955578,-138.033340
radio434mhz,6133334B,2026-08-11 23:03:50.000Z,-61,60.955561,-138.033411
bluetooth,D2A3B933,2026-08-11 23:03:50.000Z,-31,60.955561,-138.033411,20803,2,0,1571,20.85
radio434mhz,6133334B,2026-08-11 23:03:52.000Z,-52,60.955553,-138.033466
radio434mhz,6133334B,2026-08-11 23:03:54.000Z,-48,60.955511,-138.033449
radio434mhz,6133334B,2026-08-11 23:03:57.000Z,-50,60.955491,-138.033416
radio434mhz,6133334B,2026-08-11 23:03:59.000Z,-56,60.955461,-138.033341
bluetooth,D2A3B933,2026-08-11 23:04:00.000Z,-40,60.955461,-138.033341,48577,2,0,1572,20.77
radio434mhz,6133334B,2026-08-11 23:04:01.000Z,-52,60.955434,-138.033359
radio434mhz,6133334B,2026-08-11 23:04:04.000Z,-54,60.955434,-138.033359
radio434mhz,6133334B,2026-08-11 23:04:06.000Z,-56,60.955424,-138.033300
radio434mhz,6133334B,2026-08-11 23:04:08.000Z,-50,60.955407,-138.033294
bluetooth,D2A3B933,2026-08-11 23:04:10.000Z,-41,60.955391,-138.033284,26546,2,0,1571,20.82
radio434mhz,6133334B,2026-08-11 23:04:11.000Z,-59,60.955391,-138.033284
