Tag Type,Tag Id,Time (UTC),RSSI,Latitude,Longitude,beep_number,tagFamily,payloadType,solar_mV,temperature_C
radio434mhz,6133334B,2026-08-16 19:08:58.000Z,-34,0.000000,0.000000
radio434mhz,2A2A2A2D,2026-08-16 19:09:00.000Z,-107,0.000000,0.000000
radio434mhz,6133334B,2026-08-16 19:09:00.000Z,-36,0.000000,0.000000
radio434mhz,6133334B,2026-08-16 19:09:03.000Z,-36,0.000000,0.000000
radio434mhz,2A2A2A2D,2026-08-16 19:09:03.000Z,-103,0.000000,0.000000
radio434mhz,6133334B,2026-08-16 19:09:05.000Z,-36,0.000000,0.000000
bluetooth,D2A3B933,2026-08-16 19:09:05.000Z,-30,0.000000,0.000000,31287,2,0,1571,19.83
radio434mhz,2A2A2A2D,2026-08-16 19:09:07.000Z,-98,0.000000,0.000000
radio434mhz,6133334B,2026-08-16 19:09:07.000Z,-37,0.000000,0.000000
radio434mhz,6133334B,2026-08-16 19:09:10.000Z,-34,0.000000,0.000000
radio434mhz,2A2A2A2D,2026-08-16 19:09:10.000Z,-105,0.000000,0.000000
radio434mhz,6133334B,2026-08-16 19:09:12.000Z,-37,0.000000,0.000000
radio434mhz,2A2A2A2D,2026-08-16 19:09:14.000Z,-100,0.000000,0.000000
radio434mhz,6133334B,2026-08-16 19:09:15.000Z,-37,0.000000,0.000000
bluetooth,D2A3B933,2026-08-16 19:09:15.000Z,-31,0.000000,0.000000,7934,2,0,1570,19.89
radio434mhz,6133334B,2026-08-16 19:09:17.000Z,-37,0.000000,0.000000
radio434mhz,6133334B,2026-08-16 19:09:20.000Z,-35,0.000000,0.000000
radio434mhz,2A2A2A2D,2026-08-16 19:09:20.000Z,-101,0.000000,0.000000
radio434mhz,6133334B,2026-08-16 19:09:22.000Z,-37,0.000000,0.000000
radio434mhz,6133334B,2026-08-16 19:09:25.000Z,-35,0.000000,0.000000
bluetooth,D2A3B933,2026-08-16 19:09:25.000Z,-53,0.000000,0.000000,56841,2,0,1572,19.83
radio434mhz,6133334B,2026-08-16 19:09:27.000Z,-35,0.000000,0.000000
radio434mhz,2A2A2A2D,2026-08-16 19:09:27.000Z,-108,0.000000,0.000000
radio434mhz,6133334B,2026-08-16 19:09:29.000Z,-35,0.000000,0.000000
radio434mhz,2A2A2A2D,2026-08-16 19:09:30.000Z,-106,0.000000,0.000000
radio434mhz,6133334B,2026-08-16 19:09:32.000Z,-36,60.954523,-138.029121
radio434mhz,2A2A2A2D,2026-08-16 19:09:34.000Z,-103,0.000000,0.000000
radio434mhz,6133334B,2026-08-16 19:09:34.000Z,-36,0.000000,0.000000
bluetooth,D2A3B933,2026-08-16 19:09:35.000Z,-83,0.000000,0.000000,43368,2,0,1572,19.73
radio434mhz,6133334B,2026-08-16 19:09:37.000Z,-36,0.000000,0.000000
radio434mhz,2A2A2A2D,2026-08-16 19:09:37.000Z,-103,0.000000,0.000000
radio434mhz,6133334B,2026-08-16 19:09:39.000Z,-37,0.000000,0.000000
radio434mhz,2A2A2A2D,2026-08-16 19:09:41.000Z,-103,0.000000,0.000000
radio434mhz,6133334B,2026-08-16 19:09:42.000Z,-37,0.000000,0.000000
radio434mhz,6133334B,2026-08-16 19:09:44.000Z,-37,0.000000,0.000000
radio434mhz,2A2A2A2D,2026-08-16 19:09:44.000Z,-106,0.000000,0.000000
bluetooth,D2A3B933,2026-08-16 19:09:45.000Z,-46,60.954963,-138.029548,51238,2,0,1572,19.96
radio434mhz,6133334B,2026-08-16 19:09:46.000Z,-37,60.954963,-138.029548
radio434mhz,2A2A2A2D,2026-08-16 19:09:47.000Z,-103,60.954963,-138.029548
radio434mhz,6133334B,2026-08-16 19:09:49.000Z,-36,60.954963,-138.029548
radio434mhz,2A2A2A2D,2026-08-16 19:09:51.000Z,-101,60.954958,-138.029549
radio434mhz,6133334B,2026-08-16 19:09:51.000Z,-36,60.954958,-138.029549
radio434mhz,6133334B,2026-08-16 19:09:54.000Z,-36,60.954961,-138.029429
radio434mhz,2A2A2A2D,2026-08-16 19:09:54.000Z,-97,60.954961,-138.029429
bluetooth,D2A3B933,2026-08-16 19:09:55.000Z,-93,60.954970,-138.029563,34772,2,0,1570,19.94
radio434mhz,6133334B,2026-08-16 19:09:56.000Z,-36,60.954970,-138.029563
radio434mhz,2A2A2A2D,2026-08-16 19:09:58.000Z,-91,60.954970,-138.029563
radio434mhz,6133334B,2026-08-16 19:09:59.000Z,-36,60.954970,-138.029563
radio434mhz,2A2A2A2D,2026-08-16 19:10:01.000Z,-92,60.955034,-138.029586
radio434mhz,6133334B,2026-08-16 19:10:01.000Z,-37,60.955034,-138.029586
bluetooth,5DCC8AD2,2026-08-16 19:10:03.000Z,-83,60.955033,-138.029605,23847,2,0,1564,36.59
radio434mhz,6133334B,2026-08-16 19:10:03.000Z,-38,60.955033,-138.029605
radio434mhz,2A2A2A2D,2026-08-16 19:10:04.000Z,-91,60.955033,-138.029605
radio434mhz,6133334B,2026-08-16 19:10:06.000Z,-26,60.955032,-138.029615
radio434mhz,2A2A2A2D,2026-08-16 19:10:08.000Z,-91,60.955032,-138.029615
radio434mhz,6133334B,2026-08-16 19:10:08.000Z,-31,60.955030,-138.029600
radio434mhz,52782D1E,2026-08-16 19:10:09.000Z,-109,60.955030,-138.029600
radio434mhz,6133334B,2026-08-16 19:10:11.000Z,-34,60.955030,-138.029600
radio434mhz,2A2A2A2D,2026-08-16 19:10:11.000Z,-91,60.955030,-138.029600
radio434mhz,6133334B,2026-08-16 19:10:13.000Z,-31,60.955030,-138.029584
radio434mhz,2A2A2A2D,2026-08-16 19:10:14.000Z,-95,60.955030,-138.029584
bluetooth,D2A3B933,2026-08-16 19:10:16.000Z,-22,60.955031,-138.029580,52333,2,0,1571,20.06
radio434mhz,6133334B,2026-08-16 19:10:16.000Z,-31,60.955031,-138.029580
radio434mhz,2A2A2A2D,2026-08-16 19:10:18.000Z,-94,60.955031,-138.029580
radio434mhz,6133334B,2026-08-16 19:10:18.000Z,-28,60.955031,-138.029580
radio434mhz,6133334B,2026-08-16 19:10:21.000Z,-29,60.955030,-138.029576
radio434mhz,2A2A2A2D,2026-08-16 19:10:21.000Z,-91,60.955030,-138.029576
radio434mhz,6133334B,2026-08-16 19:10:23.000Z,-31,60.955035,-138.029575
bluetooth,5DCC8AD2,2026-08-16 19:10:23.000Z,-75,60.955035,-138.029575,18125,2,0,1565,36.84
radio434mhz,2A2A2A2D,2026-08-16 19:10:24.000Z,-96,60.955035,-138.029575
radio434mhz,6133334B,2026-08-16 19:10:25.000Z,-31,60.955036,-138.029575
radio434mhz,6133334B,2026-08-16 19:10:28.000Z,-32,60.955042,-138.029560
radio434mhz,6133334B,2026-08-16 19:10:30.000Z,-32,60.955043,-138.029557
radio434mhz,2A2A2A2D,2026-08-16 19:10:31.000Z,-93,60.955043,-138.029557
radio434mhz,6133334B,2026-08-16 19:10:33.000Z,-33,60.955069,-138.029494
radio434mhz,2A2A2A2D,2026-08-16 19:10:35.000Z,-93,60.955100,-138.029445
radio434mhz,6133334B,2026-08-16 19:10:35.000Z,-34,60.955100,-138.029445
bluetooth,D2A3B933,2026-08-16 19:10:36.000Z,-40,60.955100,-138.029445,58201,2,0,1572,20.01
radio434mhz,6133334B,2026-08-16 19:10:38.000Z,-34,60.955116,-138.029438
radio434mhz,2A2A2A2D,2026-08-16 19:10:38.000Z,-97,60.955116,-138.029438
radio434mhz,6133334B,2026-08-16 19:10:40.000Z,-34,60.955140,-138.029437
radio434mhz,2A2A2A2D,2026-08-16 19:10:41.000Z,-88,60.955140,-138.029437
radio434mhz,6133334B,2026-08-16 19:10:42.000Z,-33,60.955153,-138.029447
bluetooth,5DCC8AD2,2026-08-16 19:10:43.000Z,-75,60.955153,-138.029447,57625,2,0,1564,37.17
radio434mhz,6133334B,2026-08-16 19:10:45.000Z,-35,60.955176,-138.029427
radio434mhz,2A2A2A2D,2026-08-16 19:10:45.000Z,-93,60.955176,-138.029427
radio434mhz,6133334B,2026-08-16 19:10:47.000Z,-36,60.955201,-138.029370
radio434mhz,2A2A2A2D,2026-08-16 19:10:48.000Z,-97,60.955201,-138.029370
bluetooth,5DCC8AD2,2026-08-16 19:10:49.000Z,-69,60.955201,-138.029370,27345,2,0,1565,36.89
radio434mhz,6133334B,2026-08-16 19:10:50.000Z,-36,60.955212,-138.029321
radio434mhz,2A2A2A2D,2026-08-16 19:10:52.000Z,-94,60.955244,-138.029299
radio434mhz,6133334B,2026-08-16 19:10:52.000Z,-35,60.955244,-138.029299
radio434mhz,6133334B,2026-08-16 19:10:55.000Z,-34,60.955269,-138.029308
radio434mhz,2A2A2A2D,2026-08-16 19:10:55.000Z,-91,60.955269,-138.029308
radio434mhz,6133334B,2026-08-16 19:10:57.000Z,-31,60.955284,-138.029330
radio434mhz,2A2A2A2D,2026-08-16 19:10:58.000Z,-94,60.955284,-138.029330
bluetooth,5DCC8AD2,2026-08-16 19:10:59.000Z,-72,60.955284,-138.029330,63815,2,0,1565,37.42
radio434mhz,6133334B,2026-08-16 19:10:59.000Z,-35,60.955284,-138.029330
radio434mhz,2A2A2A2D,2026-08-16 19:11:02.000Z,-99,60.955275,-138.029367
radio434mhz,6133334B,2026-08-16 19:11:02.000Z,-36,60.955275,-138.029367
bluetooth,5DCC8AD2,2026-08-16 19:11:04.000Z,-80,60.955273,-138.029396,58040,2,0,1564,37.42
radio434mhz,6133334B,2026-08-16 19:11:04.000Z,-36,60.955273,-138.029396
radio434mhz,2A2A2A2D,2026-08-16 19:11:05.000Z,-91,60.955270,-138.029441
bluetooth,D2A3B933,2026-08-16 19:11:06.000Z,-43,60.955270,-138.029441,46588,2,0,1571,19.78
radio434mhz,6133334B,2026-08-16 19:11:07.000Z,-36,60.955290,-138.029483
radio434mhz,2A2A2A2D,2026-08-16 19:11:08.000Z,-100,60.955290,-138.029483
bluetooth,5DCC8AD2,2026-08-16 19:11:09.000Z,-69,60.955290,-138.029483,53713,2,0,1565,37.22
radio434mhz,6133334B,2026-08-16 19:11:09.000Z,-36,60.955290,-138.029483
radio434mhz,6133334B,2026-08-16 19:11:11.000Z,-36,60.955320,-138.029533
radio434mhz,2A2A2A2D,2026-08-16 19:11:12.000Z,-96,60.955320,-138.029533
radio434mhz,6133334B,2026-08-16 19:11:14.000Z,-36,60.955343,-138.029523
radio434mhz,2A2A2A2D,2026-08-16 19:11:15.000Z,-97,60.955343,-138.029523
bluetooth,D2A3B933,2026-08-16 19:11:16.000Z,-51,60.955343,-138.029523,355,2,0,1571,19.81
radio434mhz,6133334B,2026-08-16 19:11:16.000Z,-36,60.955343,-138.029523
radio434mhz,6133334B,2026-08-16 19:11:19.000Z,-37,60.955358,-138.029507
radio434mhz,6133334B,2026-08-16 19:11:21.000Z,-37,60.955375,-138.029490
radio434mhz,2A2A2A2D,2026-08-16 19:11:22.000Z,-94,60.955384,-138.029470
radio434mhz,6133334B,2026-08-16 19:11:24.000Z,-35,60.955384,-138.029470
radio434mhz,52782D1E,2026-08-16 19:11:26.000Z,-107,60.955389,-138.029424
radio434mhz,6133334B,2026-08-16 19:11:26.000Z,-36,60.955389,-138.029424
radio434mhz,6133334B,2026-08-16 19:11:28.000Z,-37,60.955387,-138.029384
radio434mhz,2A2A2A2D,2026-08-16 19:11:29.000Z,-90,60.955387,-138.029384
radio434mhz,6133334B,2026-08-16 19:11:31.000Z,-36,60.955394,-138.029335
radio434mhz,2A2A2A2D,2026-08-16 19:11:32.000Z,-88,60.955412,-138.029291
radio434mhz,6133334B,2026-08-16 19:11:33.000Z,-35,60.955412,-138.029291
radio434mhz,2A2A2A2D,2026-08-16 19:11:36.000Z,-86,60.955416,-138.029236
radio434mhz,6133334B,2026-08-16 19:11:36.000Z,-34,60.955416,-138.029236
radio434mhz,6133334B,2026-08-16 19:11:38.000Z,-36,60.955402,-138.029169
radio434mhz,2A2A2A2D,2026-08-16 19:11:39.000Z,-93,60.955402,-138.029169
radio434mhz,6133334B,2026-08-16 19:11:41.000Z,-36,60.955415,-138.029127
radio434mhz,2A2A2A2D,2026-08-16 19:11:42.000Z,-92,60.955425,-138.029080
radio434mhz,6133334B,2026-08-16 19:11:43.000Z,-36,60.955425,-138.029080
radio434mhz,6133334B,2026-08-16 19:11:45.000Z,-36,60.955447,-138.029049
radio434mhz,2A2A2A2D,2026-08-16 19:11:46.000Z,-89,60.955447,-138.029049
radio434mhz,6133334B,2026-08-16 19:11:48.000Z,-35,60.955453,-138.029017
radio434mhz,2A2A2A2D,2026-08-16 19:11:49.000Z,-95,60.955470,-138.029017
radio434mhz,6133334B,2026-08-16 19:11:50.000Z,-37,60.955470,-138.029017
radio434mhz,2A2A2A2D,2026-08-16 19:11:52.000Z,-98,60.955468,-138.029020
radio434mhz,6133334B,2026-08-16 19:11:53.000Z,-36,60.955468,-138.029020
radio434mhz,6133334B,2026-08-16 19:11:55.000Z,-41,60.955488,-138.028988
bluetooth,D2A3B933,2026-08-16 19:11:56.000Z,-40,60.955488,-138.028988,62607,2,0,1572,19.56
radio434mhz,2A2A2A2D,2026-08-16 19:11:56.000Z,-84,60.955488,-138.028988
radio434mhz,6133334B,2026-08-16 19:11:58.000Z,-39,60.955499,-138.028955
radio434mhz,2A2A2A2D,2026-08-16 19:11:59.000Z,-96,60.955508,-138.028917
radio434mhz,6133334B,2026-08-16 19:12:00.000Z,-35,60.955508,-138.028917
radio434mhz,6133334B,2026-08-16 19:12:02.000Z,-38,60.955495,-138.028883
radio434mhz,2A2A2A2D,2026-08-16 19:12:02.000Z,-89,60.955495,-138.028883
radio434mhz,6133334B,2026-08-16 19:12:05.000Z,-36,60.955485,-138.028854
bluetooth,D2A3B933,2026-08-16 19:12:06.000Z,-48,60.955500,-138.028808,49340,2,0,1572,19.81
radio434mhz,2A2A2A2D,2026-08-16 19:12:06.000Z,-84,60.955500,-138.028808
radio434mhz,6133334B,2026-08-16 19:12:07.000Z,-37,60.955500,-138.028808
radio434mhz,5552522A,2026-08-16 19:12:09.000Z,-110,60.955523,-138.028769
radio434mhz,2A2A2A2D,2026-08-16 19:12:09.000Z,-82,60.955523,-138.028769
radio434mhz,6133334B,2026-08-16 19:12:10.000Z,-38,60.955523,-138.028769
radio434mhz,52782D1E,2026-08-16 19:12:10.000Z,-106,60.955545,-138.028734
radio434mhz,5552522A,2026-08-16 19:12:12.000Z,-107,60.955545,-138.028734
radio434mhz,6133334B,2026-08-16 19:12:12.000Z,-38,60.955545,-138.028734
radio434mhz,2A2A2A2D,2026-08-16 19:12:13.000Z,-105,60.955545,-138.028734
radio434mhz,6133334B,2026-08-16 19:12:14.000Z,-37,60.955550,-138.028671
radio434mhz,2A2A2A2D,2026-08-16 19:12:16.000Z,-78,60.955574,-138.028622
radio434mhz,6133334B,2026-08-16 19:12:17.000Z,-37,60.955574,-138.028622
radio434mhz,2A2A2A2D,2026-08-16 19:12:19.000Z,-83,60.955586,-138.028563
radio434mhz,6133334B,2026-08-16 19:12:19.000Z,-37,60.955586,-138.028563
radio434mhz,6133334B,2026-08-16 19:12:22.000Z,-36,60.955602,-138.028511
radio434mhz,2A2A2A2D,2026-08-16 19:12:23.000Z,-81,60.955622,-138.028483
radio434mhz,6133334B,2026-08-16 19:12:24.000Z,-36,60.955622,-138.028483
bluetooth,D2A3B933,2026-08-16 19:12:26.000Z,-32,60.955645,-138.028460,6469,2,0,1572,19.56
radio434mhz,2A2A2A2D,2026-08-16 19:12:26.000Z,-80,60.955645,-138.028460
radio434mhz,6133334B,2026-08-16 19:12:27.000Z,-32,60.955645,-138.028460
radio434mhz,6133334B,2026-08-16 19:12:29.000Z,-37,60.955657,-138.028404
radio434mhz,2A2A2A2D,2026-08-16 19:12:30.000Z,-80,60.955657,-138.028404
radio434mhz,6133334B,2026-08-16 19:12:31.000Z,-28,60.955671,-138.028371
radio434mhz,2A2A2A2D,2026-08-16 19:12:33.000Z,-80,60.955671,-138.028371
radio434mhz,6133334B,2026-08-16 19:12:34.000Z,-34,60.955671,-138.028371
bluetooth,D2A3B933,2026-08-16 19:12:36.000Z,-48,60.955643,-138.028381,46316,2,0,1572,19.73
radio434mhz,6133334B,2026-08-16 19:12:36.000Z,-33,60.955643,-138.028381
radio434mhz,6133334B,2026-08-16 19:12:39.000Z,-36,60.955643,-138.028381
radio434mhz,2A2A2A2D,2026-08-16 19:12:40.000Z,-74,60.955640,-138.028378
radio434mhz,6133334B,2026-08-16 19:12:41.000Z,-36,60.955640,-138.028378
radio434mhz,2A2A2A2D,2026-08-16 19:12:43.000Z,-75,60.955640,-138.028378
radio434mhz,6133334B,2026-08-16 19:12:43.000Z,-35,60.955640,-138.028378
bluetooth,D2A3B933,2026-08-16 19:12:46.000Z,-42,60.955639,-138.028371,810,2,0,1572,19.76
radio434mhz,6133334B,2026-08-16 19:12:46.000Z,-35,60.955639,-138.028371
radio434mhz,2A2A2A2D,2026-08-16 19:12:46.000Z,-76,60.955639,-138.028371
radio434mhz,6133334B,2026-08-16 19:12:48.000Z,-34,60.955639,-138.028371
radio434mhz,2A2A2A2D,2026-08-16 19:12:50.000Z,-76,60.955639,-138.028371
radio434mhz,6133334B,2026-08-16 19:12:51.000Z,-31,60.955639,-138.028372
radio434mhz,2A2A2A2D,2026-08-16 19:12:53.000Z,-76,60.955639,-138.028372
radio434mhz,6133334B,2026-08-16 19:12:53.000Z,-34,60.955639,-138.028372
radio434mhz,6133334B,2026-08-16 19:12:56.000Z,-29,60.955639,-138.028371
bluetooth,D2A3B933,2026-08-16 19:12:56.000Z,-47,60.955639,-138.028371,45530,2,0,1571,19.91
radio434mhz,2A2A2A2D,2026-08-16 19:12:56.000Z,-75,60.955639,-138.028371
radio434mhz,6133334B,2026-08-16 19:12:58.000Z,-35,60.955639,-138.028371
radio434mhz,2A2A2A2D,2026-08-16 19:13:00.000Z,-77,60.955638,-138.028370
radio434mhz,6133334B,2026-08-16 19:13:00.000Z,-37,60.955638,-138.028370
radio434mhz,6133334B,2026-08-16 19:13:03.000Z,-33,60.955637,-138.028371
radio434mhz,2A2A2A2D,2026-08-16 19:13:03.000Z,-76,60.955637,-138.028371
radio434mhz,52782D1E,2026-08-16 19:13:05.000Z,-107,60.955636,-138.028368
radio434mhz,6133334B,2026-08-16 19:13:05.000Z,-36,60.955636,-138.028368
bluetooth,D2A3B933,2026-08-16 19:13:06.000Z,-45,60.955636,-138.028368,15873,2,0,1572,20.01
radio434mhz,2A2A2A2D,2026-08-16 19:13:06.000Z,-90,60.955636,-138.028368
radio434mhz,6133334B,2026-08-16 19:13:08.000Z,-38,60.955635,-138.028371
radio434mhz,2A2A2A2D,2026-08-16 19:13:10.000Z,-81,60.955639,-138.028365
radio434mhz,6133334B,2026-08-16 19:13:10.000Z,-36,60.955639,-138.028365
radio434mhz,5552522A,2026-08-16 19:13:10.000Z,-109,60.955639,-138.028365
radio434mhz,6133334B,2026-08-16 19:13:12.000Z,-37,60.955673,-138.028352
radio434mhz,2A2A2A2D,2026-08-16 19:13:13.000Z,-78,60.955673,-138.028352
radio434mhz,5552522A,2026-08-16 19:13:13.000Z,-110,60.955673,-138.028352
radio434mhz,6133334B,2026-08-16 19:13:15.000Z,-31,60.955673,-138.028352
bluetooth,D2A3B933,2026-08-16 19:13:16.000Z,-44,60.955684,-138.028346,15165,2,0,1572,20.14
radio434mhz,2A2A2A2D,2026-08-16 19:13:17.000Z,-76,60.955684,-138.028346
radio434mhz,6133334B,2026-08-16 19:13:17.000Z,-28,60.955684,-138.028346
radio434mhz,6133334B,2026-08-16 19:13:20.000Z,-37,60.955681,-138.028347
radio434mhz,2A2A2A2D,2026-08-16 19:13:20.000Z,-77,60.955681,-138.028347
radio434mhz,6133334B,2026-08-16 19:13:22.000Z,-37,60.955683,-138.028345
radio434mhz,5552522A,2026-08-16 19:13:22.000Z,-109,60.955683,-138.028345
radio434mhz,2A2A2A2D,2026-08-16 19:13:24.000Z,-78,60.955683,-138.028345
radio434mhz,6133334B,2026-08-16 19:13:25.000Z,-37,60.955682,-138.028349
radio434mhz,5552522A,2026-08-16 19:13:26.000Z,-109,60.955682,-138.028349
bluetooth,D2A3B933,2026-08-16 19:13:26.000Z,-39,60.955682,-138.028349,48312,2,0,1571,20.09
radio434mhz,2A2A2A2D,2026-08-16 19:13:27.000Z,-77,60.955682,-138.028349
radio434mhz,6133334B,2026-08-16 19:13:27.000Z,-37,60.955682,-138.028349
radio434mhz,6133334B,2026-08-16 19:13:29.000Z,-38,60.955682,-138.028349
radio434mhz,2A2A2A2D,2026-08-16 19:13:30.000Z,-79,60.955682,-138.028349
radio434mhz,6133334B,2026-08-16 19:13:32.000Z,-37,60.955680,-138.028355
radio434mhz,2A2A2A2D,2026-08-16 19:13:34.000Z,-79,60.955683,-138.028360
radio434mhz,6133334B,2026-08-16 19:13:34.000Z,-37,60.955683,-138.028360
bluetooth,D2A3B933,2026-08-16 19:13:36.000Z,-33,60.955688,-138.028364,14800,2,0,1572,19.86
radio434mhz,6133334B,2026-08-16 19:13:37.000Z,-35,60.955688,-138.028364
radio434mhz,2A2A2A2D,2026-08-16 19:13:37.000Z,-74,60.955688,-138.028364
radio434mhz,6133334B,2026-08-16 19:13:39.000Z,-40,60.955707,-138.028378
radio434mhz,2A2A2A2D,2026-08-16 19:13:40.000Z,-73,60.955709,-138.028387
radio434mhz,6133334B,2026-08-16 19:13:41.000Z,-36,60.955709,-138.028387
radio434mhz,2A2A2A2D,2026-08-16 19:13:44.000Z,-72,60.955717,-138.028384
radio434mhz,6133334B,2026-08-16 19:13:44.000Z,-37,60.955717,-138.028384
bluetooth,D2A3B933,2026-08-16 19:13:46.000Z,-28,60.955717,-138.028384,27067,2,0,1571,20.19
radio434mhz,6133334B,2026-08-16 19:13:46.000Z,-33,60.955717,-138.028384
radio434mhz,2A2A2A2D,2026-08-16 19:13:47.000Z,-73,60.955717,-138.028384
radio434mhz,6133334B,2026-08-16 19:13:49.000Z,-30,60.955723,-138.028382
radio434mhz,2A2A2A2D,2026-08-16 19:13:50.000Z,-73,60.955725,-138.028383
radio434mhz,6133334B,2026-08-16 19:13:51.000Z,-33,60.955725,-138.028383
radio434mhz,6133334B,2026-08-16 19:13:54.000Z,-27,60.955727,-138.028382
radio434mhz,2A2A2A2D,2026-08-16 19:13:54.000Z,-72,60.955727,-138.028382
radio434mhz,6133334B,2026-08-16 19:13:56.000Z,-37,60.955728,-138.028383
bluetooth,D2A3B933,2026-08-16 19:13:56.000Z,-51,60.955728,-138.028383,22447,2,0,1572,20.44
radio434mhz,2A2A2A2D,2026-08-16 19:13:57.000Z,-72,60.955728,-138.028383
radio434mhz,6133334B,2026-08-16 19:13:58.000Z,-35,60.955730,-138.028380
radio434mhz,2A2A2A2D,2026-08-16 19:14:00.000Z,-72,60.955730,-138.028380
radio434mhz,6133334B,2026-08-16 19:14:01.000Z,-35,60.955730,-138.028380
radio434mhz,6133334B,2026-08-16 19:14:03.000Z,-38,60.955732,-138.028379
radio434mhz,2A2A2A2D,2026-08-16 19:14:04.000Z,-97,60.955732,-138.028379
radio434mhz,5552522A,2026-08-16 19:14:05.000Z,-105,60.955731,-138.028391
radio434mhz,6133334B,2026-08-16 19:14:06.000Z,-37,60.955731,-138.028391
bluetooth,D2A3B933,2026-08-16 19:14:06.000Z,-50,60.955731,-138.028391,45626,2,0,1571,20.49
radio434mhz,2A2A2A2D,2026-08-16 19:14:07.000Z,-80,60.955731,-138.028391
radio434mhz,6133334B,2026-08-16 19:14:08.000Z,-37,60.955743,-138.028418
radio434mhz,6133334B,2026-08-16 19:14:10.000Z,-36,60.955764,-138.028435
radio434mhz,2A2A2A2D,2026-08-16 19:14:10.000Z,-85,60.955764,-138.028435
radio434mhz,6133334B,2026-08-16 19:14:13.000Z,-38,60.955780,-138.028487
radio434mhz,2A2A2A2D,2026-08-16 19:14:14.000Z,-85,60.955780,-138.028487
radio434mhz,6133334B,2026-08-16 19:14:15.000Z,-39,60.955804,-138.028506
bluetooth,D2A3B933,2026-08-16 19:14:16.000Z,-36,60.955804,-138.028506,16702,2,0,1572,20.54
radio434mhz,2A2A2A2D,2026-08-16 19:14:17.000Z,-78,60.955815,-138.028547
radio434mhz,6133334B,2026-08-16 19:14:18.000Z,-38,60.955815,-138.028547
radio434mhz,52782D1E,2026-08-16 19:14:18.000Z,-108,60.955815,-138.028547
radio434mhz,6133334B,2026-08-16 19:14:20.000Z,-38,60.955838,-138.028549
radio434mhz,2A2A2A2D,2026-08-16 19:14:21.000Z,-82,60.955838,-138.028549
radio434mhz,6133334B,2026-08-16 19:14:22.000Z,-38,60.955861,-138.028528
radio434mhz,5552522A,2026-08-16 19:14:24.000Z,-106,60.955861,-138.028528
radio434mhz,2A2A2A2D,2026-08-16 19:14:24.000Z,-72,60.955861,-138.028528
radio434mhz,52782D1E,2026-08-16 19:14:25.000Z,-109,60.955861,-138.028528
radio434mhz,6133334B,2026-08-16 19:14:25.000Z,-37,60.955861,-138.028528
bluetooth,D2A3B933,2026-08-16 19:14:26.000Z,-45,60.955885,-138.028511,40656,2,0,1571,20.52
radio434mhz,5552522A,2026-08-16 19:14:27.000Z,-108,60.955885,-138.028511
radio434mhz,6133334B,2026-08-16 19:14:27.000Z,-39,60.955885,-138.028511
radio434mhz,2A2A2A2D,2026-08-16 19:14:27.000Z,-74,60.955885,-138.028511
radio434mhz,6133334B,2026-08-16 19:14:30.000Z,-39,60.955912,-138.028476
radio434mhz,2A2A2A2D,2026-08-16 19:14:31.000Z,-79,60.955934,-138.028460
radio434mhz,52782D1E,2026-08-16 19:14:31.000Z,-108,60.955934,-138.028460
radio434mhz,6133334B,2026-08-16 19:14:32.000Z,-40,60.955934,-138.028460
radio434mhz,5552522A,2026-08-16 19:14:33.000Z,-109,60.955965,-138.028473
radio434mhz,2A2A2A2D,2026-08-16 19:14:34.000Z,-77,60.955965,-138.028473
radio434mhz,6133334B,2026-08-16 19:14:34.000Z,-38,60.955965,-138.028473
radio434mhz,5552522A,2026-08-16 19:14:36.000Z,-105,60.955980,-138.028500
bluetooth,D2A3B933,2026-08-16 19:14:36.000Z,-43,60.955980,-138.028500,11403,2,0,1572,20.39
radio434mhz,6133334B,2026-08-16 19:14:37.000Z,-36,60.955980,-138.028500
radio434mhz,52782D1E,2026-08-16 19:14:37.000Z,-107,60.955980,-138.028500
radio434mhz,2A2A2A2D,2026-08-16 19:14:38.000Z,-82,60.955997,-138.028533
radio434mhz,6133334B,2026-08-16 19:14:39.000Z,-37,60.955997,-138.028533
radio434mhz,52782D1E,2026-08-16 19:14:41.000Z,-103,60.956017,-138.028547
radio434mhz,2A2A2A2D,2026-08-16 19:14:41.000Z,-92,60.956017,-138.028547
radio434mhz,6133334B,2026-08-16 19:14:42.000Z,-37,60.956017,-138.028547
radio434mhz,5552522A,2026-08-16 19:14:42.000Z,-105,60.956017,-138.028547
radio434mhz,6133334B,2026-08-16 19:14:44.000Z,-37,60.956037,-138.028562
radio434mhz,2A2A2A2D,2026-08-16 19:14:44.000Z,-81,60.956037,-138.028562
bluetooth,D2A3B933,2026-08-16 19:14:46.000Z,-42,60.956057,-138.028585,36861,2,0,1572,20.87
radio434mhz,6133334B,2026-08-16 19:14:46.000Z,-40,60.956057,-138.028585
radio434mhz,2A2A2A2D,2026-08-16 19:14:48.000Z,-84,60.956057,-138.028585
radio434mhz,5552522A,2026-08-16 19:14:48.000Z,-110,60.956066,-138.028634
radio434mhz,6133334B,2026-08-16 19:14:49.000Z,-40,60.956066,-138.028634
radio434mhz,2A2A2A2D,2026-08-16 19:14:51.000Z,-97,60.956079,-138.028668
radio434mhz,6133334B,2026-08-16 19:14:51.000Z,-38,60.956079,-138.028668
radio434mhz,52782D1E,2026-08-16 19:14:54.000Z,-105,60.956096,-138.028700
radio434mhz,6133334B,2026-08-16 19:14:54.000Z,-38,60.956096,-138.028700
radio434mhz,2A2A2A2D,2026-08-16 19:14:54.000Z,-95,60.956096,-138.028700
radio434mhz,5552522A,2026-08-16 19:14:55.000Z,-106,60.956096,-138.028700
radio434mhz,6133334B,2026-08-16 19:14:56.000Z,-39,60.956116,-138.028721
bluetooth,D2A3B933,2026-08-16 19:14:56.000Z,-50,60.956116,-138.028721,34807,2,0,1572,20.90
radio434mhz,5552522A,2026-08-16 19:14:58.000Z,-101,60.956116,-138.028721
radio434mhz,2A2A2A2D,2026-08-16 19:14:58.000Z,-86,60.956116,-138.028721
radio434mhz,6133334B,2026-08-16 19:14:58.000Z,-37,60.956137,-138.028722
radio434mhz,52782D1E,2026-08-16 19:15:00.000Z,-109,60.956137,-138.028722
radio434mhz,5552522A,2026-08-16 19:15:01.000Z,-104,60.956137,-138.028722
radio434mhz,6133334B,2026-08-16 19:15:01.000Z,-37,60.956137,-138.028722
radio434mhz,2A2A2A2D,2026-08-16 19:15:01.000Z,-87,60.956153,-138.028721
radio434mhz,52782D1E,2026-08-16 19:15:03.000Z,-108,60.956153,-138.028721
radio434mhz,6133334B,2026-08-16 19:15:03.000Z,-37,60.956153,-138.028721
radio434mhz,5552522A,2026-08-16 19:15:04.000Z,-102,60.956178,-138.028722
radio434mhz,2A2A2A2D,2026-08-16 19:15:04.000Z,-88,60.956178,-138.028722
radio434mhz,6133334B,2026-08-16 19:15:06.000Z,-40,60.956178,-138.028722
radio434mhz,52782D1E,2026-08-16 19:15:06.000Z,-98,60.956201,-138.028703
radio434mhz,5552522A,2026-08-16 19:15:07.000Z,-101,60.956201,-138.028703
radio434mhz,2A2A2A2D,2026-08-16 19:15:08.000Z,-96,60.956201,-138.028703
radio434mhz,6133334B,2026-08-16 19:15:08.000Z,-37,60.956201,-138.028703
radio434mhz,52782D1E,2026-08-16 19:15:10.000Z,-102,60.956221,-138.028687
radio434mhz,6133334B,2026-08-16 19:15:10.000Z,-39,60.956221,-138.028687
radio434mhz,2A2A2A2D,2026-08-16 19:15:11.000Z,-92,60.956249,-138.028723
radio434mhz,52782D1E,2026-08-16 19:15:13.000Z,-97,60.956249,-138.028723
radio434mhz,5552522A,2026-08-16 19:15:13.000Z,-108,60.956249,-138.028723
radio434mhz,6133334B,2026-08-16 19:15:13.000Z,-38,60.956249,-138.028723
radio434mhz,2A2A2A2D,2026-08-16 19:15:15.000Z,-88,60.956268,-138.028762
radio434mhz,6133334B,2026-08-16 19:15:15.000Z,-39,60.956268,-138.028762
radio434mhz,5552522A,2026-08-16 19:15:16.000Z,-103,60.956285,-138.028767
bluetooth,D2A3B933,2026-08-16 19:15:16.000Z,-48,60.956285,-138.028767,9970,2,0,1572,20.74
radio434mhz,6133334B,2026-08-16 19:15:18.000Z,-40,60.956285,-138.028767
radio434mhz,2A2A2A2D,2026-08-16 19:15:18.000Z,-87,60.956285,-138.028767
radio434mhz,5552522A,2026-08-16 19:15:19.000Z,-100,60.956310,-138.028781
radio434mhz,52782D1E,2026-08-16 19:15:19.000Z,-100,60.956310,-138.028781
bluetooth,159D4503,2026-08-16 19:15:20.000Z,-81,60.956310,-138.028781,63181,2,0,1430,36.79
radio434mhz,6133334B,2026-08-16 19:15:20.000Z,-41,60.956310,-138.028781
radio434mhz,2A2A2A2D,2026-08-16 19:15:21.000Z,-88,60.956336,-138.028798
radio434mhz,5552522A,2026-08-16 19:15:22.000Z,-106,60.956336,-138.028798
radio434mhz,52782D1E,2026-08-16 19:15:22.000Z,-102,60.956336,-138.028798
radio434mhz,6133334B,2026-08-16 19:15:22.000Z,-28,60.956336,-138.028798
radio434mhz,2A2A2A2D,2026-08-16 19:15:25.000Z,-89,60.956360,-138.028832
radio434mhz,6133334B,2026-08-16 19:15:25.000Z,-37,60.956360,-138.028832
radio434mhz,52782D1E,2026-08-16 19:15:25.000Z,-106,60.956358,-138.028874
bluetooth,D2A3B933,2026-08-16 19:15:26.000Z,-48,60.956358,-138.028874,45319,2,0,1572,20.97
radio434mhz,6133334B,2026-08-16 19:15:27.000Z,-37,60.956358,-138.028874
radio434mhz,2A2A2A2D,2026-08-16 19:15:28.000Z,-88,60.956350,-138.028916
radio434mhz,52782D1E,2026-08-16 19:15:29.000Z,-101,60.956350,-138.028916
radio434mhz,6133334B,2026-08-16 19:15:30.000Z,-36,60.956350,-138.028916
radio434mhz,5552522A,2026-08-16 19:15:31.000Z,-107,60.956347,-138.028966
radio434mhz,52782D1E,2026-08-16 19:15:32.000Z,-101,60.956347,-138.028966
radio434mhz,6133334B,2026-08-16 19:15:32.000Z,-36,60.956347,-138.028966
radio434mhz,6133334B,2026-08-16 19:15:35.000Z,-37,60.956342,-138.029031
radio434mhz,2A2A2A2D,2026-08-16 19:15:35.000Z,-95,60.956342,-138.029031
bluetooth,D2A3B933,2026-08-16 19:15:36.000Z,-45,60.956337,-138.029071,47682,2,0,1572,20.87
radio434mhz,6133334B,2026-08-16 19:15:37.000Z,-37,60.956337,-138.029071
radio434mhz,2A2A2A2D,2026-08-16 19:15:38.000Z,-92,60.956325,-138.029106
radio434mhz,52782D1E,2026-08-16 19:15:38.000Z,-105,60.956325,-138.029106
radio434mhz,6133334B,2026-08-16 19:15:39.000Z,-35,60.956325,-138.029106
radio434mhz,2A2A2A2D,2026-08-16 19:15:42.000Z,-95,60.956320,-138.029152
radio434mhz,6133334B,2026-08-16 19:15:42.000Z,-28,60.956320,-138.029152
radio434mhz,6133334B,2026-08-16 19:15:44.000Z,-38,60.956308,-138.029186
radio434mhz,52782D1E,2026-08-16 19:15:45.000Z,-107,60.956308,-138.029186
radio434mhz,2A2A2A2D,2026-08-16 19:15:45.000Z,-91,60.956308,-138.029186
bluetooth,D2A3B933,2026-08-16 19:15:46.000Z,-52,60.956291,-138.029211,8027,2,0,1571,21.07
radio434mhz,6133334B,2026-08-16 19:15:46.000Z,-37,60.956291,-138.029211
radio434mhz,52782D1E,2026-08-16 19:15:48.000Z,-99,60.956291,-138.029211
radio434mhz,2A2A2A2D,2026-08-16 19:15:48.000Z,-94,60.956279,-138.029249
radio434mhz,6133334B,2026-08-16 19:15:49.000Z,-37,60.956279,-138.029249
radio434mhz,52782D1E,2026-08-16 19:15:51.000Z,-100,60.956288,-138.029294
radio434mhz,6133334B,2026-08-16 19:15:51.000Z,-37,60.956288,-138.029294
radio434mhz,2A2A2A2D,2026-08-16 19:15:52.000Z,-92,60.956288,-138.029294
radio434mhz,6133334B,2026-08-16 19:15:54.000Z,-38,60.956291,-138.029340
radio434mhz,52782D1E,2026-08-16 19:15:54.000Z,-102,60.956291,-138.029340
radio434mhz,2A2A2A2D,2026-08-16 19:15:55.000Z,-93,60.956291,-138.029340
radio434mhz,6133334B,2026-08-16 19:15:56.000Z,-37,60.956293,-138.029391
bluetooth,D2A3B933,2026-08-16 19:15:56.000Z,-37,60.956293,-138.029391,40307,2,0,1572,20.69
radio434mhz,52782D1E,2026-08-16 19:15:58.000Z,-100,60.956293,-138.029391
radio434mhz,2A2A2A2D,2026-08-16 19:15:58.000Z,-99,60.956295,-138.029440
radio434mhz,6133334B,2026-08-16 19:15:58.000Z,-36,60.956295,-138.029440
radio434mhz,5552522A,2026-08-16 19:15:59.000Z,-110,60.956295,-138.029440
radio434mhz,52782D1E,2026-08-16 19:16:01.000Z,-99,60.956295,-138.029440
radio434mhz,6133334B,2026-08-16 19:16:01.000Z,-38,60.956311,-138.029470
radio434mhz,D5D2522A,2026-08-16 19:16:02.000Z,-108,60.956311,-138.029470
radio434mhz,2A2A2A2D,2026-08-16 19:16:02.000Z,-91,60.956311,-138.029470
radio434mhz,6133334B,2026-08-16 19:16:03.000Z,-37,60.956311,-138.029470
radio434mhz,52782D1E,2026-08-16 19:16:04.000Z,-93,60.956332,-138.029483
radio434mhz,6133334B,2026-08-16 19:16:06.000Z,-38,60.956332,-138.029483
bluetooth,D2A3B933,2026-08-16 19:16:06.000Z,-36,60.956365,-138.029489,4984,2,0,1572,21.00
radio434mhz,52782D1E,2026-08-16 19:16:07.000Z,-96,60.956365,-138.029489
radio434mhz,5552522A,2026-08-16 19:16:08.000Z,-107,60.956365,-138.029489
radio434mhz,6133334B,2026-08-16 19:16:08.000Z,-37,60.956365,-138.029489
radio434mhz,2A2A2A2D,2026-08-16 19:16:09.000Z,-97,60.956396,-138.029494
radio434mhz,52782D1E,2026-08-16 19:16:10.000Z,-103,60.956396,-138.029494
radio434mhz,6133334B,2026-08-16 19:16:11.000Z,-37,60.956396,-138.029494
radio434mhz,2A2A2A2D,2026-08-16 19:16:12.000Z,-95,60.956419,-138.029530
radio434mhz,6133334B,2026-08-16 19:16:13.000Z,-36,60.956419,-138.029530
radio434mhz,52782D1E,2026-08-16 19:16:14.000Z,-102,60.956430,-138.029577
radio434mhz,5552522A,2026-08-16 19:16:14.000Z,-109,60.956430,-138.029577
radio434mhz,6133334B,2026-08-16 19:16:15.000Z,-36,60.956430,-138.029577
radio434mhz,2A2A2A2D,2026-08-16 19:16:15.000Z,-103,60.956430,-138.029577
bluetooth,D2A3B933,2026-08-16 19:16:16.000Z,-36,60.956430,-138.029644,1076,2,0,1571,21.00
radio434mhz,52782D1E,2026-08-16 19:16:17.000Z,-102,60.956430,-138.029644
radio434mhz,5552522A,2026-08-16 19:16:17.000Z,-106,60.956430,-138.029644
radio434mhz,6133334B,2026-08-16 19:16:18.000Z,-39,60.956430,-138.029644
radio434mhz,2A2A2A2D,2026-08-16 19:16:19.000Z,-98,60.956417,-138.029692
radio434mhz,52782D1E,2026-08-16 19:16:20.000Z,-93,60.956417,-138.029692
radio434mhz,6133334B,2026-08-16 19:16:20.000Z,-37,60.956417,-138.029692
radio434mhz,2A2A2A2D,2026-08-16 19:16:22.000Z,-93,60.956394,-138.029695
radio434mhz,6133334B,2026-08-16 19:16:23.000Z,-38,60.956394,-138.029695
radio434mhz,52782D1E,2026-08-16 19:16:23.000Z,-110,60.956371,-138.029684
radio434mhz,5552522A,2026-08-16 19:16:23.000Z,-107,60.956371,-138.029684
radio434mhz,6133334B,2026-08-16 19:16:25.000Z,-37,60.956371,-138.029684
radio434mhz,2A2A2A2D,2026-08-16 19:16:26.000Z,-106,60.956344,-138.029683
radio434mhz,52782D1E,2026-08-16 19:16:26.000Z,-108,60.956344,-138.029683
bluetooth,D2A3B933,2026-08-16 19:16:26.000Z,-51,60.956344,-138.029683,46829,2,0,1571,21.15
radio434mhz,6133334B,2026-08-16 19:16:27.000Z,-37,60.956344,-138.029683
radio434mhz,2A2A2A2D,2026-08-16 19:16:29.000Z,-96,60.956315,-138.029698
radio434mhz,5552522A,2026-08-16 19:16:30.000Z,-109,60.956315,-138.029698
radio434mhz,6133334B,2026-08-16 19:16:30.000Z,-37,60.956315,-138.029698
radio434mhz,6133334B,2026-08-16 19:16:32.000Z,-36,60.956300,-138.029726
radio434mhz,2A2A2A2D,2026-08-16 19:16:32.000Z,-107,60.956300,-138.029726
radio434mhz,52782D1E,2026-08-16 19:16:33.000Z,-107,60.956270,-138.029744
radio434mhz,6133334B,2026-08-16 19:16:35.000Z,-37,60.956270,-138.029744
radio434mhz,2A2A2A2D,2026-08-16 19:16:36.000Z,-109,60.956249,-138.029771
bluetooth,D2A3B933,2026-08-16 19:16:36.000Z,-41,60.956249,-138.029771,57285,2,0,1572,21.17
radio434mhz,6133334B,2026-08-16 19:16:37.000Z,-37,60.956249,-138.029771
radio434mhz,2A2A2A2D,2026-08-16 19:16:39.000Z,-96,60.956231,-138.029781
radio434mhz,52782D1E,2026-08-16 19:16:39.000Z,-106,60.956231,-138.029781
radio434mhz,6133334B,2026-08-16 19:16:39.000Z,-39,60.956231,-138.029781
radio434mhz,6133334B,2026-08-16 19:16:42.000Z,-36,60.956206,-138.029815
radio434mhz,52782D1E,2026-08-16 19:16:42.000Z,-106,60.956206,-138.029815
radio434mhz,2A2A2A2D,2026-08-16 19:16:42.000Z,-96,60.956206,-138.029815
radio434mhz,6133334B,2026-08-16 19:16:44.000Z,-38,60.956189,-138.029859
radio434mhz,52782D1E,2026-08-16 19:16:46.000Z,-108,60.956170,-138.029894
radio434mhz,2A2A2A2D,2026-08-16 19:16:46.000Z,-105,60.956170,-138.029894
bluetooth,D2A3B933,2026-08-16 19:16:47.000Z,-37,60.956170,-138.029894,58100,2,0,1571,21.00
radio434mhz,6133334B,2026-08-16 19:16:47.000Z,-39,60.956170,-138.029894
radio434mhz,52782D1E,2026-08-16 19:16:49.000Z,-107,60.956167,-138.029913
radio434mhz,6133334B,2026-08-16 19:16:49.000Z,-28,60.956167,-138.029913
radio434mhz,2A2A2A2D,2026-08-16 19:16:49.000Z,-101,60.956167,-138.029913
radio434mhz,6133334B,2026-08-16 19:16:51.000Z,-37,60.956164,-138.029960
radio434mhz,52782D1E,2026-08-16 19:16:52.000Z,-107,60.956164,-138.029960
radio434mhz,2A2A2A2D,2026-08-16 19:16:53.000Z,-106,60.956169,-138.030004
radio434mhz,6133334B,2026-08-16 19:16:54.000Z,-53,60.956169,-138.030004
radio434mhz,2A2A2A2D,2026-08-16 19:16:56.000Z,-102,60.956173,-138.030052
radio434mhz,6133334B,2026-08-16 19:16:56.000Z,-38,60.956173,-138.030052
bluetooth,D2A3B933,2026-08-16 19:16:57.000Z,-42,60.956173,-138.030052,17233,2,0,1572,20.85
radio434mhz,52782D1E,2026-08-16 19:16:58.000Z,-104,60.956172,-138.030100
radio434mhz,6133334B,2026-08-16 19:16:59.000Z,-37,60.956172,-138.030100
radio434mhz,6133334B,2026-08-16 19:17:01.000Z,-38,60.956186,-138.030138
radio434mhz,52782D1E,2026-08-16 19:17:01.000Z,-102,60.956186,-138.030138
radio434mhz,2A2A2A2D,2026-08-16 19:17:03.000Z,-99,60.956180,-138.030160
radio434mhz,6133334B,2026-08-16 19:17:03.000Z,-38,60.956180,-138.030160
radio434mhz,52782D1E,2026-08-16 19:17:05.000Z,-107,60.956157,-138.030179
radio434mhz,6133334B,2026-08-16 19:17:06.000Z,-37,60.956157,-138.030179
radio434mhz,2A2A2A2D,2026-08-16 19:17:06.000Z,-100,60.956157,-138.030179
bluetooth,D2A3B933,2026-08-16 19:17:07.000Z,-44,60.956131,-138.030173,62085,2,0,1571,20.74
radio434mhz,52782D1E,2026-08-16 19:17:08.000Z,-106,60.956131,-138.030173
radio434mhz,6133334B,2026-08-16 19:17:08.000Z,-37,60.956131,-138.030173
radio434mhz,2A2A2A2D,2026-08-16 19:17:10.000Z,-97,60.956105,-138.030176
radio434mhz,6133334B,2026-08-16 19:17:11.000Z,-38,60.956105,-138.030176
radio434mhz,52782D1E,2026-08-16 19:17:11.000Z,-107,60.956105,-138.030176
radio434mhz,6133334B,2026-08-16 19:17:13.000Z,-38,60.956075,-138.030183
radio434mhz,2A2A2A2D,2026-08-16 19:17:13.000Z,-104,60.956075,-138.030183
radio434mhz,52782D1E,2026-08-16 19:17:14.000Z,-112,60.956055,-138.030220
radio434mhz,6133334B,2026-08-16 19:17:15.000Z,-37,60.956055,-138.030220
radio434mhz,2A2A2A2D,2026-08-16 19:17:16.000Z,-103,60.956026,-138.030233
bluetooth,D2A3B933,2026-08-16 19:17:17.000Z,-43,60.956026,-138.030233,16282,2,0,1571,20.67
radio434mhz,52782D1E,2026-08-16 19:17:17.000Z,-109,60.956026,-138.030233
radio434mhz,6133334B,2026-08-16 19:17:18.000Z,-37,60.956026,-138.030233
radio434mhz,2A2A2A2D,2026-08-16 19:17:20.000Z,-100,60.955996,-138.030240
radio434mhz,6133334B,2026-08-16 19:17:20.000Z,-37,60.955996,-138.030240
radio434mhz,6133334B,2026-08-16 19:17:23.000Z,-38,60.955978,-138.030264
radio434mhz,2A2A2A2D,2026-08-16 19:17:23.000Z,-107,60.955984,-138.030306
radio434mhz,52782D1E,2026-08-16 19:17:24.000Z,-107,60.955984,-138.030306
radio434mhz,6133334B,2026-08-16 19:17:25.000Z,-37,60.955984,-138.030306
radio434mhz,2A2A2A2D,2026-08-16 19:17:26.000Z,-109,60.955998,-138.030344
bluetooth,D2A3B933,2026-08-16 19:17:27.000Z,-46,60.955998,-138.030344,24676,2,0,1571,20.62
radio434mhz,6133334B,2026-08-16 19:17:27.000Z,-37,60.955998,-138.030344
radio434mhz,6133334B,2026-08-16 19:17:30.000Z,-39,60.956004,-138.030386
radio434mhz,AAAA2A2D,2026-08-16 19:17:30.000Z,-109,60.956004,-138.030386
radio434mhz,6133334B,2026-08-16 19:17:32.000Z,-37,60.956005,-138.030430
radio434mhz,52782D1E,2026-08-16 19:17:33.000Z,-109,60.956017,-138.030452
radio434mhz,6133334B,2026-08-16 19:17:35.000Z,-38,60.956017,-138.030452
radio434mhz,2A2A2A2D,2026-08-16 19:17:37.000Z,-105,60.956032,-138.030486
radio434mhz,52782D1E,2026-08-16 19:17:37.000Z,-106,60.956032,-138.030486
radio434mhz,6133334B,2026-08-16 19:17:37.000Z,-36,60.956032,-138.030486
radio434mhz,6133334B,2026-08-16 19:17:39.000Z,-37,60.956059,-138.030522
radio434mhz,2A2A2A2D,2026-08-16 19:17:40.000Z,-107,60.956059,-138.030522
radio434mhz,6133334B,2026-08-16 19:17:42.000Z,-35,60.956083,-138.030532
radio434mhz,2A2A2A2D,2026-08-16 19:17:43.000Z,-105,60.956106,-138.030565
radio434mhz,6133334B,2026-08-16 19:17:44.000Z,-37,60.956106,-138.030565
radio434mhz,52782D1E,2026-08-16 19:17:46.000Z,-107,60.956122,-138.030603
radio434mhz,6133334B,2026-08-16 19:17:47.000Z,-37,60.956122,-138.030603
bluetooth,D2A3B933,2026-08-16 19:17:47.000Z,-45,60.956122,-138.030603,57717,2,0,1572,20.82
radio434mhz,6133334B,2026-08-16 19:17:49.000Z,-37,60.956133,-138.030666
radio434mhz,52782D1E,2026-08-16 19:17:49.000Z,-108,60.956133,-138.030666
radio434mhz,2A2A2A2D,2026-08-16 19:17:50.000Z,-108,60.956148,-138.030698
radio434mhz,6133334B,2026-08-16 19:17:51.000Z,-34,60.956148,-138.030698
radio434mhz,52782D1E,2026-08-16 19:17:53.000Z,-108,60.956165,-138.030716
radio434mhz,2A2A2A2D,2026-08-16 19:17:54.000Z,-105,60.956165,-138.030716
radio434mhz,6133334B,2026-08-16 19:17:54.000Z,-36,60.956165,-138.030716
radio434mhz,52782D1E,2026-08-16 19:17:56.000Z,-105,60.956175,-138.030766
radio434mhz,6133334B,2026-08-16 19:17:56.000Z,-37,60.956175,-138.030766
bluetooth,D2A3B933,2026-08-16 19:17:57.000Z,-57,60.956175,-138.030766,25035,2,0,1571,20.82
radio434mhz,6133334B,2026-08-16 19:17:59.000Z,-39,60.956177,-138.030810
radio434mhz,52782D1E,2026-08-16 19:17:59.000Z,-108,60.956177,-138.030810
radio434mhz,6133334B,2026-08-16 19:18:01.000Z,-38,60.956195,-138.030848
radio434mhz,52782D1E,2026-08-16 19:18:02.000Z,-103,60.956195,-138.030848
radio434mhz,6133334B,2026-08-16 19:18:03.000Z,-37,60.956197,-138.030864
radio434mhz,52782D1E,2026-08-16 19:18:05.000Z,-108,60.956202,-138.030907
radio434mhz,6133334B,2026-08-16 19:18:06.000Z,-35,60.956202,-138.030907
bluetooth,D2A3B933,2026-08-16 19:18:07.000Z,-41,60.956202,-138.030907,2944,2,0,1571,20.87
radio434mhz,2A2A2A2D,2026-08-16 19:18:07.000Z,-104,60.956202,-138.030907
radio434mhz,6133334B,2026-08-16 19:18:08.000Z,-37,60.956178,-138.030927
radio434mhz,52782D1E,2026-08-16 19:18:08.000Z,-105,60.956178,-138.030927
radio434mhz,2A2A2A2D,2026-08-16 19:18:11.000Z,-108,60.956155,-138.030927
radio434mhz,6133334B,2026-08-16 19:18:11.000Z,-37,60.956155,-138.030927
radio434mhz,6133334B,2026-08-16 19:18:13.000Z,-36,60.956126,-138.030967
radio434mhz,2A2A2A2D,2026-08-16 19:18:14.000Z,-101,60.956126,-138.030967
radio434mhz,52782D1E,2026-08-16 19:18:15.000Z,-104,60.956126,-138.030967
radio434mhz,6133334B,2026-08-16 19:18:15.000Z,-36,60.956104,-138.030970
bluetooth,D2A3B933,2026-08-16 19:18:17.000Z,-42,60.956104,-138.030970,25303,2,0,1572,20.64
radio434mhz,2A2A2A2D,2026-08-16 19:18:17.000Z,-101,60.956104,-138.030970
radio434mhz,6133334B,2026-08-16 19:18:18.000Z,-37,60.956084,-138.030998
radio434mhz,52782D1E,2026-08-16 19:18:18.000Z,-106,60.956084,-138.030998
radio434mhz,6133334B,2026-08-16 19:18:20.000Z,-37,60.956077,-138.031045
radio434mhz,2A2A2A2D,2026-08-16 19:18:21.000Z,-101,60.956077,-138.031045
radio434mhz,6133334B,2026-08-16 19:18:23.000Z,-33,60.956077,-138.031045
radio434mhz,2A2A2A2D,2026-08-16 19:18:24.000Z,-106,60.956061,-138.031078
radio434mhz,52782D1E,2026-08-16 19:18:25.000Z,-108,60.956061,-138.031078
radio434mhz,6133334B,2026-08-16 19:18:25.000Z,-38,60.956061,-138.031078
radio434mhz,6133334B,2026-08-16 19:18:28.000Z,-37,60.956031,-138.031094
radio434mhz,52782D1E,2026-08-16 19:18:28.000Z,-104,60.956031,-138.031094
radio434mhz,6133334B,2026-08-16 19:18:30.000Z,-37,60.956008,-138.031085
radio434mhz,2A2A2A2D,2026-08-16 19:18:31.000Z,-103,60.956008,-138.031085
radio434mhz,6133334B,2026-08-16 19:18:32.000Z,-37,60.955981,-138.031058
radio434mhz,2A2A2A2D,2026-08-16 19:18:34.000Z,-105,60.955981,-138.031058
radio434mhz,6133334B,2026-08-16 19:18:35.000Z,-37,60.955957,-138.031052
bluetooth,D2A3B933,2026-08-16 19:18:37.000Z,-65,60.955930,-138.031026,51987,2,0,1571,20.67
radio434mhz,6133334B,2026-08-16 19:18:37.000Z,-37,60.955930,-138.031026
radio434mhz,2A2A2A2D,2026-08-16 19:18:38.000Z,-102,60.955930,-138.031026
radio434mhz,6133334B,2026-08-16 19:18:40.000Z,-38,60.955905,-138.031029
radio434mhz,6133334B,2026-08-16 19:18:42.000Z,-37,60.955890,-138.031054
radio434mhz,52782D1E,2026-08-16 19:18:44.000Z,-105,60.955890,-138.031054
radio434mhz,6133334B,2026-08-16 19:18:44.000Z,-36,60.955885,-138.031094
radio434mhz,2A2A2A2D,2026-08-16 19:18:44.000Z,-104,60.955885,-138.031094
radio434mhz,6133334B,2026-08-16 19:18:47.000Z,-37,60.955885,-138.031094
bluetooth,D2A3B933,2026-08-16 19:18:47.000Z,-43,60.955868,-138.031126,47449,2,0,1572,20.54
radio434mhz,2A2A2A2D,2026-08-16 19:18:48.000Z,-104,60.955868,-138.031126
radio434mhz,6133334B,2026-08-16 19:18:49.000Z,-34,60.955868,-138.031126
radio434mhz,2A2A2A2D,2026-08-16 19:18:51.000Z,-108,60.955863,-138.031132
radio434mhz,6133334B,2026-08-16 19:18:52.000Z,-32,60.955863,-138.031132
radio434mhz,6133334B,2026-08-16 19:18:54.000Z,-36,60.955863,-138.031140
radio434mhz,2A2A2A2D,2026-08-16 19:18:55.000Z,-109,60.955863,-138.031140
radio434mhz,6133334B,2026-08-16 19:18:56.000Z,-35,60.955860,-138.031173
bluetooth,D2A3B933,2026-08-16 19:18:57.000Z,-43,60.955860,-138.031173,55833,2,0,1572,20.54
radio434mhz,2A2A2A2D,2026-08-16 19:18:58.000Z,-104,60.955863,-138.031246
radio434mhz,6133334B,2026-08-16 19:18:59.000Z,-35,60.955863,-138.031246
radio434mhz,6133334B,2026-08-16 19:19:01.000Z,-35,60.955872,-138.031273
radio434mhz,6133334B,2026-08-16 19:19:04.000Z,-36,60.955872,-138.031273
radio434mhz,2A2A2A2D,2026-08-16 19:19:05.000Z,-108,60.955878,-138.031278
radio434mhz,6133334B,2026-08-16 19:19:06.000Z,-35,60.955878,-138.031278
radio434mhz,6133334B,2026-08-16 19:19:08.000Z,-35,60.955878,-138.031278
radio434mhz,52782D1E,2026-08-16 19:19:09.000Z,-109,60.955881,-138.031284
radio434mhz,6133334B,2026-08-16 19:19:11.000Z,-37,60.955881,-138.031284
radio434mhz,52782D1E,2026-08-16 19:19:13.000Z,-102,60.955897,-138.031284
radio434mhz,6133334B,2026-08-16 19:19:13.000Z,-36,60.955897,-138.031284
radio434mhz,6133334B,2026-08-16 19:19:16.000Z,-37,60.955913,-138.031303
radio434mhz,52782D1E,2026-08-16 19:19:16.000Z,-102,60.955913,-138.031303
bluetooth,D2A3B933,2026-08-16 19:19:17.000Z,-42,60.955955,-138.031307,50233,2,0,1572,21.00
radio434mhz,6133334B,2026-08-16 19:19:18.000Z,-36,60.955955,-138.031307
radio434mhz,52782D1E,2026-08-16 19:19:19.000Z,-108,60.955955,-138.031307
radio434mhz,6133334B,2026-08-16 19:19:20.000Z,-34,60.955972,-138.031326
radio434mhz,52782D1E,2026-08-16 19:19:22.000Z,-109,60.955989,-138.031341
radio434mhz,6133334B,2026-08-16 19:19:23.000Z,-35,60.955989,-138.031341
radio434mhz,6133334B,2026-08-16 19:19:25.000Z,-35,60.956007,-138.031368
bluetooth,D2A3B933,2026-08-16 19:19:27.000Z,-44,60.956007,-138.031368,63325,2,0,1571,21.07
radio434mhz,6133334B,2026-08-16 19:19:28.000Z,-34,60.956010,-138.031446
radio434mhz,6133334B,2026-08-16 19:19:30.000Z,-36,60.956010,-138.031446
radio434mhz,6133334B,2026-08-16 19:19:32.000Z,-38,60.956014,-138.031491
radio434mhz,52782D1E,2026-08-16 19:19:35.000Z,-107,60.955999,-138.031506
radio434mhz,6133334B,2026-08-16 19:19:35.000Z,-37,60.955999,-138.031506
bluetooth,D2A3B933,2026-08-16 19:19:37.000Z,-49,60.955997,-138.031501,1066,2,0,1571,20.87
radio434mhz,6133334B,2026-08-16 19:19:37.000Z,-36,60.955997,-138.031501
radio434mhz,6133334B,2026-08-16 19:19:40.000Z,-37,60.955997,-138.031526
radio434mhz,52782D1E,2026-08-16 19:19:41.000Z,-100,60.955997,-138.031526
radio434mhz,6133334B,2026-08-16 19:19:42.000Z,-39,60.955998,-138.031512
radio434mhz,52782D1E,2026-08-16 19:19:44.000Z,-102,60.955998,-138.031512
bluetooth,E8095336,2026-08-16 19:19:44.000Z,-78,60.955998,-138.031512,4540,2,0,1564,33.66
radio434mhz,6133334B,2026-08-16 19:19:44.000Z,-37,60.955998,-138.031512
radio434mhz,2A2A2A2D,2026-08-16 19:19:45.000Z,-105,60.956019,-138.031503
radio434mhz,6133334B,2026-08-16 19:19:47.000Z,-37,60.956019,-138.031503
bluetooth,D2A3B933,2026-08-16 19:19:47.000Z,-45,60.956047,-138.031476,64284,2,0,1571,21.28
radio434mhz,52782D1E,2026-08-16 19:19:47.000Z,-104,60.956047,-138.031476
radio434mhz,2A2A2A2D,2026-08-16 19:19:49.000Z,-106,60.956047,-138.031476
radio434mhz,6133334B,2026-08-16 19:19:49.000Z,-36,60.956047,-138.031476
radio434mhz,6133334B,2026-08-16 19:19:52.000Z,-38,60.956072,-138.031474
radio434mhz,2A2A2A2D,2026-08-16 19:19:52.000Z,-109,60.956102,-138.031482
radio434mhz,6133334B,2026-08-16 19:19:54.000Z,-38,60.956102,-138.031482
radio434mhz,52782D1E,2026-08-16 19:19:54.000Z,-109,60.956102,-138.031482
radio434mhz,6133334B,2026-08-16 19:19:56.000Z,-38,60.956115,-138.031518
bluetooth,D2A3B933,2026-08-16 19:19:57.000Z,-45,60.956147,-138.031584,33076,2,0,1571,21.12
radio434mhz,52782D1E,2026-08-16 19:19:57.000Z,-109,60.956147,-138.031584
radio434mhz,6133334B,2026-08-16 19:19:59.000Z,-38,60.956147,-138.031584
radio434mhz,2A2A2A2D,2026-08-16 19:19:59.000Z,-109,60.956147,-138.031584
bluetooth,E8095336,2026-08-16 19:19:59.000Z,-80,60.956147,-138.031584,35982,2,0,1564,33.25
radio434mhz,6133334B,2026-08-16 19:20:01.000Z,-36,60.956161,-138.031620
radio434mhz,6133334B,2026-08-16 19:20:04.000Z,-37,60.956190,-138.031637
radio434mhz,6133334B,2026-08-16 19:20:06.000Z,-36,60.956214,-138.031629
bluetooth,D2A3B933,2026-08-16 19:20:07.000Z,-35,60.956226,-138.031626,37782,2,0,1571,21.15
radio434mhz,6133334B,2026-08-16 19:20:08.000Z,-35,60.956226,-138.031626
bluetooth,E8095336,2026-08-16 19:20:09.000Z,-80,60.956226,-138.031626,22345,2,0,1565,33.00
radio434mhz,6133334B,2026-08-16 19:20:11.000Z,-36,60.956250,-138.031635
radio434mhz,6133334B,2026-08-16 19:20:13.000Z,-41,60.956270,-138.031648
bluetooth,E8095336,2026-08-16 19:20:14.000Z,-84,60.956270,-138.031648,42163,2,0,1565,32.77
radio434mhz,6133334B,2026-08-16 19:20:16.000Z,-40,60.956290,-138.031655
bluetooth,D2A3B933,2026-08-16 19:20:17.000Z,-29,60.956290,-138.031655,16272,2,0,1571,21.07
radio434mhz,6133334B,2026-08-16 19:20:18.000Z,-40,60.956307,-138.031674
radio434mhz,52782D1E,2026-08-16 19:20:19.000Z,-104,60.956307,-138.031674
radio434mhz,6133334B,2026-08-16 19:20:20.000Z,-39,60.956318,-138.031643
radio434mhz,52782D1E,2026-08-16 19:20:23.000Z,-103,60.956308,-138.031612
radio434mhz,6133334B,2026-08-16 19:20:23.000Z,-37,60.956308,-138.031612
radio434mhz,6133334B,2026-08-16 19:20:25.000Z,-38,60.956299,-138.031570
radio434mhz,52782D1E,2026-08-16 19:20:26.000Z,-108,60.956299,-138.031570
bluetooth,D2A3B933,2026-08-16 19:20:27.000Z,-45,60.956299,-138.031570,24103,2,0,1572,20.92
radio434mhz,6133334B,2026-08-16 19:20:28.000Z,-37,60.956317,-138.031554
radio434mhz,52782D1E,2026-08-16 19:20:29.000Z,-105,60.956317,-138.031554
radio434mhz,6133334B,2026-08-16 19:20:30.000Z,-40,60.956317,-138.031554
radio434mhz,52782D1E,2026-08-16 19:20:32.000Z,-105,60.956337,-138.031539
radio434mhz,6133334B,2026-08-16 19:20:32.000Z,-41,60.956337,-138.031539
radio434mhz,2A2A2A2D,2026-08-16 19:20:33.000Z,-107,60.956348,-138.031498
radio434mhz,6133334B,2026-08-16 19:20:35.000Z,-38,60.956348,-138.031498
radio434mhz,52782D1E,2026-08-16 19:20:35.000Z,-109,60.956369,-138.031493
radio434mhz,6133334B,2026-08-16 19:20:37.000Z,-37,60.956369,-138.031493
bluetooth,D2A3B933,2026-08-16 19:20:37.000Z,-45,60.956369,-138.031493,31894,2,0,1571,20.74
radio434mhz,52782D1E,2026-08-16 19:20:39.000Z,-111,60.956380,-138.031498
radio434mhz,6133334B,2026-08-16 19:20:40.000Z,-36,60.956380,-138.031498
radio434mhz,2A2A2A2D,2026-08-16 19:20:40.000Z,-108,60.956380,-138.031498
radio434mhz,6133334B,2026-08-16 19:20:42.000Z,-39,60.956391,-138.031531
radio434mhz,6133334B,2026-08-16 19:20:44.000Z,-38,60.956395,-138.031559
radio434mhz,6133334B,2026-08-16 19:20:47.000Z,-35,60.956393,-138.031620
bluetooth,D2A3B933,2026-08-16 19:20:47.000Z,-34,60.956393,-138.031620,56617,2,0,1572,20.67
radio434mhz,6133334B,2026-08-16 19:20:49.000Z,-39,60.956386,-138.031677
radio434mhz,6133334B,2026-08-16 19:20:52.000Z,-43,60.956368,-138.031700
bluetooth,E8095336,2026-08-16 19:20:53.000Z,-83,60.956368,-138.031700,18359,2,0,1564,32.22
radio434mhz,6133334B,2026-08-16 19:20:54.000Z,-39,60.956348,-138.031671
radio434mhz,6133334B,2026-08-16 19:20:56.000Z,-35,60.956339,-138.031735
bluetooth,D2A3B933,2026-08-16 19:20:57.000Z,-50,60.956339,-138.031735,44191,2,0,1572,20.24
radio434mhz,6133334B,2026-08-16 19:20:59.000Z,-38,60.956343,-138.031773
radio434mhz,6133334B,2026-08-16 19:21:01.000Z,-41,60.956348,-138.031819
bluetooth,E8095336,2026-08-16 19:21:03.000Z,-77,60.956348,-138.031819,14663,2,0,1564,32.47
radio434mhz,6133334B,2026-08-16 19:21:04.000Z,-43,60.956354,-138.031854
radio434mhz,6133334B,2026-08-16 19:21:06.000Z,-43,60.956339,-138.031880
bluetooth,D2A3B933,2026-08-16 19:21:07.000Z,-53,60.956339,-138.031880,43075,2,0,1571,20.37
radio434mhz,6133334B,2026-08-16 19:21:08.000Z,-43,60.956328,-138.031917
radio434mhz,2A2A2A2D,2026-08-16 19:21:10.000Z,-109,60.956328,-138.031917
radio434mhz,6133334B,2026-08-16 19:21:11.000Z,-44,60.956321,-138.031964
bluetooth,E8095336,2026-08-16 19:21:13.000Z,-69,60.956321,-138.031964,20017,2,0,1565,32.93
radio434mhz,6133334B,2026-08-16 19:21:13.000Z,-40,60.956308,-138.032004
radio434mhz,6133334B,2026-08-16 19:21:16.000Z,-39,60.956289,-138.032030
bluetooth,D2A3B933,2026-08-16 19:21:17.000Z,-48,60.956289,-138.032030,11527,2,0,1571,20.26
bluetooth,E8095336,2026-08-16 19:21:18.000Z,-65,60.956289,-138.032030,20788,2,0,1564,33.20
radio434mhz,6133334B,2026-08-16 19:21:18.000Z,-45,60.956284,-138.032044
radio434mhz,52782D1E,2026-08-16 19:21:20.000Z,-105,60.956284,-138.032044
radio434mhz,6133334B,2026-08-16 19:21:20.000Z,-37,60.956292,-138.032085
bluetooth,E8095336,2026-08-16 19:21:22.000Z,-83,60.956292,-138.032085,20146,2,0,1563,33.20
radio434mhz,6133334B,2026-08-16 19:21:23.000Z,-41,60.956283,-138.032129
radio434mhz,6133334B,2026-08-16 19:21:25.000Z,-43,60.956273,-138.032169
radio434mhz,52782D1E,2026-08-16 19:21:27.000Z,-109,60.956273,-138.032169
bluetooth,E8095336,2026-08-16 19:21:27.000Z,-82,60.956273,-138.032169,46392,2,0,1565,33.15
bluetooth,D2A3B933,2026-08-16 19:21:27.000Z,-33,60.956253,-138.032200,62795,2,0,1571,20.19
radio434mhz,6133334B,2026-08-16 19:21:28.000Z,-41,60.956253,-138.032200
radio434mhz,6133334B,2026-08-16 19:21:30.000Z,-38,60.956253,-138.032200
radio434mhz,6133334B,2026-08-16 19:21:32.000Z,-37,60.956238,-138.032234
radio434mhz,2A2A2A2D,2026-08-16 19:21:34.000Z,-111,60.956230,-138.032259
radio434mhz,6133334B,2026-08-16 19:21:35.000Z,-40,60.956230,-138.032259
radio434mhz,6133334B,2026-08-16 19:21:37.000Z,-43,60.956216,-138.032271
bluetooth,D2A3B933,2026-08-16 19:21:38.000Z,-46,60.956216,-138.032271,49709,2,0,1572,19.94
radio434mhz,6133334B,2026-08-16 19:21:40.000Z,-42,60.956192,-138.032265
radio434mhz,6133334B,2026-08-16 19:21:42.000Z,-38,60.956173,-138.032242
radio434mhz,6133334B,2026-08-16 19:21:44.000Z,-42,60.956165,-138.032243
radio434mhz,6133334B,2026-08-16 19:21:47.000Z,-40,60.956156,-138.032277
bluetooth,D2A3B933,2026-08-16 19:21:48.000Z,-42,60.956148,-138.032306,40337,2,0,1571,20.11
radio434mhz,6133334B,2026-08-16 19:21:49.000Z,-42,60.956148,-138.032306
radio434mhz,6133334B,2026-08-16 19:21:52.000Z,-43,60.956142,-138.032354
bluetooth,E8095336,2026-08-16 19:21:52.000Z,-76,60.956127,-138.032350,58277,2,0,1563,32.72
radio434mhz,6133334B,2026-08-16 19:21:54.000Z,-40,60.956127,-138.032350
radio434mhz,6133334B,2026-08-16 19:21:57.000Z,-35,60.956109,-138.032372
radio434mhz,6133334B,2026-08-16 19:21:59.000Z,-44,60.956107,-138.032396
radio434mhz,6133334B,2026-08-16 19:22:01.000Z,-43,60.956093,-138.032435
radio434mhz,6133334B,2026-08-16 19:22:04.000Z,-42,60.956072,-138.032458
radio434mhz,6133334B,2026-08-16 19:22:06.000Z,-40,60.956061,-138.032484
bluetooth,D2A3B933,2026-08-16 19:22:08.000Z,-49,60.956033,-138.032506,39774,2,0,1572,20.16
radio434mhz,6133334B,2026-08-16 19:22:09.000Z,-49,60.956033,-138.032506
radio434mhz,6133334B,2026-08-16 19:22:11.000Z,-36,60.956022,-138.032531
radio434mhz,6133334B,2026-08-16 19:22:13.000Z,-38,60.956022,-138.032531
radio434mhz,6133334B,2026-08-16 19:22:16.000Z,-36,60.955983,-138.032520
bluetooth,E8095336,2026-08-16 19:22:16.000Z,-80,60.955983,-138.032520,37840,2,0,1564,32.83
bluetooth,D2A3B933,2026-08-16 19:22:18.000Z,-50,60.955983,-138.032520,26473,2,0,1572,20.11
radio434mhz,6133334B,2026-08-16 19:22:18.000Z,-42,60.955983,-138.032520
radio434mhz,6133334B,2026-08-16 19:22:21.000Z,-38,60.955998,-138.032547
radio434mhz,6133334B,2026-08-16 19:22:23.000Z,-30,60.955999,-138.032554
radio434mhz,6133334B,2026-08-16 19:22:25.000Z,-34,60.955989,-138.032574
radio434mhz,341E4C19,2026-08-16 19:22:26.000Z,-101,60.955989,-138.032574
bluetooth,D2A3B933,2026-08-16 19:22:28.000Z,-34,60.955977,-138.032590,31713,2,0,1572,20.04
radio434mhz,6133334B,2026-08-16 19:22:28.000Z,-34,60.955977,-138.032590
radio434mhz,6133334B,2026-08-16 19:22:30.000Z,-38,60.955969,-138.032626
radio434mhz,6133334B,2026-08-16 19:22:33.000Z,-35,60.955976,-138.032660
radio434mhz,341E4C19,2026-08-16 19:22:33.000Z,-111,60.955976,-138.032660
radio434mhz,6133334B,2026-08-16 19:22:35.000Z,-36,60.955967,-138.032669
radio434mhz,341E4C19,2026-08-16 19:22:36.000Z,-109,60.955967,-138.032669
radio434mhz,6133334B,2026-08-16 19:22:37.000Z,-37,60.955955,-138.032634
bluetooth,D2A3B933,2026-08-16 19:22:38.000Z,-46,60.955955,-138.032634,62060,2,0,1571,20.16
radio434mhz,341E4C19,2026-08-16 19:22:39.000Z,-103,60.955955,-138.032634
radio434mhz,6133334B,2026-08-16 19:22:40.000Z,-40,60.955939,-138.032623
radio434mhz,6133334B,2026-08-16 19:22:42.000Z,-37,60.955909,-138.032622
radio434mhz,6133334B,2026-08-16 19:22:45.000Z,-37,60.955888,-138.032610
radio434mhz,341E4C19,2026-08-16 19:22:45.000Z,-109,60.955888,-138.032610
radio434mhz,2A2A2A2D,2026-08-16 19:22:45.000Z,-106,60.955888,-138.032610
radio434mhz,6133334B,2026-08-16 19:22:47.000Z,-36,60.955883,-138.032553
bluetooth,D2A3B933,2026-08-16 19:22:48.000Z,-48,60.955883,-138.032553,12605,2,0,1572,20.11
radio434mhz,341E4C19,2026-08-16 19:22:48.000Z,-104,60.955883,-138.032553
radio434mhz,6133334B,2026-08-16 19:22:49.000Z,-31,60.955861,-138.032539
radio434mhz,341E4C19,2026-08-16 19:22:51.000Z,-104,60.955861,-138.032539
radio434mhz,6133334B,2026-08-16 19:22:52.000Z,-36,60.955861,-138.032539
radio434mhz,341E4C19,2026-08-16 19:22:54.000Z,-102,60.955848,-138.032552
radio434mhz,6133334B,2026-08-16 19:22:54.000Z,-38,60.955848,-138.032552
radio434mhz,6133334B,2026-08-16 19:22:57.000Z,-38,60.955836,-138.032567
radio434mhz,341E4C19,2026-08-16 19:22:57.000Z,-104,60.955817,-138.032566
bluetooth,D2A3B933,2026-08-16 19:22:58.000Z,-50,60.955817,-138.032566,37402,2,0,1572,20.31
radio434mhz,6133334B,2026-08-16 19:22:59.000Z,-39,60.955817,-138.032566
radio434mhz,341E4C19,2026-08-16 19:23:00.000Z,-97,60.955796,-138.032559
radio434mhz,6133334B,2026-08-16 19:23:01.000Z,-39,60.955796,-138.032559
radio434mhz,341E4C19,2026-08-16 19:23:03.000Z,-103,60.955780,-138.032590
radio434mhz,6133334B,2026-08-16 19:23:04.000Z,-38,60.955773,-138.032638
radio434mhz,2A2A2A2D,2026-08-16 19:23:05.000Z,-108,60.955773,-138.032638
radio434mhz,6133334B,2026-08-16 19:23:06.000Z,-38,60.955762,-138.032685
radio434mhz,341E4C19,2026-08-16 19:23:07.000Z,-102,60.955762,-138.032685
bluetooth,D2A3B933,2026-08-16 19:23:08.000Z,-42,60.955762,-138.032685,19657,2,0,1571,20.64
radio434mhz,6133334B,2026-08-16 19:23:09.000Z,-37,60.955768,-138.032698
radio434mhz,341E4C19,2026-08-16 19:23:10.000Z,-103,60.955768,-138.032698
radio434mhz,6133334B,2026-08-16 19:23:11.000Z,-38,60.955768,-138.032698
radio434mhz,6133334B,2026-08-16 19:23:13.000Z,-39,60.955765,-138.032738
radio434mhz,6133334B,2026-08-16 19:23:16.000Z,-39,60.955750,-138.032775
bluetooth,D2A3B933,2026-08-16 19:23:18.000Z,-36,60.955737,-138.032814,29954,2,0,1571,20.34
radio434mhz,6133334B,2026-08-16 19:23:18.000Z,-39,60.955737,-138.032814
radio434mhz,341E4C19,2026-08-16 19:23:19.000Z,-106,60.955725,-138.032837
radio434mhz,6133334B,2026-08-16 19:23:21.000Z,-38,60.955725,-138.032837
radio434mhz,2A2A2A2D,2026-08-16 19:23:23.000Z,-110,60.955738,-138.032880
radio434mhz,6133334B,2026-08-16 19:23:23.000Z,-39,60.955738,-138.032880
radio434mhz,6133334B,2026-08-16 19:23:25.000Z,-38,60.955735,-138.032925
bluetooth,D2A3B933,2026-08-16 19:23:28.000Z,-49,60.955737,-138.032970,60575,2,0,1572,20.49
radio434mhz,6133334B,2026-08-16 19:23:28.000Z,-41,60.955737,-138.032970
radio434mhz,52782D1E,2026-08-16 19:23:28.000Z,-111,60.955737,-138.032970
radio434mhz,6133334B,2026-08-16 19:23:30.000Z,-38,60.955744,-138.033014
radio434mhz,6133334B,2026-08-16 19:23:33.000Z,-39,60.955733,-138.033053
radio434mhz,6133334B,2026-08-16 19:23:35.000Z,-38,60.955745,-138.033074
radio434mhz,6133334B,2026-08-16 19:23:37.000Z,-39,60.955758,-138.033108
bluetooth,D2A3B933,2026-08-16 19:23:38.000Z,-45,60.955758,-138.033108,64436,2,0,1572,20.26
radio434mhz,2A2A2A2D,2026-08-16 19:23:39.000Z,-109,60.955772,-138.033158
radio434mhz,6133334B,2026-08-16 19:23:40.000Z,-41,60.955772,-138.033158
radio434mhz,6133334B,2026-08-16 19:23:42.000Z,-39,60.955776,-138.033207
radio434mhz,6133334B,2026-08-16 19:23:45.000Z,-37,60.955759,-138.033254
radio434mhz,6133334B,2026-08-16 19:23:47.000Z,-38,60.955748,-138.033318
bluetooth,D2A3B933,2026-08-16 19:23:48.000Z,-54,60.955748,-138.033318,43703,2,0,1571,20.44
radio434mhz,6133334B,2026-08-16 19:23:49.000Z,-40,60.955747,-138.033346
radio434mhz,6133334B,2026-08-16 19:23:52.000Z,-42,60.955739,-138.033389
radio434mhz,6133334B,2026-08-16 19:23:54.000Z,-39,60.955732,-138.033412
radio434mhz,6133334B,2026-08-16 19:23:57.000Z,-40,60.955717,-138.033448
bluetooth,D2A3B933,2026-08-16 19:23:58.000Z,-39,60.955717,-138.033448,12055,2,0,1571,20.24
radio434mhz,6133334B,2026-08-16 19:23:59.000Z,-40,60.955712,-138.033440
radio434mhz,6133334B,2026-08-16 19:24:02.000Z,-40,60.955689,-138.033458
radio434mhz,6133334B,2026-08-16 19:24:04.000Z,-40,60.955667,-138.033495
radio434mhz,6133334B,2026-08-16 19:24:06.000Z,-38,60.955652,-138.033539
radio434mhz,6133334B,2026-08-16 19:24:09.000Z,-40,60.955639,-138.033586
radio434mhz,6133334B,2026-08-16 19:24:11.000Z,-38,60.955625,-138.033634
radio434mhz,6133334B,2026-08-16 19:24:14.000Z,-40,60.955606,-138.033694
radio434mhz,6133334B,2026-08-16 19:24:16.000Z,-38,60.955591,-138.033733
radio434mhz,6133334B,2026-08-16 19:24:18.000Z,-38,60.955576,-138.033762
radio434mhz,6133334B,2026-08-16 19:24:21.000Z,-40,60.955576,-138.033762
radio434mhz,6133334B,2026-08-16 19:24:23.000Z,-37,60.955590,-138.033791
radio434mhz,6133334B,2026-08-16 19:24:26.000Z,-38,60.955604,-138.033778
bluetooth,D2A3B933,2026-08-16 19:24:28.000Z,-38,60.955628,-138.033783,12590,2,0,1571,20.04
radio434mhz,6133334B,2026-08-16 19:24:28.000Z,-39,60.955628,-138.033783
radio434mhz,6133334B,2026-08-16 19:24:30.000Z,-38,60.955627,-138.033765
radio434mhz,6133334B,2026-08-16 19:24:33.000Z,-39,60.955647,-138.033758
radio434mhz,6133334B,2026-08-16 19:24:35.000Z,-39,60.955663,-138.033716
radio434mhz,6133334B,2026-08-16 19:24:38.000Z,-37,60.955671,-138.033692
radio434mhz,6133334B,2026-08-16 19:24:40.000Z,-39,60.955700,-138.033662
radio434mhz,6133334B,2026-08-16 19:24:42.000Z,-39,60.955723,-138.033641
radio434mhz,6133334B,2026-08-16 19:24:45.000Z,-39,60.955725,-138.033603
radio434mhz,6133334B,2026-08-16 19:24:47.000Z,-35,60.955745,-138.033581
radio434mhz,6133334B,2026-08-16 19:24:50.000Z,-38,60.955751,-138.033567
radio434mhz,6133334B,2026-08-16 19:24:52.000Z,-37,60.955767,-138.033596
radio434mhz,6133334B,2026-08-16 19:24:54.000Z,-38,60.955792,-138.033650
radio434mhz,6133334B,2026-08-16 19:24:57.000Z,-39,60.955813,-138.033682
bluetooth,D2A3B933,2026-08-16 19:24:58.000Z,-38,60.955813,-138.033682,26118,2,0,1572,19.91
radio434mhz,6133334B,2026-08-16 19:24:59.000Z,-38,60.955836,-138.033706
radio434mhz,6133334B,2026-08-16 19:25:02.000Z,-39,60.955854,-138.033741
radio434mhz,6133334B,2026-08-16 19:25:04.000Z,-40,60.955874,-138.033765
radio434mhz,6133334B,2026-08-16 19:25:06.000Z,-38,60.955888,-138.033795
bluetooth,D2A3B933,2026-08-16 19:25:08.000Z,-41,60.955888,-138.033795,31199,2,0,1571,19.86
radio434mhz,6133334B,2026-08-16 19:25:09.000Z,-37,60.955897,-138.033782
radio434mhz,6133334B,2026-08-16 19:25:11.000Z,-39,60.955890,-138.033740
radio434mhz,6133334B,2026-08-16 19:25:14.000Z,-40,60.955891,-138.033694
radio434mhz,6133334B,2026-08-16 19:25:16.000Z,-37,60.955878,-138.033651
radio434mhz,6133334B,2026-08-16 19:25:18.000Z,-37,60.955878,-138.033651
radio434mhz,6133334B,2026-08-16 19:25:21.000Z,-38,60.955874,-138.033612
radio434mhz,6133334B,2026-08-16 19:25:23.000Z,-38,60.955882,-138.033565
radio434mhz,6133334B,2026-08-16 19:25:26.000Z,-39,60.955883,-138.033512
radio434mhz,6133334B,2026-08-16 19:25:28.000Z,-37,60.955885,-138.033466
radio434mhz,6133334B,2026-08-16 19:25:30.000Z,-39,60.955878,-138.033415
radio434mhz,6133334B,2026-08-16 19:25:33.000Z,-40,60.955883,-138.033367
radio434mhz,6133334B,2026-08-16 19:25:35.000Z,-39,60.955902,-138.033356
radio434mhz,6133334B,2026-08-16 19:25:38.000Z,-38,60.955922,-138.033370
bluetooth,D2A3B933,2026-08-16 19:25:38.000Z,-46,60.955922,-138.033370,62640,2,0,1571,19.81
radio434mhz,6133334B,2026-08-16 19:25:40.000Z,-41,60.955946,-138.033405
radio434mhz,6133334B,2026-08-16 19:25:43.000Z,-40,60.955967,-138.033428
radio434mhz,6133334B,2026-08-16 19:25:45.000Z,-37,60.955980,-138.033468
radio434mhz,6133334B,2026-08-16 19:25:47.000Z,-40,60.955990,-138.033476
bluetooth,D2A3B933,2026-08-16 19:25:48.000Z,-45,60.955990,-138.033476,13590,2,0,1571,19.96
radio434mhz,6133334B,2026-08-16 19:25:50.000Z,-39,60.956006,-138.033492
radio434mhz,6133334B,2026-08-16 19:25:52.000Z,-39,60.956016,-138.033530
radio434mhz,6133334B,2026-08-16 19:25:55.000Z,-39,60.956016,-138.033530
radio434mhz,6133334B,2026-08-16 19:25:57.000Z,-38,60.956012,-138.033576
bluetooth,D2A3B933,2026-08-16 19:25:58.000Z,-43,60.956018,-138.033633,27802,2,0,1571,19.86
radio434mhz,6133334B,2026-08-16 19:25:59.000Z,-38,60.956018,-138.033633
radio434mhz,6133334B,2026-08-16 19:26:02.000Z,-42,60.956037,-138.033658
radio434mhz,6133334B,2026-08-16 19:26:04.000Z,-38,60.956037,-138.033658
radio434mhz,6133334B,2026-08-16 19:26:07.000Z,-40,60.956051,-138.033692
bluetooth,D2A3B933,2026-08-16 19:26:08.000Z,-49,60.956053,-138.033683,51811,2,0,1570,19.68
radio434mhz,6133334B,2026-08-16 19:26:09.000Z,-39,60.956053,-138.033683
radio434mhz,6133334B,2026-08-16 19:26:11.000Z,-40,60.956063,-138.033667
radio434mhz,6133334B,2026-08-16 19:26:14.000Z,-37,60.956080,-138.033647
radio434mhz,6133334B,2026-08-16 19:26:16.000Z,-38,60.956101,-138.033638
bluetooth,D2A3B933,2026-08-16 19:26:18.000Z,-43,60.956101,-138.033638,8935,2,0,1571,19.76
radio434mhz,6133334B,2026-08-16 19:26:19.000Z,-37,60.956101,-138.033638
radio434mhz,6133334B,2026-08-16 19:26:21.000Z,-41,60.956107,-138.033611
radio434mhz,6133334B,2026-08-16 19:26:23.000Z,-41,60.956121,-138.033588
radio434mhz,6133334B,2026-08-16 19:26:26.000Z,-39,60.956117,-138.033533
bluetooth,D2A3B933,2026-08-16 19:26:28.000Z,-43,60.956120,-138.033493,56639,2,0,1572,19.76
radio434mhz,6133334B,2026-08-16 19:26:28.000Z,-40,60.956120,-138.033493
radio434mhz,6133334B,2026-08-16 19:26:31.000Z,-39,60.956141,-138.033465
radio434mhz,6133334B,2026-08-16 19:26:33.000Z,-41,60.956162,-138.033435
radio434mhz,6133334B,2026-08-16 19:26:35.000Z,-42,60.956189,-138.033411
radio434mhz,6133334B,2026-08-16 19:26:38.000Z,-37,60.956204,-138.033445
bluetooth,D2A3B933,2026-08-16 19:26:38.000Z,-45,60.956204,-138.033445,20162,2,0,1572,19.53
radio434mhz,6133334B,2026-08-16 19:26:40.000Z,-41,60.956213,-138.033503
radio434mhz,6133334B,2026-08-16 19:26:43.000Z,-42,60.956221,-138.033511
radio434mhz,6133334B,2026-08-16 19:26:45.000Z,-40,60.956234,-138.033534
radio434mhz,6133334B,2026-08-16 19:26:47.000Z,-38,60.956252,-138.033580
bluetooth,D2A3B933,2026-08-16 19:26:48.000Z,-31,60.956252,-138.033580,25746,2,0,1571,19.61
radio434mhz,6133334B,2026-08-16 19:26:50.000Z,-35,60.956274,-138.033609
radio434mhz,6133334B,2026-08-16 19:26:52.000Z,-33,60.956286,-138.033611
radio434mhz,6133334B,2026-08-16 19:26:55.000Z,-40,60.956303,-138.033624
radio434mhz,6133334B,2026-08-16 19:26:57.000Z,-38,60.956303,-138.033624
bluetooth,D2A3B933,2026-08-16 19:26:58.000Z,-45,60.956328,-138.033671,51686,2,0,1572,19.68
radio434mhz,6133334B,2026-08-16 19:26:59.000Z,-39,60.956328,-138.033671
radio434mhz,6133334B,2026-08-16 19:27:02.000Z,-38,60.956351,-138.033678
radio434mhz,6133334B,2026-08-16 19:27:04.000Z,-39,60.956367,-138.033668
radio434mhz,6133334B,2026-08-16 19:27:07.000Z,-38,60.956391,-138.033669
bluetooth,D2A3B933,2026-08-16 19:27:08.000Z,-57,60.956410,-138.033678,39712,2,0,1571,19.56
radio434mhz,6133334B,2026-08-16 19:27:09.000Z,-37,60.956410,-138.033678
radio434mhz,6133334B,2026-08-16 19:27:11.000Z,-36,60.956427,-138.033707
radio434mhz,6133334B,2026-08-16 19:27:14.000Z,-32,60.956443,-138.033722
radio434mhz,6133334B,2026-08-16 19:27:16.000Z,-33,60.956463,-138.033722
bluetooth,D2A3B933,2026-08-16 19:27:18.000Z,-29,60.956463,-138.033722,21853,2,0,1571,19.66
radio434mhz,6133334B,2026-08-16 19:27:19.000Z,-36,60.956492,-138.033715
radio434mhz,6133334B,2026-08-16 19:27:21.000Z,-37,60.956515,-138.033701
radio434mhz,6133334B,2026-08-16 19:27:23.000Z,-35,60.956515,-138.033701
radio434mhz,6133334B,2026-08-16 19:27:26.000Z,-37,60.956526,-138.033685
radio434mhz,6133334B,2026-08-16 19:27:28.000Z,-37,60.956538,-138.033657
radio434mhz,6133334B,2026-08-16 19:27:31.000Z,-37,60.956538,-138.033657
radio434mhz,6133334B,2026-08-16 19:27:33.000Z,-35,60.956546,-138.033664
radio434mhz,6133334B,2026-08-16 19:27:35.000Z,-32,60.956554,-138.033661
radio434mhz,6133334B,2026-08-16 19:27:38.000Z,-35,60.956555,-138.033662
bluetooth,D2A3B933,2026-08-16 19:27:38.000Z,-42,60.956555,-138.033662,37336,2,0,1572,19.73
radio434mhz,6133334B,2026-08-16 19:27:40.000Z,-31,60.956568,-138.033695
radio434mhz,6133334B,2026-08-16 19:27:43.000Z,-36,60.956561,-138.033716
radio434mhz,6133334B,2026-08-16 19:27:45.000Z,-36,60.956558,-138.033785
radio434mhz,6133334B,2026-08-16 19:27:47.000Z,-35,60.956565,-138.033833
bluetooth,D2A3B933,2026-08-16 19:27:48.000Z,-42,60.956565,-138.033833,59879,2,0,1572,19.66
radio434mhz,6133334B,2026-08-16 19:27:50.000Z,-39,60.956585,-138.033859
radio434mhz,6133334B,2026-08-16 19:27:52.000Z,-36,60.956590,-138.033902
radio434mhz,6133334B,2026-08-16 19:27:55.000Z,-38,60.956590,-138.033902
radio434mhz,6133334B,2026-08-16 19:27:57.000Z,-38,60.956585,-138.033918
bluetooth,D2A3B933,2026-08-16 19:27:58.000Z,-42,60.956585,-138.033918,65112,2,0,1571,19.78
radio434mhz,6133334B,2026-08-16 19:27:59.000Z,-35,60.956579,-138.033935
radio434mhz,6133334B,2026-08-16 19:28:02.000Z,-36,60.956586,-138.033942
radio434mhz,6133334B,2026-08-16 19:28:04.000Z,-38,60.956643,-138.033942
radio434mhz,6133334B,2026-08-16 19:28:07.000Z,-41,60.956667,-138.033953
bluetooth,D2A3B933,2026-08-16 19:28:08.000Z,-44,60.956667,-138.033953,7213,2,0,1572,19.91
radio434mhz,6133334B,2026-08-16 19:28:09.000Z,-40,60.956684,-138.033937
radio434mhz,6133334B,2026-08-16 19:28:11.000Z,-37,60.956706,-138.033954
radio434mhz,6133334B,2026-08-16 19:28:14.000Z,-38,60.956720,-138.033998
radio434mhz,6133334B,2026-08-16 19:28:16.000Z,-37,60.956739,-138.034020
radio434mhz,6133334B,2026-08-16 19:28:19.000Z,-36,60.956739,-138.034020
radio434mhz,6133334B,2026-08-16 19:28:21.000Z,-36,60.956734,-138.034035
radio434mhz,6133334B,2026-08-16 19:28:24.000Z,-37,60.956732,-138.034035
radio434mhz,6133334B,2026-08-16 19:28:26.000Z,-37,60.956738,-138.034052
bluetooth,D2A3B933,2026-08-16 19:28:28.000Z,-47,60.956753,-138.034045,1744,2,0,1570,20.06
radio434mhz,6133334B,2026-08-16 19:28:28.000Z,-34,60.956753,-138.034045
radio434mhz,6133334B,2026-08-16 19:28:31.000Z,-38,60.956776,-138.034027
radio434mhz,6133334B,2026-08-16 19:28:33.000Z,-37,60.956787,-138.033996
radio434mhz,6133334B,2026-08-16 19:28:35.000Z,-37,60.956787,-138.033996
radio434mhz,6133334B,2026-08-16 19:28:38.000Z,-37,60.956808,-138.033977
radio434mhz,6133334B,2026-08-16 19:28:40.000Z,-40,60.956832,-138.033936
radio434mhz,6133334B,2026-08-16 19:28:43.000Z,-39,60.956843,-138.033896
radio434mhz,6133334B,2026-08-16 19:28:45.000Z,-35,60.956874,-138.033863
radio434mhz,6133334B,2026-08-16 19:28:47.000Z,-35,60.956886,-138.033865
bluetooth,D2A3B933,2026-08-16 19:28:48.000Z,-37,60.956886,-138.033865,35108,2,0,1572,19.86
radio434mhz,6133334B,2026-08-16 19:28:50.000Z,-35,60.956893,-138.033863
radio434mhz,6133334B,2026-08-16 19:28:52.000Z,-39,60.956900,-138.033854
radio434mhz,6133334B,2026-08-16 19:28:55.000Z,-37,60.956897,-138.033837
radio434mhz,6133334B,2026-08-16 19:28:57.000Z,-39,60.956900,-138.033785
bluetooth,D2A3B933,2026-08-16 19:28:58.000Z,-61,60.956900,-138.033785,7478,2,0,1571,19.99
radio434mhz,6133334B,2026-08-16 19:29:00.000Z,-39,60.956923,-138.033750
radio434mhz,6133334B,2026-08-16 19:29:02.000Z,-39,60.956923,-138.033750
radio434mhz,6133334B,2026-08-16 19:29:04.000Z,-41,60.956947,-138.033742
radio434mhz,6133334B,2026-08-16 19:29:07.000Z,-41,60.956960,-138.033775
radio434mhz,6133334B,2026-08-16 19:29:09.000Z,-39,60.956952,-138.033809
radio434mhz,6133334B,2026-08-16 19:29:12.000Z,-39,60.956943,-138.033849
radio434mhz,6133334B,2026-08-16 19:29:14.000Z,-38,60.956954,-138.033881
radio434mhz,6133334B,2026-08-16 19:29:16.000Z,-36,60.956973,-138.033863
bluetooth,D2A3B933,2026-08-16 19:29:18.000Z,-41,60.956973,-138.033863,43486,2,0,1572,19.83
radio434mhz,6133334B,2026-08-16 19:29:19.000Z,-39,60.956985,-138.033855
radio434mhz,6133334B,2026-08-16 19:29:21.000Z,-39,60.956985,-138.033855
radio434mhz,6133334B,2026-08-16 19:29:24.000Z,-39,60.957002,-138.033847
radio434mhz,6133334B,2026-08-16 19:29:26.000Z,-38,60.957012,-138.033864
radio434mhz,6133334B,2026-08-16 19:29:28.000Z,-40,60.957031,-138.033855
bluetooth,D2A3B933,2026-08-16 19:29:28.000Z,-51,60.957031,-138.033855,25412,2,0,1572,19.86
radio434mhz,6133334B,2026-08-16 19:29:31.000Z,-39,60.957048,-138.033828
radio434mhz,6133334B,2026-08-16 19:29:33.000Z,-36,60.957071,-138.033776
radio434mhz,6133334B,2026-08-16 19:29:36.000Z,-41,60.957086,-138.033745
radio434mhz,6133334B,2026-08-16 19:29:38.000Z,-39,60.957122,-138.033705
bluetooth,D2A3B933,2026-08-16 19:29:38.000Z,-38,60.957122,-138.033705,32359,2,0,1571,19.91
radio434mhz,6133334B,2026-08-16 19:29:40.000Z,-40,60.957143,-138.033714
radio434mhz,6133334B,2026-08-16 19:29:43.000Z,-40,60.957166,-138.033697
radio434mhz,6133334B,2026-08-16 19:29:45.000Z,-40,60.957182,-138.033659
radio434mhz,6133334B,2026-08-16 19:29:48.000Z,-40,60.957198,-138.033581
bluetooth,D2A3B933,2026-08-16 19:29:48.000Z,-33,60.957198,-138.033581,688,2,0,1571,19.76
radio434mhz,6133334B,2026-08-16 19:29:50.000Z,-36,60.957198,-138.033581
radio434mhz,6133334B,2026-08-16 19:29:52.000Z,-40,60.957217,-138.033592
radio434mhz,6133334B,2026-08-16 19:29:55.000Z,-40,60.957231,-138.033607
radio434mhz,6133334B,2026-08-16 19:29:57.000Z,-40,60.957257,-138.033613
bluetooth,D2A3B933,2026-08-16 19:29:58.000Z,-48,60.957257,-138.033613,539,2,0,1573,19.63
radio434mhz,6133334B,2026-08-16 19:30:00.000Z,-41,60.957266,-138.033626
radio434mhz,6133334B,2026-08-16 19:30:02.000Z,-39,60.957289,-138.033611
radio434mhz,6133334B,2026-08-16 19:30:04.000Z,-38,60.957305,-138.033604
radio434mhz,6133334B,2026-08-16 19:30:07.000Z,-39,60.957326,-138.033600
bluetooth,D2A3B933,2026-08-16 19:30:08.000Z,-44,60.957326,-138.033600,30611,2,0,1571,19.71
radio434mhz,6133334B,2026-08-16 19:30:09.000Z,-40,60.957342,-138.033532
radio434mhz,6133334B,2026-08-16 19:30:12.000Z,-40,60.957357,-138.033490
radio434mhz,6133334B,2026-08-16 19:30:14.000Z,-39,60.957367,-138.033441
radio434mhz,6133334B,2026-08-16 19:30:16.000Z,-39,60.957374,-138.033403
bluetooth,D2A3B933,2026-08-16 19:30:19.000Z,-44,60.957374,-138.033403,43522,2,0,1571,19.81
radio434mhz,6133334B,2026-08-16 19:30:19.000Z,-39,60.957374,-138.033403
radio434mhz,6133334B,2026-08-16 19:30:21.000Z,-39,60.957370,-138.033292
radio434mhz,6133334B,2026-08-16 19:30:24.000Z,-39,60.957384,-138.033272
radio434mhz,D2F82D1E,2026-08-16 19:30:25.000Z,-112,60.957384,-138.033272
radio434mhz,6133334B,2026-08-16 19:30:26.000Z,-40,60.957384,-138.033272
radio434mhz,6133334B,2026-08-16 19:30:28.000Z,-39,60.957398,-138.033223
bluetooth,D2A3B933,2026-08-16 19:30:29.000Z,-49,60.957398,-138.033223,19856,2,0,1573,19.61
radio434mhz,6133334B,2026-08-16 19:30:31.000Z,-39,60.957380,-138.033168
radio434mhz,6133334B,2026-08-16 19:30:33.000Z,-38,60.957361,-138.033136
radio434mhz,6133334B,2026-08-16 19:30:36.000Z,-40,60.957342,-138.033110
radio434mhz,6133334B,2026-08-16 19:30:38.000Z,-40,60.957331,-138.033065
bluetooth,D2A3B933,2026-08-16 19:30:38.000Z,-31,60.957327,-138.033021,9846,2,0,1571,19.86
radio434mhz,6133334B,2026-08-16 19:30:40.000Z,-39,60.957327,-138.033021
radio434mhz,52782D1E,2026-08-16 19:30:41.000Z,-112,60.957335,-138.032970
radio434mhz,6133334B,2026-08-16 19:30:43.000Z,-39,60.957335,-138.032970
radio434mhz,6133334B,2026-08-16 19:30:45.000Z,-38,60.957326,-138.032936
radio434mhz,6133334B,2026-08-16 19:30:48.000Z,-38,60.957337,-138.032900
bluetooth,D2A3B933,2026-08-16 19:30:49.000Z,-40,60.957366,-138.032889,26848,2,0,1571,19.83
radio434mhz,6133334B,2026-08-16 19:30:50.000Z,-37,60.957366,-138.032889
radio434mhz,52782D1E,2026-08-16 19:30:51.000Z,-109,60.957388,-138.032853
radio434mhz,6133334B,2026-08-16 19:30:52.000Z,-38,60.957388,-138.032853
radio434mhz,6133334B,2026-08-16 19:30:55.000Z,-39,60.957387,-138.032793
radio434mhz,6133334B,2026-08-16 19:30:57.000Z,-37,60.957386,-138.032741
bluetooth,D2A3B933,2026-08-16 19:30:59.000Z,-47,60.957390,-138.032706,15669,2,0,1571,19.86
radio434mhz,6133334B,2026-08-16 19:31:00.000Z,-39,60.957390,-138.032706
radio434mhz,6133334B,2026-08-16 19:31:02.000Z,-39,60.957396,-138.032654
radio434mhz,6133334B,2026-08-16 19:31:04.000Z,-40,60.957405,-138.032635
radio434mhz,6133334B,2026-08-16 19:31:07.000Z,-34,60.957420,-138.032594
bluetooth,D2A3B933,2026-08-16 19:31:09.000Z,-42,60.957430,-138.032546,2870,2,0,1572,19.86
radio434mhz,6133334B,2026-08-16 19:31:09.000Z,-39,60.957430,-138.032546
radio434mhz,6133334B,2026-08-16 19:31:12.000Z,-38,60.957455,-138.032556
radio434mhz,6133334B,2026-08-16 19:31:14.000Z,-40,60.957488,-138.032544
radio434mhz,6133334B,2026-08-16 19:31:16.000Z,-38,60.957490,-138.032498
radio434mhz,6133334B,2026-08-16 19:31:19.000Z,-38,60.957467,-138.032451
radio434mhz,6133334B,2026-08-16 19:31:21.000Z,-39,60.957447,-138.032402
radio434mhz,52782D1E,2026-08-16 19:31:23.000Z,-106,60.957447,-138.032402
radio434mhz,6133334B,2026-08-16 19:31:24.000Z,-36,60.957422,-138.032375
radio434mhz,6133334B,2026-08-16 19:31:26.000Z,-60,60.957422,-138.032375
radio434mhz,6133334B,2026-08-16 19:31:28.000Z,-39,60.957422,-138.032291
bluetooth,D2A3B933,2026-08-16 19:31:29.000Z,-35,60.957422,-138.032291,59732,2,0,1571,19.86
radio434mhz,52782D1E,2026-08-16 19:31:29.000Z,-108,60.957422,-138.032291
radio434mhz,6133334B,2026-08-16 19:31:31.000Z,-38,60.957422,-138.032291
radio434mhz,52782D1E,2026-08-16 19:31:33.000Z,-103,60.957425,-138.032236
radio434mhz,6133334B,2026-08-16 19:31:33.000Z,-40,60.957425,-138.032236
radio434mhz,6133334B,2026-08-16 19:31:36.000Z,-37,60.957410,-138.032170
radio434mhz,52782D1E,2026-08-16 19:31:36.000Z,-107,60.957410,-138.032170
radio434mhz,6133334B,2026-08-16 19:31:38.000Z,-38,60.957406,-138.032121
bluetooth,D2A3B933,2026-08-16 19:31:39.000Z,-28,60.957406,-138.032121,9535,2,0,1572,19.61
radio434mhz,52782D1E,2026-08-16 19:31:39.000Z,-103,60.957418,-138.032112
radio434mhz,6133334B,2026-08-16 19:31:40.000Z,-38,60.957418,-138.032112
radio434mhz,6133334B,2026-08-16 19:31:43.000Z,-39,60.957439,-138.032093
radio434mhz,6133334B,2026-08-16 19:31:45.000Z,-40,60.957449,-138.032083
radio434mhz,52782D1E,2026-08-16 19:31:45.000Z,-104,60.957449,-138.032083
radio434mhz,6133334B,2026-08-16 19:31:48.000Z,-40,60.957464,-138.032051
bluetooth,D2A3B933,2026-08-16 19:31:49.000Z,-55,60.957463,-138.032007,37746,2,0,1572,19.66
radio434mhz,52782D1E,2026-08-16 19:31:49.000Z,-106,60.957463,-138.032007
radio434mhz,6133334B,2026-08-16 19:31:50.000Z,-38,60.957463,-138.032007
radio434mhz,6133334B,2026-08-16 19:31:52.000Z,-37,60.957472,-138.031961
radio434mhz,6133334B,2026-08-16 19:31:55.000Z,-40,60.957483,-138.031898
radio434mhz,52782D1E,2026-08-16 19:31:55.000Z,-102,60.957483,-138.031898
radio434mhz,6133334B,2026-08-16 19:31:57.000Z,-40,60.957478,-138.031854
radio434mhz,52782D1E,2026-08-16 19:31:59.000Z,-100,60.957478,-138.031854
bluetooth,D2A3B933,2026-08-16 19:31:59.000Z,-32,60.957478,-138.031854,42250,2,0,1572,19.68
radio434mhz,6133334B,2026-08-16 19:32:00.000Z,-37,60.957478,-138.031854
radio434mhz,52782D1E,2026-08-16 19:32:02.000Z,-104,60.957478,-138.031854
radio434mhz,6133334B,2026-08-16 19:32:02.000Z,-36,60.957478,-138.031854
radio434mhz,6133334B,2026-08-16 19:32:04.000Z,-36,60.957478,-138.031854
radio434mhz,52782D1E,2026-08-16 19:32:05.000Z,-104,60.957464,-138.031850
radio434mhz,6133334B,2026-08-16 19:32:07.000Z,-43,60.957464,-138.031850
radio434mhz,52782D1E,2026-08-16 19:32:08.000Z,-107,60.957464,-138.031850
bluetooth,D2A3B933,2026-08-16 19:32:09.000Z,-30,60.957467,-138.031853,64270,2,0,1573,19.99
radio434mhz,6133334B,2026-08-16 19:32:09.000Z,-37,60.957467,-138.031853
radio434mhz,6133334B,2026-08-16 19:32:12.000Z,-38,60.957467,-138.031853
radio434mhz,6133334B,2026-08-16 19:32:14.000Z,-38,60.957467,-138.031853
radio434mhz,6133334B,2026-08-16 19:32:16.000Z,-37,60.957467,-138.031853
bluetooth,D2A3B933,2026-08-16 19:32:19.000Z,-45,60.957461,-138.031864,56783,2,0,1574,20.11
radio434mhz,6133334B,2026-08-16 19:32:19.000Z,-37,60.957461,-138.031864
radio434mhz,52782D1E,2026-08-16 19:32:21.000Z,-109,60.957461,-138.031864
radio434mhz,6133334B,2026-08-16 19:32:21.000Z,-37,60.957461,-138.031864
radio434mhz,6133334B,2026-08-16 19:32:24.000Z,-37,60.957461,-138.031864
radio434mhz,52782D1E,2026-08-16 19:32:24.000Z,-108,60.957454,-138.031885
radio434mhz,6133334B,2026-08-16 19:32:26.000Z,-37,60.957454,-138.031885
radio434mhz,52782D1E,2026-08-16 19:32:27.000Z,-106,60.957454,-138.031885
radio434mhz,6133334B,2026-08-16 19:32:28.000Z,-37,60.957454,-138.031885
radio434mhz,52782D1E,2026-08-16 19:32:31.000Z,-103,60.957454,-138.031885
radio434mhz,6133334B,2026-08-16 19:32:31.000Z,-37,60.957459,-138.031899
radio434mhz,6133334B,2026-08-16 19:32:33.000Z,-37,60.957459,-138.031899
radio434mhz,52782D1E,2026-08-16 19:32:34.000Z,-107,60.957463,-138.031892
radio434mhz,6133334B,2026-08-16 19:32:36.000Z,-37,60.957463,-138.031892
radio434mhz,6133334B,2026-08-16 19:32:38.000Z,-37,60.957463,-138.031892
radio434mhz,6133334B,2026-08-16 19:32:40.000Z,-37,60.957463,-138.031898
radio434mhz,6133334B,2026-08-16 19:32:43.000Z,-37,60.957463,-138.031898
radio434mhz,6133334B,2026-08-16 19:32:45.000Z,-37,60.957462,-138.031898
radio434mhz,6133334B,2026-08-16 19:32:47.000Z,-37,60.957462,-138.031898
bluetooth,D2A3B933,2026-08-16 19:32:49.000Z,-45,60.957462,-138.031899,16532,2,0,1572,20.44
radio434mhz,6133334B,2026-08-16 19:32:50.000Z,-42,60.957462,-138.031899
radio434mhz,52782D1E,2026-08-16 19:32:50.000Z,-108,60.957462,-138.031899
radio434mhz,6133334B,2026-08-16 19:32:52.000Z,-42,60.957462,-138.031899
radio434mhz,52782D1E,2026-08-16 19:32:53.000Z,-108,60.957462,-138.031899
radio434mhz,6133334B,2026-08-16 19:32:55.000Z,-40,60.957462,-138.031899
radio434mhz,6133334B,2026-08-16 19:32:57.000Z,-43,60.957463,-138.031877
bluetooth,D2A3B933,2026-08-16 19:32:59.000Z,-31,60.957463,-138.031877,29664,2,0,1572,20.59
radio434mhz,6133334B,2026-08-16 19:32:59.000Z,-39,60.957461,-138.031834
radio434mhz,52782D1E,2026-08-16 19:33:00.000Z,-108,60.957461,-138.031834
radio434mhz,6133334B,2026-08-16 19:33:02.000Z,-41,60.957462,-138.031801
radio434mhz,52782D1E,2026-08-16 19:33:03.000Z,-108,60.957462,-138.031801
radio434mhz,6133334B,2026-08-16 19:33:04.000Z,-42,60.957462,-138.031801
radio434mhz,2A2A2A2D,2026-08-16 19:33:05.000Z,-108,60.957438,-138.031757
radio434mhz,52782D1E,2026-08-16 19:33:06.000Z,-99,60.957438,-138.031757
radio434mhz,6133334B,2026-08-16 19:33:07.000Z,-45,60.957438,-138.031757
radio434mhz,2A2A2A2D,2026-08-16 19:33:08.000Z,-103,60.957430,-138.031720
bluetooth,D2A3B933,2026-08-16 19:33:09.000Z,-45,60.957430,-138.031720,54223,2,0,1572,20.21
radio434mhz,6133334B,2026-08-16 19:33:09.000Z,-39,60.957430,-138.031720
radio434mhz,52782D1E,2026-08-16 19:33:09.000Z,-97,60.957408,-138.031661
radio434mhz,6133334B,2026-08-16 19:33:11.000Z,-40,60.957408,-138.031661
radio434mhz,2A2A2A2D,2026-08-16 19:33:12.000Z,-108,60.957387,-138.031607
radio434mhz,52782D1E,2026-08-16 19:33:12.000Z,-109,60.957387,-138.031607
radio434mhz,6133334B,2026-08-16 19:33:14.000Z,-40,60.957387,-138.031607
radio434mhz,2A2A2A2D,2026-08-16 19:33:15.000Z,-109,60.957393,-138.031561
radio434mhz,52782D1E,2026-08-16 19:33:16.000Z,-98,60.957393,-138.031561
radio434mhz,6133334B,2026-08-16 19:33:16.000Z,-39,60.957393,-138.031561
radio434mhz,6133334B,2026-08-16 19:33:18.000Z,-43,60.957403,-138.031505
bluetooth,D2A3B933,2026-08-16 19:33:19.000Z,-45,60.957411,-138.031462,64062,2,0,1572,20.42
radio434mhz,6133334B,2026-08-16 19:33:21.000Z,-43,60.957411,-138.031462
radio434mhz,52782D1E,2026-08-16 19:33:22.000Z,-102,60.957420,-138.031416
radio434mhz,6133334B,2026-08-16 19:33:23.000Z,-40,60.957420,-138.031416
radio434mhz,5552522A,2026-08-16 19:33:23.000Z,-108,60.957420,-138.031416
radio434mhz,52782D1E,2026-08-16 19:33:25.000Z,-95,60.957426,-138.031370
radio434mhz,2A2A2A2D,2026-08-16 19:33:25.000Z,-110,60.957426,-138.031370
radio434mhz,6133334B,2026-08-16 19:33:26.000Z,-41,60.957426,-138.031370
radio434mhz,6133334B,2026-08-16 19:33:28.000Z,-38,60.957423,-138.031329
radio434mhz,52782D1E,2026-08-16 19:33:28.000Z,-102,60.957423,-138.031329
radio434mhz,2A2A2A2D,2026-08-16 19:33:29.000Z,-108,60.957407,-138.031278
bluetooth,D2A3B933,2026-08-16 19:33:29.000Z,-26,60.957407,-138.031278,22744,2,0,1572,20.52
radio434mhz,6133334B,2026-08-16 19:33:30.000Z,-41,60.957407,-138.031278
radio434mhz,52782D1E,2026-08-16 19:33:32.000Z,-106,60.957389,-138.031235
radio434mhz,2A2A2A2D,2026-08-16 19:33:32.000Z,-105,60.957389,-138.031235
radio434mhz,5552522A,2026-08-16 19:33:33.000Z,-106,60.957389,-138.031235
radio434mhz,6133334B,2026-08-16 19:33:33.000Z,-39,60.957389,-138.031235
radio434mhz,52782D1E,2026-08-16 19:33:35.000Z,-100,60.957384,-138.031192
radio434mhz,6133334B,2026-08-16 19:33:35.000Z,-39,60.957384,-138.031192
radio434mhz,6133334B,2026-08-16 19:33:38.000Z,-41,60.957390,-138.031169
radio434mhz,52782D1E,2026-08-16 19:33:38.000Z,-103,60.957390,-138.031169
radio434mhz,2A2A2A2D,2026-08-16 19:33:39.000Z,-110,60.957400,-138.031127
bluetooth,D2A3B933,2026-08-16 19:33:39.000Z,-48,60.957400,-138.031127,17471,2,0,1572,20.14
radio434mhz,6133334B,2026-08-16 19:33:40.000Z,-39,60.957400,-138.031127
radio434mhz,52782D1E,2026-08-16 19:33:41.000Z,-99,60.957370,-138.031095
radio434mhz,5552522A,2026-08-16 19:33:42.000Z,-110,60.957370,-138.031095
radio434mhz,2A2A2A2D,2026-08-16 19:33:42.000Z,-105,60.957370,-138.031095
radio434mhz,6133334B,2026-08-16 19:33:42.000Z,-39,60.957370,-138.031095
radio434mhz,52782D1E,2026-08-16 19:33:45.000Z,-106,60.957346,-138.031106
radio434mhz,6133334B,2026-08-16 19:33:45.000Z,-41,60.957346,-138.031106
radio434mhz,6133334B,2026-08-16 19:33:47.000Z,-40,60.957313,-138.031180
radio434mhz,52782D1E,2026-08-16 19:33:48.000Z,-96,60.957287,-138.031188
bluetooth,D2A3B933,2026-08-16 19:33:49.000Z,-48,60.957287,-138.031188,18518,2,0,1571,20.21
radio434mhz,6133334B,2026-08-16 19:33:49.000Z,-40,60.957287,-138.031188
radio434mhz,5552522A,2026-08-16 19:33:51.000Z,-107,60.957252,-138.031159
radio434mhz,52782D1E,2026-08-16 19:33:51.000Z,-105,60.957252,-138.031159
radio434mhz,6133334B,2026-08-16 19:33:52.000Z,-41,60.957252,-138.031159
radio434mhz,2A2A2A2D,2026-08-16 19:33:52.000Z,-107,60.957252,-138.031159
radio434mhz,52782D1E,2026-08-16 19:33:54.000Z,-99,60.957229,-138.031145
radio434mhz,6133334B,2026-08-16 19:33:54.000Z,-44,60.957229,-138.031145
radio434mhz,2A2A2A2D,2026-08-16 19:33:56.000Z,-104,60.957200,-138.031093
radio434mhz,6133334B,2026-08-16 19:33:57.000Z,-42,60.957200,-138.031093
radio434mhz,5552522A,2026-08-16 19:33:57.000Z,-112,60.957200,-138.031093
radio434mhz,52782D1E,2026-08-16 19:33:57.000Z,-95,60.957200,-138.031093
bluetooth,D2A3B933,2026-08-16 19:33:59.000Z,-34,60.957167,-138.031065,48017,2,0,1571,19.99
radio434mhz,6133334B,2026-08-16 19:33:59.000Z,-42,60.957167,-138.031065
radio434mhz,2A2A2A2D,2026-08-16 19:33:59.000Z,-103,60.957167,-138.031065
radio434mhz,52782D1E,2026-08-16 19:34:01.000Z,-99,60.957167,-138.031065
radio434mhz,6133334B,2026-08-16 19:34:01.000Z,-38,60.957149,-138.031033
radio434mhz,6133334B,2026-08-16 19:34:04.000Z,-39,60.957124,-138.031016
radio434mhz,52782D1E,2026-08-16 19:34:04.000Z,-94,60.957124,-138.031016
radio434mhz,2A2A2A2D,2026-08-16 19:34:06.000Z,-98,60.957111,-138.030995
radio434mhz,5552522A,2026-08-16 19:34:06.000Z,-105,60.957111,-138.030995
radio434mhz,6133334B,2026-08-16 19:34:06.000Z,-41,60.957111,-138.030995
radio434mhz,52782D1E,2026-08-16 19:34:07.000Z,-95,60.957111,-138.030995
radio434mhz,6133334B,2026-08-16 19:34:09.000Z,-40,60.957086,-138.031015
bluetooth,D2A3B933,2026-08-16 19:34:09.000Z,-43,60.957086,-138.031015,25719,2,0,1571,19.91
radio434mhz,52782D1E,2026-08-16 19:34:10.000Z,-96,60.957086,-138.031015
radio434mhz,6133334B,2026-08-16 19:34:11.000Z,-41,60.957072,-138.031057
radio434mhz,2A2A2A2D,2026-08-16 19:34:13.000Z,-102,60.957072,-138.031057
radio434mhz,6133334B,2026-08-16 19:34:13.000Z,-42,60.957048,-138.031054
radio434mhz,52782D1E,2026-08-16 19:34:13.000Z,-96,60.957048,-138.031054
radio434mhz,6133334B,2026-08-16 19:34:16.000Z,-36,60.957020,-138.031032
radio434mhz,2A2A2A2D,2026-08-16 19:34:16.000Z,-104,60.957020,-138.031032
radio434mhz,52782D1E,2026-08-16 19:34:17.000Z,-95,60.957020,-138.031032
radio434mhz,6133334B,2026-08-16 19:34:18.000Z,-40,60.956997,-138.031003
radio434mhz,5552522A,2026-08-16 19:34:19.000Z,-108,60.956997,-138.031003
bluetooth,D2A3B933,2026-08-16 19:34:19.000Z,-43,60.956997,-138.031003,2783,2,0,1571,20.14
radio434mhz,2A2A2A2D,2026-08-16 19:34:19.000Z,-104,60.956997,-138.031003
radio434mhz,52782D1E,2026-08-16 19:34:20.000Z,-98,60.956997,-138.031003
radio434mhz,6133334B,2026-08-16 19:34:20.000Z,-42,60.956981,-138.030932
radio434mhz,5552522A,2026-08-16 19:34:22.000Z,-108,60.956981,-138.030932
radio434mhz,2A2A2A2D,2026-08-16 19:34:23.000Z,-102,60.956960,-138.030900
radio434mhz,6133334B,2026-08-16 19:34:23.000Z,-44,60.956960,-138.030900
radio434mhz,52782D1E,2026-08-16 19:34:23.000Z,-91,60.956960,-138.030900
radio434mhz,5552522A,2026-08-16 19:34:25.000Z,-107,60.956960,-138.030900
radio434mhz,6133334B,2026-08-16 19:34:25.000Z,-44,60.956965,-138.030833
radio434mhz,2A2A2A2D,2026-08-16 19:34:26.000Z,-107,60.956965,-138.030833
radio434mhz,52782D1E,2026-08-16 19:34:26.000Z,-109,60.956965,-138.030833
radio434mhz,5552522A,2026-08-16 19:34:28.000Z,-108,60.956955,-138.030784
radio434mhz,6133334B,2026-08-16 19:34:28.000Z,-37,60.956955,-138.030784
bluetooth,D2A3B933,2026-08-16 19:34:29.000Z,-47,60.956955,-138.030784,5681,2,0,1571,20.11
radio434mhz,2A2A2A2D,2026-08-16 19:34:30.000Z,-104,60.956955,-138.030784
radio434mhz,52782D1E,2026-08-16 19:34:30.000Z,-97,60.956955,-138.030784
radio434mhz,6133334B,2026-08-16 19:34:30.000Z,-41,60.956955,-138.030784
radio434mhz,5552522A,2026-08-16 19:34:31.000Z,-104,60.956955,-138.030784
radio434mhz,6133334B,2026-08-16 19:34:32.000Z,-37,60.956956,-138.030767
radio434mhz,52782D1E,2026-08-16 19:34:33.000Z,-95,60.956956,-138.030767
radio434mhz,2A2A2A2D,2026-08-16 19:34:33.000Z,-102,60.956956,-138.030767
radio434mhz,5552522A,2026-08-16 19:34:34.000Z,-103,60.956956,-138.030767
radio434mhz,6133334B,2026-08-16 19:34:35.000Z,-40,60.956958,-138.030723
radio434mhz,52782D1E,2026-08-16 19:34:36.000Z,-96,60.956958,-138.030723
radio434mhz,2A2A2A2D,2026-08-16 19:34:36.000Z,-102,60.956958,-138.030723
radio434mhz,6133334B,2026-08-16 19:34:37.000Z,-43,60.956946,-138.030668
bluetooth,D2A3B933,2026-08-16 19:34:39.000Z,-47,60.956946,-138.030668,28520,2,0,1571,19.91
radio434mhz,52782D1E,2026-08-16 19:34:39.000Z,-92,60.956923,-138.030674
radio434mhz,6133334B,2026-08-16 19:34:40.000Z,-39,60.956923,-138.030674
radio434mhz,2A2A2A2D,2026-08-16 19:34:40.000Z,-104,60.956923,-138.030674
radio434mhz,5552522A,2026-08-16 19:34:40.000Z,-110,60.956923,-138.030674
radio434mhz,6133334B,2026-08-16 19:34:42.000Z,-38,60.956889,-138.030719
radio434mhz,52782D1E,2026-08-16 19:34:42.000Z,-93,60.956889,-138.030719
radio434mhz,2A2A2A2D,2026-08-16 19:34:43.000Z,-101,60.956889,-138.030719
radio434mhz,6133334B,2026-08-16 19:34:44.000Z,-40,60.956861,-138.030704
radio434mhz,52782D1E,2026-08-16 19:34:46.000Z,-94,60.956861,-138.030704
radio434mhz,2A2A2A2D,2026-08-16 19:34:46.000Z,-105,60.956861,-138.030704
radio434mhz,6133334B,2026-08-16 19:34:47.000Z,-43,60.956861,-138.030704
radio434mhz,52782D1E,2026-08-16 19:34:49.000Z,-90,60.956844,-138.030672
bluetooth,D2A3B933,2026-08-16 19:34:49.000Z,-38,60.956844,-138.030672,62514,2,0,1572,19.96
radio434mhz,6133334B,2026-08-16 19:34:49.000Z,-40,60.956844,-138.030672
radio434mhz,2A2A2A2D,2026-08-16 19:34:50.000Z,-98,60.956826,-138.030675
radio434mhz,6133334B,2026-08-16 19:34:52.000Z,-41,60.956826,-138.030675
radio434mhz,52782D1E,2026-08-16 19:34:52.000Z,-106,60.956826,-138.030675
radio434mhz,6133334B,2026-08-16 19:34:54.000Z,-39,60.956815,-138.030712
radio434mhz,5552522A,2026-08-16 19:34:55.000Z,-109,60.956814,-138.030698
radio434mhz,52782D1E,2026-08-16 19:34:55.000Z,-94,60.956814,-138.030698
radio434mhz,6133334B,2026-08-16 19:34:56.000Z,-42,60.956814,-138.030698
radio434mhz,52782D1E,2026-08-16 19:34:59.000Z,-97,60.956800,-138.030678
radio434mhz,6133334B,2026-08-16 19:34:59.000Z,-41,60.956800,-138.030678
bluetooth,D2A3B933,2026-08-16 19:34:59.000Z,-53,60.956800,-138.030678,19611,2,0,1572,19.96
radio434mhz,2A2A2A2D,2026-08-16 19:35:00.000Z,-108,60.956779,-138.030618
radio434mhz,6133334B,2026-08-16 19:35:01.000Z,-38,60.956779,-138.030618
radio434mhz,52782D1E,2026-08-16 19:35:02.000Z,-93,60.956779,-138.030618
radio434mhz,2A2A2A2D,2026-08-16 19:35:03.000Z,-105,60.956777,-138.030542
radio434mhz,6133334B,2026-08-16 19:35:03.000Z,-38,60.956777,-138.030542
radio434mhz,5552522A,2026-08-16 19:35:04.000Z,-109,60.956777,-138.030542
radio434mhz,52782D1E,2026-08-16 19:35:05.000Z,-94,60.956777,-138.030542
radio434mhz,6133334B,2026-08-16 19:35:06.000Z,-42,60.956774,-138.030472
radio434mhz,5552522A,2026-08-16 19:35:07.000Z,-107,60.956774,-138.030472
radio434mhz,52782D1E,2026-08-16 19:35:08.000Z,-82,60.956778,-138.030417
radio434mhz,6133334B,2026-08-16 19:35:08.000Z,-42,60.956778,-138.030417
bluetooth,D2A3B933,2026-08-16 19:35:09.000Z,-45,60.956778,-138.030417,34545,2,0,1572,19.83
radio434mhz,2A2A2A2D,2026-08-16 19:35:10.000Z,-105,60.956780,-138.030372
radio434mhz,6133334B,2026-08-16 19:35:11.000Z,-41,60.956780,-138.030372
radio434mhz,52782D1E,2026-08-16 19:35:11.000Z,-99,60.956780,-138.030372
radio434mhz,6133334B,2026-08-16 19:35:13.000Z,-41,60.956783,-138.030319
radio434mhz,555252AA,2026-08-16 19:35:14.000Z,-108,60.956783,-138.030319
radio434mhz,52782D1E,2026-08-16 19:35:15.000Z,-90,60.956783,-138.030319
radio434mhz,6133334B,2026-08-16 19:35:15.000Z,-40,60.956783,-138.030268
radio434mhz,5552522A,2026-08-16 19:35:17.000Z,-105,60.956783,-138.030268
radio434mhz,6133334B,2026-08-16 19:35:18.000Z,-34,60.956789,-138.030247
radio434mhz,52782D1E,2026-08-16 19:35:18.000Z,-100,60.956789,-138.030247
bluetooth,D2A3B933,2026-08-16 19:35:19.000Z,-38,60.956789,-138.030247,22470,2,0,1572,20.04
radio434mhz,5552522A,2026-08-16 19:35:20.000Z,-106,60.956789,-138.030247
radio434mhz,6133334B,2026-08-16 19:35:20.000Z,-37,60.956789,-138.030247
radio434mhz,52782D1E,2026-08-16 19:35:21.000Z,-99,60.956787,-138.030245
radio434mhz,6133334B,2026-08-16 19:35:23.000Z,-37,60.956787,-138.030245
radio434mhz,52782D1E,2026-08-16 19:35:24.000Z,-96,60.956790,-138.030263
radio434mhz,6133334B,2026-08-16 19:35:25.000Z,-43,60.956790,-138.030263
radio434mhz,5552522A,2026-08-16 19:35:26.000Z,-107,60.956790,-138.030263
radio434mhz,2A2A2A2D,2026-08-16 19:35:27.000Z,-99,60.956773,-138.030254
radio434mhz,6133334B,2026-08-16 19:35:27.000Z,-38,60.956773,-138.030254
radio434mhz,52782D1E,2026-08-16 19:35:28.000Z,-97,60.956773,-138.030254
radio434mhz,5552522A,2026-08-16 19:35:29.000Z,-107,60.956773,-138.030254
bluetooth,D2A3B933,2026-08-16 19:35:29.000Z,-39,60.956751,-138.030251,65453,2,0,1571,19.83
radio434mhz,6133334B,2026-08-16 19:35:30.000Z,-41,60.956751,-138.030251
radio434mhz,2A2A2A2D,2026-08-16 19:35:30.000Z,-99,60.956751,-138.030251
radio434mhz,52782D1E,2026-08-16 19:35:31.000Z,-96,60.956751,-138.030251
radio434mhz,6133334B,2026-08-16 19:35:32.000Z,-43,60.956736,-138.030168
radio434mhz,2A2A2A2D,2026-08-16 19:35:34.000Z,-104,60.956736,-138.030168
radio434mhz,52782D1E,2026-08-16 19:35:34.000Z,-91,60.956736,-138.030168
radio434mhz,6133334B,2026-08-16 19:35:34.000Z,-39,60.956724,-138.030144
radio434mhz,5552522A,2026-08-16 19:35:35.000Z,-107,60.956724,-138.030144
radio434mhz,6133334B,2026-08-16 19:35:37.000Z,-43,60.956705,-138.030084
radio434mhz,2A2A2A2D,2026-08-16 19:35:37.000Z,-108,60.956705,-138.030084
radio434mhz,52782D1E,2026-08-16 19:35:37.000Z,-93,60.956705,-138.030084
radio434mhz,5552522A,2026-08-16 19:35:38.000Z,-103,60.956705,-138.030084
bluetooth,D2A3B933,2026-08-16 19:35:39.000Z,-36,60.956705,-138.030084,4549,2,0,1572,19.81
radio434mhz,6133334B,2026-08-16 19:35:39.000Z,-43,60.956705,-138.030084
radio434mhz,2A2A2A2D,2026-08-16 19:35:40.000Z,-103,60.956714,-138.030029
radio434mhz,5552522A,2026-08-16 19:35:41.000Z,-101,60.956714,-138.030029
radio434mhz,6133334B,2026-08-16 19:35:42.000Z,-40,60.956714,-138.030029
radio434mhz,52782D1E,2026-08-16 19:35:44.000Z,-96,60.956723,-138.029973
radio434mhz,2A2A2A2D,2026-08-16 19:35:44.000Z,-100,60.956723,-138.029973
radio434mhz,5552522A,2026-08-16 19:35:44.000Z,-100,60.956723,-138.029973
radio434mhz,6133334B,2026-08-16 19:35:44.000Z,-43,60.956723,-138.029973
radio434mhz,6133334B,2026-08-16 19:35:46.000Z,-44,60.956709,-138.029933
radio434mhz,52782D1E,2026-08-16 19:35:47.000Z,-95,60.956684,-138.029893
radio434mhz,2A2A2A2D,2026-08-16 19:35:47.000Z,-102,60.956684,-138.029893
radio434mhz,6133334B,2026-08-16 19:35:49.000Z,-43,60.956684,-138.029893
bluetooth,D2A3B933,2026-08-16 19:35:49.000Z,-32,60.956677,-138.029840,45391,2,0,1570,19.94
radio434mhz,52782D1E,2026-08-16 19:35:50.000Z,-88,60.956677,-138.029840
radio434mhz,5552522A,2026-08-16 19:35:50.000Z,-109,60.956677,-138.029840
radio434mhz,2A2A2A2D,2026-08-16 19:35:50.000Z,-96,60.956677,-138.029840
radio434mhz,6133334B,2026-08-16 19:35:51.000Z,-43,60.956677,-138.029840
radio434mhz,5552522A,2026-08-16 19:35:53.000Z,-108,60.956684,-138.029798
radio434mhz,52782D1E,2026-08-16 19:35:53.000Z,-91,60.956684,-138.029798
radio434mhz,6133334B,2026-08-16 19:35:54.000Z,-45,60.956684,-138.029798
radio434mhz,2A2A2A2D,2026-08-16 19:35:54.000Z,-100,60.956680,-138.029768
radio434mhz,6133334B,2026-08-16 19:35:56.000Z,-42,60.956680,-138.029768
radio434mhz,5552522A,2026-08-16 19:35:56.000Z,-102,60.956680,-138.029768
radio434mhz,52782D1E,2026-08-16 19:35:56.000Z,-89,60.956680,-138.029768
radio434mhz,2A2A2A2D,2026-08-16 19:35:57.000Z,-106,60.956646,-138.029725
radio434mhz,6133334B,2026-08-16 19:35:58.000Z,-42,60.956646,-138.029725
bluetooth,D2A3B933,2026-08-16 19:35:59.000Z,-39,60.956629,-138.029680,20243,2,0,1571,19.96
radio434mhz,52782D1E,2026-08-16 19:36:00.000Z,-98,60.956629,-138.029680
radio434mhz,6133334B,2026-08-16 19:36:01.000Z,-48,60.956629,-138.029680
radio434mhz,2A2A2A2D,2026-08-16 19:36:01.000Z,-101,60.956629,-138.029680
radio434mhz,5552522A,2026-08-16 19:36:02.000Z,-101,60.956613,-138.029662
radio434mhz,52782D1E,2026-08-16 19:36:03.000Z,-95,60.956613,-138.029662
radio434mhz,6133334B,2026-08-16 19:36:03.000Z,-45,60.956613,-138.029662
radio434mhz,2A2A2A2D,2026-08-16 19:36:04.000Z,-97,60.956613,-138.029662
radio434mhz,6133334B,2026-08-16 19:36:05.000Z,-45,60.956594,-138.029657
radio434mhz,52782D1E,2026-08-16 19:36:06.000Z,-95,60.956594,-138.029657
radio434mhz,2A2A2A2D,2026-08-16 19:36:08.000Z,-101,60.956589,-138.029595
radio434mhz,6133334B,2026-08-16 19:36:08.000Z,-43,60.956589,-138.029595
radio434mhz,5552522A,2026-08-16 19:36:09.000Z,-106,60.956589,-138.029595
bluetooth,D2A3B933,2026-08-16 19:36:09.000Z,-32,60.956589,-138.029595,61631,2,0,1572,20.14
radio434mhz,52782D1E,2026-08-16 19:36:09.000Z,-90,60.956589,-138.029595
radio434mhz,6133334B,2026-08-16 19:36:10.000Z,-40,60.956604,-138.029536
radio434mhz,2A2A2A2D,2026-08-16 19:36:11.000Z,-95,60.956604,-138.029536
radio434mhz,5552522A,2026-08-16 19:36:12.000Z,-104,60.956604,-138.029536
radio434mhz,6133334B,2026-08-16 19:36:13.000Z,-40,60.956632,-138.029489
radio434mhz,52782D1E,2026-08-16 19:36:13.000Z,-83,60.956632,-138.029489
radio434mhz,2A2A2A2D,2026-08-16 19:36:14.000Z,-96,60.956650,-138.029445
radio434mhz,5552522A,2026-08-16 19:36:15.000Z,-102,60.956650,-138.029445
radio434mhz,6133334B,2026-08-16 19:36:15.000Z,-40,60.956650,-138.029445
radio434mhz,52782D1E,2026-08-16 19:36:16.000Z,-86,60.956650,-138.029445
radio434mhz,6133334B,2026-08-16 19:36:17.000Z,-40,60.956685,-138.029449
radio434mhz,2A2A2A2D,2026-08-16 19:36:18.000Z,-86,60.956685,-138.029449
radio434mhz,5552522A,2026-08-16 19:36:18.000Z,-101,60.956685,-138.029449
radio434mhz,52782D1E,2026-08-16 19:36:19.000Z,-91,60.956691,-138.029403
bluetooth,D2A3B933,2026-08-16 19:36:19.000Z,-41,60.956691,-138.029403,37773,2,0,1572,20.16
radio434mhz,6133334B,2026-08-16 19:36:20.000Z,-41,60.956691,-138.029403
radio434mhz,2A2A2A2D,2026-08-16 19:36:21.000Z,-89,60.956691,-138.029403
radio434mhz,6133334B,2026-08-16 19:36:22.000Z,-42,60.956685,-138.029356
radio434mhz,52782D1E,2026-08-16 19:36:22.000Z,-93,60.956685,-138.029356
radio434mhz,5552522A,2026-08-16 19:36:24.000Z,-100,60.956685,-138.029356
radio434mhz,2A2A2A2D,2026-08-16 19:36:24.000Z,-90,60.956671,-138.029311
radio434mhz,6133334B,2026-08-16 19:36:25.000Z,-41,60.956671,-138.029311
radio434mhz,52782D1E,2026-08-16 19:36:26.000Z,-90,60.956671,-138.029311
radio434mhz,5552522A,2026-08-16 19:36:27.000Z,-101,60.956647,-138.029266
radio434mhz,6133334B,2026-08-16 19:36:27.000Z,-41,60.956647,-138.029266
radio434mhz,2A2A2A2D,2026-08-16 19:36:28.000Z,-96,60.956647,-138.029266
radio434mhz,52782D1E,2026-08-16 19:36:29.000Z,-101,60.956647,-138.029266
radio434mhz,6133334B,2026-08-16 19:36:29.000Z,-40,60.956627,-138.029200
radio434mhz,5552522A,2026-08-16 19:36:30.000Z,-103,60.956627,-138.029200
radio434mhz,2A2A2A2D,2026-08-16 19:36:31.000Z,-90,60.956627,-138.029200
radio434mhz,6133334B,2026-08-16 19:36:32.000Z,-41,60.956627,-138.029200
radio434mhz,52782D1E,2026-08-16 19:36:32.000Z,-98,60.956595,-138.029180
radio434mhz,6133334B,2026-08-16 19:36:34.000Z,-42,60.956595,-138.029180
radio434mhz,2A2A2A2D,2026-08-16 19:36:34.000Z,-96,60.956595,-138.029180
radio434mhz,52782D1E,2026-08-16 19:36:35.000Z,-99,60.956593,-138.029123
radio434mhz,5552522A,2026-08-16 19:36:36.000Z,-97,60.956593,-138.029123
radio434mhz,6133334B,2026-08-16 19:36:36.000Z,-42,60.956593,-138.029123
radio434mhz,2A2A2A2D,2026-08-16 19:36:38.000Z,-90,60.956573,-138.029082
radio434mhz,52782D1E,2026-08-16 19:36:38.000Z,-96,60.956573,-138.029082
radio434mhz,6133334B,2026-08-16 19:36:39.000Z,-41,60.956573,-138.029082
radio434mhz,5552522A,2026-08-16 19:36:39.000Z,-106,60.956573,-138.029082
bluetooth,D2A3B933,2026-08-16 19:36:39.000Z,-44,60.956573,-138.029082,50331,2,0,1572,20.19
radio434mhz,2A2A2A2D,2026-08-16 19:36:41.000Z,-97,60.956571,-138.029047
radio434mhz,6133334B,2026-08-16 19:36:41.000Z,-42,60.956571,-138.029047
radio434mhz,52782D1E,2026-08-16 19:36:41.000Z,-96,60.956571,-138.029047
radio434mhz,5552522A,2026-08-16 19:36:42.000Z,-101,60.956571,-138.029047
radio434mhz,6133334B,2026-08-16 19:36:44.000Z,-41,60.956557,-138.028999
radio434mhz,2A2A2A2D,2026-08-16 19:36:44.000Z,-90,60.956557,-138.028999
radio434mhz,52782D1E,2026-08-16 19:36:45.000Z,-99,60.956556,-138.028950
radio434mhz,5552522A,2026-08-16 19:36:45.000Z,-99,60.956556,-138.028950
radio434mhz,6133334B,2026-08-16 19:36:46.000Z,-40,60.956556,-138.028950
bluetooth,159D4503,2026-08-16 19:36:46.000Z,-84,60.956556,-138.028950,2034,2,0,1554,32.02
radio434mhz,52782D1E,2026-08-16 19:36:48.000Z,-99,60.956512,-138.028966
radio434mhz,2A2A2A2D,2026-08-16 19:36:48.000Z,-87,60.956512,-138.028966
radio434mhz,5552522A,2026-08-16 19:36:48.000Z,-95,60.956512,-138.028966
radio434mhz,6133334B,2026-08-16 19:36:48.000Z,-40,60.956512,-138.028966
bluetooth,D2A3B933,2026-08-16 19:36:49.000Z,-37,60.956512,-138.028966,44488,2,0,1572,19.96
radio434mhz,6133334B,2026-08-16 19:36:51.000Z,-41,60.956500,-138.028926
radio434mhz,52782D1E,2026-08-16 19:36:51.000Z,-100,60.956500,-138.028926
radio434mhz,5552522A,2026-08-16 19:36:51.000Z,-95,60.956500,-138.028926
radio434mhz,2A2A2A2D,2026-08-16 19:36:51.000Z,-91,60.956500,-138.028926
radio434mhz,6133334B,2026-08-16 19:36:53.000Z,-40,60.956507,-138.028858
radio434mhz,52782D1E,2026-08-16 19:36:54.000Z,-96,60.956507,-138.028858
radio434mhz,5552522A,2026-08-16 19:36:54.000Z,-99,60.956507,-138.028858
radio434mhz,2A2A2A2D,2026-08-16 19:36:55.000Z,-98,60.956507,-138.028858
radio434mhz,6133334B,2026-08-16 19:36:56.000Z,-40,60.956486,-138.028823
radio434mhz,5552522A,2026-08-16 19:36:57.000Z,-99,60.956480,-138.028761
radio434mhz,52782D1E,2026-08-16 19:36:58.000Z,-100,60.956480,-138.028761
radio434mhz,6133334B,2026-08-16 19:36:58.000Z,-40,60.956480,-138.028761
radio434mhz,2A2A2A2D,2026-08-16 19:36:58.000Z,-91,60.956480,-138.028761
bluetooth,D2A3B933,2026-08-16 19:36:59.000Z,-40,60.956480,-138.028761,32485,2,0,1572,19.99
radio434mhz,6133334B,2026-08-16 19:37:00.000Z,-41,60.956460,-138.028720
radio434mhz,5552522A,2026-08-16 19:37:01.000Z,-99,60.956460,-138.028720
radio434mhz,52782D1E,2026-08-16 19:37:01.000Z,-99,60.956460,-138.028720
radio434mhz,2A2A2A2D,2026-08-16 19:37:02.000Z,-87,60.956460,-138.028720
radio434mhz,6133334B,2026-08-16 19:37:03.000Z,-40,60.956448,-138.028695
radio434mhz,5552522A,2026-08-16 19:37:04.000Z,-99,60.956448,-138.028695
radio434mhz,52782D1E,2026-08-16 19:37:04.000Z,-106,60.956448,-138.028695
radio434mhz,2A2A2A2D,2026-08-16 19:37:05.000Z,-95,60.956430,-138.028654
radio434mhz,6133334B,2026-08-16 19:37:05.000Z,-41,60.956430,-138.028654
radio434mhz,5552522A,2026-08-16 19:37:07.000Z,-99,60.956430,-138.028654
radio434mhz,6133334B,2026-08-16 19:37:07.000Z,-40,60.956441,-138.028594
radio434mhz,2A2A2A2D,2026-08-16 19:37:08.000Z,-97,60.956441,-138.028594
bluetooth,D2A3B933,2026-08-16 19:37:09.000Z,-47,60.956418,-138.028577,59108,2,0,1572,20.01
radio434mhz,5552522A,2026-08-16 19:37:10.000Z,-105,60.956418,-138.028577
radio434mhz,6133334B,2026-08-16 19:37:10.000Z,-41,60.956418,-138.028577
radio434mhz,52782D1E,2026-08-16 19:37:11.000Z,-109,60.956418,-138.028577
radio434mhz,2A2A2A2D,2026-08-16 19:37:12.000Z,-85,60.956418,-138.028577
radio434mhz,6133334B,2026-08-16 19:37:12.000Z,-40,60.956418,-138.028577
radio434mhz,5552522A,2026-08-16 19:37:13.000Z,-96,60.956392,-138.028580
radio434mhz,52782D1E,2026-08-16 19:37:14.000Z,-108,60.956392,-138.028580
radio434mhz,6133334B,2026-08-16 19:37:15.000Z,-45,60.956392,-138.028580
radio434mhz,2A2A2A2D,2026-08-16 19:37:15.000Z,-80,60.956392,-138.028580
radio434mhz,5552522A,2026-08-16 19:37:16.000Z,-101,60.956370,-138.028589
radio434mhz,52782D1E,2026-08-16 19:37:17.000Z,-109,60.956370,-138.028589
radio434mhz,6133334B,2026-08-16 19:37:17.000Z,-42,60.956370,-138.028589
radio434mhz,2A2A2A2D,2026-08-16 19:37:18.000Z,-76,60.956347,-138.028612
radio434mhz,5552522A,2026-08-16 19:37:19.000Z,-106,60.956347,-138.028612
radio434mhz,6133334B,2026-08-16 19:37:19.000Z,-46,60.956347,-138.028612
bluetooth,D2A3B933,2026-08-16 19:37:19.000Z,-50,60.956347,-138.028612,48876,2,0,1571,20.09
radio434mhz,52782D1E,2026-08-16 19:37:20.000Z,-107,60.956322,-138.028615
radio434mhz,2A2A2A2D,2026-08-16 19:37:22.000Z,-93,60.956322,-138.028615
radio434mhz,6133334B,2026-08-16 19:37:22.000Z,-41,60.956322,-138.028615
radio434mhz,5552522A,2026-08-16 19:37:22.000Z,-101,60.956322,-138.028615
radio434mhz,52782D1E,2026-08-16 19:37:23.000Z,-105,60.956310,-138.028564
radio434mhz,6133334B,2026-08-16 19:37:24.000Z,-43,60.956310,-138.028564
radio434mhz,5552522A,2026-08-16 19:37:25.000Z,-99,60.956310,-138.028564
radio434mhz,2A2A2A2D,2026-08-16 19:37:25.000Z,-89,60.956310,-138.028564
radio434mhz,6133334B,2026-08-16 19:37:27.000Z,-46,60.956297,-138.028538
radio434mhz,52782D1E,2026-08-16 19:37:27.000Z,-100,60.956297,-138.028538
radio434mhz,5552522A,2026-08-16 19:37:28.000Z,-95,60.956275,-138.028485
radio434mhz,2A2A2A2D,2026-08-16 19:37:28.000Z,-87,60.956275,-138.028485
radio434mhz,6133334B,2026-08-16 19:37:29.000Z,-41,60.956275,-138.028485
bluetooth,D2A3B933,2026-08-16 19:37:29.000Z,-32,60.956275,-138.028485,29463,2,0,1572,19.83
radio434mhz,52782D1E,2026-08-16 19:37:30.000Z,-106,60.956275,-138.028485
radio434mhz,5552522A,2026-08-16 19:37:31.000Z,-102,60.956272,-138.028447
radio434mhz,6133334B,2026-08-16 19:37:31.000Z,-40,60.956272,-138.028447
radio434mhz,2A2A2A2D,2026-08-16 19:37:32.000Z,-90,60.956272,-138.028447
radio434mhz,52782D1E,2026-08-16 19:37:33.000Z,-103,60.956262,-138.028441
radio434mhz,6133334B,2026-08-16 19:37:34.000Z,-41,60.956262,-138.028441
radio434mhz,5552522A,2026-08-16 19:37:34.000Z,-98,60.956262,-138.028441
radio434mhz,2A2A2A2D,2026-08-16 19:37:35.000Z,-79,60.956244,-138.028418
radio434mhz,6133334B,2026-08-16 19:37:36.000Z,-37,60.956244,-138.028418
radio434mhz,52782D1E,2026-08-16 19:37:36.000Z,-103,60.956244,-138.028418
radio434mhz,5552522A,2026-08-16 19:37:37.000Z,-97,60.956244,-138.028418
radio434mhz,6133334B,2026-08-16 19:37:38.000Z,-39,60.956232,-138.028381
radio434mhz,2A2A2A2D,2026-08-16 19:37:39.000Z,-87,60.956232,-138.028381
radio434mhz,52782D1E,2026-08-16 19:37:39.000Z,-104,60.956232,-138.028381
bluetooth,D2A3B933,2026-08-16 19:37:40.000Z,-32,60.956232,-138.028381,43943,2,0,1573,19.89
radio434mhz,5552522A,2026-08-16 19:37:40.000Z,-100,60.956234,-138.028344
radio434mhz,6133334B,2026-08-16 19:37:41.000Z,-39,60.956234,-138.028344
radio434mhz,2A2A2A2D,2026-08-16 19:37:42.000Z,-78,60.956234,-138.028344
radio434mhz,6133334B,2026-08-16 19:37:43.000Z,-40,60.956240,-138.028290
radio434mhz,5552522A,2026-08-16 19:37:43.000Z,-97,60.956240,-138.028290
radio434mhz,2A2A2A2D,2026-08-16 19:37:46.000Z,-79,60.956226,-138.028250
radio434mhz,6133334B,2026-08-16 19:37:46.000Z,-45,60.956226,-138.028250
radio434mhz,5552522A,2026-08-16 19:37:46.000Z,-108,60.956226,-138.028250
radio434mhz,6133334B,2026-08-16 19:37:48.000Z,-43,60.956203,-138.028226
radio434mhz,2A2A2A2D,2026-08-16 19:37:49.000Z,-79,60.956203,-138.028226
radio434mhz,52782D1E,2026-08-16 19:37:49.000Z,-107,60.956203,-138.028226
bluetooth,D2A3B933,2026-08-16 19:37:50.000Z,-42,60.956203,-138.028226,6013,2,0,1572,19.86
radio434mhz,5552522A,2026-08-16 19:37:50.000Z,-108,60.956203,-138.028226
radio434mhz,6133334B,2026-08-16 19:37:50.000Z,-43,60.956182,-138.028245
radio434mhz,2A2A2A2D,2026-08-16 19:37:52.000Z,-69,60.956166,-138.028281
radio434mhz,6133334B,2026-08-16 19:37:53.000Z,-41,60.956166,-138.028281
radio434mhz,6133334B,2026-08-16 19:37:55.000Z,-38,60.956162,-138.028322
radio434mhz,6133334B,2026-08-16 19:37:58.000Z,-38,60.956147,-138.028365
radio434mhz,52782D1E,2026-08-16 19:37:59.000Z,-106,60.956147,-138.028365
radio434mhz,2A2A2A2D,2026-08-16 19:37:59.000Z,-68,60.956147,-138.028365
radio434mhz,6133334B,2026-08-16 19:38:00.000Z,-41,60.956136,-138.028404
radio434mhz,2A2A2A2D,2026-08-16 19:38:02.000Z,-64,60.956107,-138.028397
radio434mhz,6133334B,2026-08-16 19:38:02.000Z,-38,60.956107,-138.028397
radio434mhz,6133334B,2026-08-16 19:38:05.000Z,-38,60.956080,-138.028398
radio434mhz,2A2A2A2D,2026-08-16 19:38:06.000Z,-61,60.956080,-138.028398
radio434mhz,6133334B,2026-08-16 19:38:07.000Z,-39,60.956058,-138.028357
radio434mhz,5552522A,2026-08-16 19:38:08.000Z,-108,60.956058,-138.028357
radio434mhz,2A2A2A2D,2026-08-16 19:38:09.000Z,-64,60.956058,-138.028357
radio434mhz,6133334B,2026-08-16 19:38:09.000Z,-37,60.956036,-138.028356
bluetooth,D2A3B933,2026-08-16 19:38:10.000Z,-35,60.956036,-138.028356,42441,2,0,1572,19.86
radio434mhz,6133334B,2026-08-16 19:38:12.000Z,-39,60.956036,-138.028356
radio434mhz,2A2A2A2D,2026-08-16 19:38:12.000Z,-72,60.956010,-138.028344
radio434mhz,6133334B,2026-08-16 19:38:14.000Z,-43,60.956010,-138.028344
radio434mhz,2A2A2A2D,2026-08-16 19:38:16.000Z,-63,60.955987,-138.028338
radio434mhz,6133334B,2026-08-16 19:38:17.000Z,-42,60.955987,-138.028338
radio434mhz,6133334B,2026-08-16 19:38:19.000Z,-42,60.955942,-138.028310
radio434mhz,2A2A2A2D,2026-08-16 19:38:19.000Z,-65,60.955942,-138.028310
bluetooth,D2A3B933,2026-08-16 19:38:20.000Z,-40,60.955942,-138.028310,57433,2,0,1572,20.19
radio434mhz,6133334B,2026-08-16 19:38:21.000Z,-43,60.955915,-138.028294
radio434mhz,2A2A2A2D,2026-08-16 19:38:23.000Z,-68,60.955915,-138.028294
radio434mhz,5552522A,2026-08-16 19:38:23.000Z,-109,60.955915,-138.028294
radio434mhz,6133334B,2026-08-16 19:38:24.000Z,-40,60.955891,-138.028277
radio434mhz,2A2A2A2D,2026-08-16 19:38:26.000Z,-74,60.955891,-138.028277
radio434mhz,6133334B,2026-08-16 19:38:26.000Z,-43,60.955866,-138.028257
radio434mhz,6133334B,2026-08-16 19:38:29.000Z,-43,60.955843,-138.028245
radio434mhz,2A2A2A2D,2026-08-16 19:38:29.000Z,-80,60.955843,-138.028245
radio434mhz,5552522A,2026-08-16 19:38:29.000Z,-108,60.955843,-138.028245
bluetooth,D2A3B933,2026-08-16 19:38:30.000Z,-44,60.955843,-138.028245,32342,2,0,1570,20.06
radio434mhz,6133334B,2026-08-16 19:38:31.000Z,-47,60.955837,-138.028196
radio434mhz,5552522A,2026-08-16 19:38:32.000Z,-108,60.955837,-138.028196
radio434mhz,2A2A2A2D,2026-08-16 19:38:33.000Z,-76,60.955837,-138.028196
radio434mhz,6133334B,2026-08-16 19:38:33.000Z,-42,60.955820,-138.028168
radio434mhz,6133334B,2026-08-16 19:38:36.000Z,-46,60.955785,-138.028189
radio434mhz,2A2A2A2D,2026-08-16 19:38:36.000Z,-74,60.955785,-138.028189
radio434mhz,6133334B,2026-08-16 19:38:38.000Z,-42,60.955756,-138.028191
radio434mhz,5552522A,2026-08-16 19:38:38.000Z,-108,60.955756,-138.028191
radio434mhz,2A2A2A2D,2026-08-16 19:38:40.000Z,-80,60.955756,-138.028191
bluetooth,D2A3B933,2026-08-16 19:38:40.000Z,-40,60.955756,-138.028191,5684,2,0,1571,20.06
radio434mhz,6133334B,2026-08-16 19:38:40.000Z,-43,60.955741,-138.028156
radio434mhz,5552522A,2026-08-16 19:38:41.000Z,-106,60.955741,-138.028156
radio434mhz,6133334B,2026-08-16 19:38:43.000Z,-47,60.955721,-138.028123
radio434mhz,2A2A2A2D,2026-08-16 19:38:43.000Z,-77,60.955721,-138.028123
radio434mhz,52782D1E,2026-08-16 19:38:44.000Z,-109,60.955721,-138.028123
radio434mhz,6133334B,2026-08-16 19:38:45.000Z,-40,60.955696,-138.028104
radio434mhz,2A2A2A2D,2026-08-16 19:38:46.000Z,-84,60.955696,-138.028104
radio434mhz,6133334B,2026-08-16 19:38:48.000Z,-43,60.955697,-138.028037
bluetooth,D2A3B933,2026-08-16 19:38:50.000Z,-49,60.955697,-138.028037,12686,2,0,1572,19.99
radio434mhz,2A2A2A2D,2026-08-16 19:38:50.000Z,-96,60.955697,-138.028037
radio434mhz,6133334B,2026-08-16 19:38:50.000Z,-40,60.955673,-138.028013
radio434mhz,6133334B,2026-08-16 19:38:52.000Z,-41,60.955645,-138.028046
radio434mhz,2A2A2A2D,2026-08-16 19:38:53.000Z,-89,60.955645,-138.028046
radio434mhz,5552522A,2026-08-16 19:38:54.000Z,-110,60.955645,-138.028046
radio434mhz,6133334B,2026-08-16 19:38:55.000Z,-42,60.955620,-138.028055
radio434mhz,2A2A2A2D,2026-08-16 19:38:56.000Z,-94,60.955620,-138.028055
radio434mhz,6133334B,2026-08-16 19:38:57.000Z,-43,60.955620,-138.028055
radio434mhz,6133334B,2026-08-16 19:38:59.000Z,-43,60.955567,-138.028068
bluetooth,D2A3B933,2026-08-16 19:39:00.000Z,-39,60.955567,-138.028068,1726,2,0,1572,20.04
radio434mhz,2A2A2A2D,2026-08-16 19:39:00.000Z,-94,60.955567,-138.028068
radio434mhz,6133334B,2026-08-16 19:39:02.000Z,-41,60.955544,-138.028036
radio434mhz,2A2A2A2D,2026-08-16 19:39:03.000Z,-98,60.955544,-138.028036
radio434mhz,6133334B,2026-08-16 19:39:04.000Z,-42,60.955520,-138.028001
radio434mhz,2A2A2A2D,2026-08-16 19:39:06.000Z,-92,60.955504,-138.027974
radio434mhz,6133334B,2026-08-16 19:39:07.000Z,-36,60.955504,-138.027974
radio434mhz,5552522A,2026-08-16 19:39:09.000Z,-106,60.955485,-138.027941
radio434mhz,6133334B,2026-08-16 19:39:09.000Z,-40,60.955485,-138.027941
bluetooth,D2A3B933,2026-08-16 19:39:10.000Z,-50,60.955485,-138.027941,10273,2,0,1571,20.01
radio434mhz,2A2A2A2D,2026-08-16 19:39:10.000Z,-97,60.955485,-138.027941
radio434mhz,6133334B,2026-08-16 19:39:11.000Z,-41,60.955455,-138.027950
radio434mhz,2A2A2A2D,2026-08-16 19:39:13.000Z,-91,60.955455,-138.027950
radio434mhz,6133334B,2026-08-16 19:39:14.000Z,-42,60.955431,-138.027967
radio434mhz,6133334B,2026-08-16 19:39:16.000Z,-42,60.955409,-138.027976
radio434mhz,2A2A2A2D,2026-08-16 19:39:17.000Z,-88,60.955409,-138.027976
radio434mhz,6133334B,2026-08-16 19:39:19.000Z,-35,60.955385,-138.027998
radio434mhz,2A2A2A2D,2026-08-16 19:39:20.000Z,-92,60.955385,-138.027998
radio434mhz,6133334B,2026-08-16 19:39:21.000Z,-40,60.955361,-138.028010
radio434mhz,6133334B,2026-08-16 19:39:23.000Z,-42,60.955361,-138.028010
radio434mhz,2A2A2A2D,2026-08-16 19:39:23.000Z,-108,60.955361,-138.028010
radio434mhz,6133334B,2026-08-16 19:39:26.000Z,-43,60.955329,-138.028018
radio434mhz,2A2A2A2D,2026-08-16 19:39:27.000Z,-96,60.955301,-138.028045
radio434mhz,6133334B,2026-08-16 19:39:28.000Z,-36,60.955301,-138.028045
bluetooth,D2A3B933,2026-08-16 19:39:30.000Z,-44,60.955277,-138.028071,21697,2,0,1572,19.89
radio434mhz,2A2A2A2D,2026-08-16 19:39:30.000Z,-104,60.955277,-138.028071
radio434mhz,6133334B,2026-08-16 19:39:30.000Z,-40,60.955277,-138.028071
radio434mhz,6133334B,2026-08-16 19:39:33.000Z,-44,60.955262,-138.028106
radio434mhz,2A2A2A2D,2026-08-16 19:39:34.000Z,-102,60.955262,-138.028106
radio434mhz,6133334B,2026-08-16 19:39:35.000Z,-49,60.955239,-138.028150
radio434mhz,2A2A2A2D,2026-08-16 19:39:37.000Z,-105,60.955206,-138.028164
radio434mhz,6133334B,2026-08-16 19:39:38.000Z,-55,60.955206,-138.028164
bluetooth,D2A3B933,2026-08-16 19:39:40.000Z,-50,60.955180,-138.028181,61192,2,0,1571,20.04
radio434mhz,6133334B,2026-08-16 19:39:40.000Z,-47,60.955180,-138.028181
radio434mhz,2A2A2A2D,2026-08-16 19:39:40.000Z,-103,60.955180,-138.028181
radio434mhz,6133334B,2026-08-16 19:39:42.000Z,-42,60.955161,-138.028202
radio434mhz,2A2A2A2D,2026-08-16 19:39:44.000Z,-99,60.955140,-138.028231
radio434mhz,6133334B,2026-08-16 19:39:45.000Z,-40,60.955140,-138.028231
radio434mhz,6133334B,2026-08-16 19:39:47.000Z,-43,60.955124,-138.028278
radio434mhz,6133334B,2026-08-16 19:39:49.000Z,-43,60.955105,-138.028312
radio434mhz,2A2A2A2D,2026-08-16 19:39:51.000Z,-96,60.955105,-138.028312
radio434mhz,6133334B,2026-08-16 19:39:52.000Z,-42,60.955081,-138.028324
radio434mhz,2A2A2A2D,2026-08-16 19:39:54.000Z,-102,60.955057,-138.028304
radio434mhz,6133334B,2026-08-16 19:39:54.000Z,-44,60.955057,-138.028304
radio434mhz,6133334B,2026-08-16 19:39:57.000Z,-43,60.955033,-138.028303
radio434mhz,2A2A2A2D,2026-08-16 19:39:57.000Z,-103,60.955033,-138.028303
radio434mhz,6133334B,2026-08-16 19:39:59.000Z,-45,60.955007,-138.028310
bluetooth,D2A3B933,2026-08-16 19:40:00.000Z,-40,60.955007,-138.028310,29801,2,0,1572,20.09
radio434mhz,2A2A2A2D,2026-08-16 19:40:01.000Z,-92,60.955007,-138.028310
radio434mhz,6133334B,2026-08-16 19:40:01.000Z,-43,60.955007,-138.028310
radio434mhz,6133334B,2026-08-16 19:40:04.000Z,-42,60.954984,-138.028307
radio434mhz,2A2A2A2D,2026-08-16 19:40:04.000Z,-106,60.954984,-138.028307
radio434mhz,6133334B,2026-08-16 19:40:06.000Z,-42,60.954971,-138.028329
radio434mhz,2A2A2A2D,2026-08-16 19:40:07.000Z,-102,60.954971,-138.028329
radio434mhz,6133334B,2026-08-16 19:40:09.000Z,-49,60.954971,-138.028329
radio434mhz,2A2A2A2D,2026-08-16 19:40:11.000Z,-102,60.954977,-138.028323
radio434mhz,6133334B,2026-08-16 19:40:11.000Z,-44,60.954977,-138.028323
radio434mhz,6133334B,2026-08-16 19:40:13.000Z,-44,60.954978,-138.028311
radio434mhz,2A2A2A2D,2026-08-16 19:40:14.000Z,-106,60.954978,-138.028311
radio434mhz,6133334B,2026-08-16 19:40:16.000Z,-42,60.954969,-138.028314
radio434mhz,2A2A2A2D,2026-08-16 19:40:17.000Z,-105,60.954969,-138.028314
radio434mhz,6133334B,2026-08-16 19:40:18.000Z,-48,60.954943,-138.028323
radio434mhz,52782D1E,2026-08-16 19:40:20.000Z,-105,60.954943,-138.028323
radio434mhz,6133334B,2026-08-16 19:40:20.000Z,-43,60.954915,-138.028364
radio434mhz,2A2A2A2D,2026-08-16 19:40:21.000Z,-98,60.954915,-138.028364
radio434mhz,6133334B,2026-08-16 19:40:23.000Z,-43,60.954910,-138.028418
radio434mhz,52782D1E,2026-08-16 19:40:24.000Z,-106,60.954910,-138.028418
radio434mhz,6133334B,2026-08-16 19:40:25.000Z,-43,60.954909,-138.028471
radio434mhz,6133334B,2026-08-16 19:40:28.000Z,-44,60.954914,-138.028528
radio434mhz,2A2A2A2D,2026-08-16 19:40:28.000Z,-98,60.954914,-138.028528
bluetooth,D2A3B933,2026-08-16 19:40:30.000Z,-34,60.954914,-138.028578,39009,2,0,1571,20.21
radio434mhz,6133334B,2026-08-16 19:40:30.000Z,-46,60.954914,-138.028578
radio434mhz,6133334B,2026-08-16 19:40:32.000Z,-37,60.954914,-138.028578
radio434mhz,6133334B,2026-08-16 19:40:35.000Z,-35,60.954894,-138.028629
radio434mhz,6133334B,2026-08-16 19:40:37.000Z,-40,60.954873,-138.028669
radio434mhz,6133334B,2026-08-16 19:40:40.000Z,-42,60.954865,-138.028697
bluetooth,D2A3B933,2026-08-16 19:40:40.000Z,-42,60.954865,-138.028697,43062,2,0,1571,20.14
radio434mhz,6133334B,2026-08-16 19:40:42.000Z,-42,60.954840,-138.028706
radio434mhz,6133334B,2026-08-16 19:40:44.000Z,-37,60.954810,-138.028680
radio434mhz,2A2A2A2D,2026-08-16 19:40:45.000Z,-101,60.954810,-138.028680
radio434mhz,6133334B,2026-08-16 19:40:47.000Z,-34,60.954790,-138.028719
radio434mhz,6133334B,2026-08-16 19:40:49.000Z,-40,60.954790,-138.028762
bluetooth,D2A3B933,2026-08-16 19:40:50.000Z,-37,60.954790,-138.028762,55609,2,0,1572,19.83
radio434mhz,6133334B,2026-08-16 19:40:51.000Z,-43,60.954771,-138.028799
radio434mhz,6133334B,2026-08-16 19:40:54.000Z,-40,60.954754,-138.028847
radio434mhz,2A2A2A2D,2026-08-16 19:40:55.000Z,-103,60.954754,-138.028847
radio434mhz,6133334B,2026-08-16 19:40:56.000Z,-33,60.954723,-138.028873
radio434mhz,6133334B,2026-08-16 19:40:59.000Z,-41,60.954710,-138.028919
bluetooth,D2A3B933,2026-08-16 19:41:00.000Z,-39,60.954710,-138.028919,10491,2,0,1571,19.73
radio434mhz,6133334B,2026-08-16 19:41:01.000Z,-43,60.954678,-138.028958
radio434mhz,6133334B,2026-08-16 19:41:03.000Z,-46,60.954666,-138.029005
radio434mhz,6133334B,2026-08-16 19:41:06.000Z,-42,60.954633,-138.029012
radio434mhz,6133334B,2026-08-16 19:41:08.000Z,-35,60.954606,-138.029014
radio434mhz,2A2A2A2D,2026-08-16 19:41:08.000Z,-109,60.954606,-138.029014
bluetooth,D2A3B933,2026-08-16 19:41:10.000Z,-48,60.954606,-138.029014,35799,2,0,1571,20.21
radio434mhz,6133334B,2026-08-16 19:41:11.000Z,-39,60.954577,-138.029023
radio434mhz,6133334B,2026-08-16 19:41:13.000Z,-38,60.954558,-138.029015
radio434mhz,2A2A2A2D,2026-08-16 19:41:15.000Z,-109,60.954528,-138.028998
radio434mhz,6133334B,2026-08-16 19:41:15.000Z,-39,60.954528,-138.028998
radio434mhz,6133334B,2026-08-16 19:41:18.000Z,-34,60.954528,-138.028998
