Tag Type,Tag Id,Time (UTC),RSSI,Latitude,Longitude,beep_number,tagFamily,payloadType,solar_mV,temperature_C
radio434mhz,2A2A2A2D,2026-08-15 21:33:23.000Z,-108,60.954426,-138.028819
radio434mhz,6133334B,2026-08-15 21:33:24.000Z,-40,60.954430,-138.028817
bluetooth,D2A3B933,2026-08-15 21:33:25.000Z,-20,60.954430,-138.028817,5591,2,0,1570,24.64
radio434mhz,2A2A2A2D,2026-08-15 21:33:26.000Z,-108,60.954430,-138.028817
radio434mhz,6133334B,2026-08-15 21:33:26.000Z,-42,60.954444,-138.028826
radio434mhz,6133334B,2026-08-15 21:33:29.000Z,-36,60.954444,-138.028826
radio434mhz,2A2A2A2D,2026-08-15 21:33:29.000Z,-108,60.954462,-138.028809
radio434mhz,6133334B,2026-08-15 21:33:31.000Z,-40,60.954462,-138.028809
radio434mhz,6133334B,2026-08-15 21:33:33.000Z,-42,60.954487,-138.028843
bluetooth,D2A3B933,2026-08-15 21:33:35.000Z,-19,60.954515,-138.028858,56713,2,0,1570,24.59
radio434mhz,6133334B,2026-08-15 21:33:36.000Z,-38,60.954515,-138.028858
radio434mhz,6133334B,2026-08-15 21:33:38.000Z,-42,60.954525,-138.028921
radio434mhz,2A2A2A2D,2026-08-15 21:33:40.000Z,-108,60.954571,-138.028912
radio434mhz,6133334B,2026-08-15 21:33:40.000Z,-40,60.954571,-138.028912
radio434mhz,6133334B,2026-08-15 21:33:43.000Z,-39,60.954571,-138.028912
radio434mhz,2A2A2A2D,2026-08-15 21:33:43.000Z,-109,60.954600,-138.028943
radio434mhz,6133334B,2026-08-15 21:33:45.000Z,-37,60.954600,-138.028943
bluetooth,D2A3B933,2026-08-15 21:33:46.000Z,-24,60.954600,-138.028943,23252,2,0,1570,25.07
radio434mhz,6133334B,2026-08-15 21:33:47.000Z,-39,60.954577,-138.028907
radio434mhz,6133334B,2026-08-15 21:33:50.000Z,-38,60.954551,-138.028878
radio434mhz,6133334B,2026-08-15 21:33:52.000Z,-42,60.954530,-138.028842
radio434mhz,6133334B,2026-08-15 21:33:54.000Z,-41,60.954498,-138.028812
bluetooth,D2A3B933,2026-08-15 21:33:56.000Z,-36,60.954464,-138.028803,17652,2,0,1570,25.02
radio434mhz,6133334B,2026-08-15 21:33:57.000Z,-43,60.954464,-138.028803
radio434mhz,2A2A2A2D,2026-08-15 21:33:57.000Z,-108,60.954464,-138.028803
radio434mhz,6133334B,2026-08-15 21:33:59.000Z,-31,60.954436,-138.028837
radio434mhz,6133334B,2026-08-15 21:34:02.000Z,-39,60.954426,-138.028786
radio434mhz,6133334B,2026-08-15 21:34:04.000Z,-36,60.954414,-138.028751
bluetooth,D2A3B933,2026-08-15 21:34:06.000Z,-35,60.954414,-138.028751,64741,2,0,1569,25.02
radio434mhz,6133334B,2026-08-15 21:34:06.000Z,-42,60.954414,-138.028751
radio434mhz,6133334B,2026-08-15 21:34:09.000Z,-41,60.954401,-138.028778
radio434mhz,6133334B,2026-08-15 21:34:11.000Z,-44,60.954408,-138.028812
radio434mhz,6133334B,2026-08-15 21:34:13.000Z,-36,60.954409,-138.028812
radio434mhz,6133334B,2026-08-15 21:34:16.000Z,-37,60.954409,-138.028812
bluetooth,D2A3B933,2026-08-15 21:34:16.000Z,-30,60.954409,-138.028812,8077,2,0,1571,24.99
radio434mhz,6133334B,2026-08-15 21:34:18.000Z,-40,60.954410,-138.028817
radio434mhz,6133334B,2026-08-15 21:34:20.000Z,-41,60.954409,-138.028813
radio434mhz,2A2A2A2D,2026-08-15 21:34:21.000Z,-107,60.954409,-138.028813
radio434mhz,6133334B,2026-08-15 21:34:23.000Z,-41,60.954408,-138.028813
radio434mhz,6133334B,2026-08-15 21:34:25.000Z,-43,60.954407,-138.028842
bluetooth,D2A3B933,2026-08-15 21:34:26.000Z,-18,60.954407,-138.028842,35915,2,0,1570,24.94
radio434mhz,6133334B,2026-08-15 21:34:27.000Z,-59,60.954403,-138.028843
radio434mhz,6133334B,2026-08-15 21:34:30.000Z,-40,60.954412,-138.028863
radio434mhz,6133334B,2026-08-15 21:34:32.000Z,-44,60.954395,-138.028942
radio434mhz,6133334B,2026-08-15 21:34:34.000Z,-46,60.954380,-138.028956
bluetooth,D2A3B933,2026-08-15 21:34:36.000Z,-19,60.954380,-138.028956,47700,2,0,1571,24.97
radio434mhz,6133334B,2026-08-15 21:34:37.000Z,-42,60.954356,-138.029005
radio434mhz,2A2A2A2D,2026-08-15 21:34:38.000Z,-105,60.954356,-138.029005
radio434mhz,6133334B,2026-08-15 21:34:39.000Z,-43,60.954352,-138.028980
radio434mhz,6133334B,2026-08-15 21:34:42.000Z,-47,60.954350,-138.029066
radio434mhz,6133334B,2026-08-15 21:34:44.000Z,-51,60.954350,-138.029066
bluetooth,D2A3B933,2026-08-15 21:34:46.000Z,-22,60.954347,-138.029144,36820,2,0,1568,25.04
radio434mhz,6133334B,2026-08-15 21:34:46.000Z,-55,60.954347,-138.029144
radio434mhz,6133334B,2026-08-15 21:34:49.000Z,-48,60.954331,-138.029188
radio434mhz,6133334B,2026-08-15 21:34:51.000Z,-51,60.954304,-138.029202
radio434mhz,6133334B,2026-08-15 21:34:53.000Z,-60,60.954301,-138.029215
radio434mhz,6133334B,2026-08-15 21:34:56.000Z,-56,60.954277,-138.029222
bluetooth,D2A3B933,2026-08-15 21:34:56.000Z,-28,60.954277,-138.029222,30570,2,0,1571,24.99
radio434mhz,6133334B,2026-08-15 21:34:58.000Z,-49,60.954253,-138.029239
radio434mhz,6133334B,2026-08-15 21:35:00.000Z,-41,60.954237,-138.029218
radio434mhz,6133334B,2026-08-15 21:35:03.000Z,-31,60.954237,-138.029218
radio434mhz,6133334B,2026-08-15 21:35:05.000Z,-34,60.954237,-138.029218
bluetooth,D2A3B933,2026-08-15 21:35:06.000Z,-28,60.954232,-138.029190,40844,2,0,1570,25.14
radio434mhz,6133334B,2026-08-15 21:35:07.000Z,-36,60.954232,-138.029190
radio434mhz,6133334B,2026-08-15 21:35:10.000Z,-32,60.954232,-138.029190
radio434mhz,6133334B,2026-08-15 21:35:12.000Z,-34,60.954265,-138.029194
radio434mhz,6133334B,2026-08-15 21:35:14.000Z,-35,60.954265,-138.029194
bluetooth,D2A3B933,2026-08-15 21:35:16.000Z,-29,60.954266,-138.029161,4312,2,0,1570,25.60
radio434mhz,6133334B,2026-08-15 21:35:17.000Z,-37,60.954266,-138.029161
radio434mhz,6133334B,2026-08-15 21:35:19.000Z,-29,60.954266,-138.029161
radio434mhz,6133334B,2026-08-15 21:35:21.000Z,-29,60.954265,-138.029165
radio434mhz,6133334B,2026-08-15 21:35:24.000Z,-31,60.954265,-138.029165
radio434mhz,6133334B,2026-08-15 21:35:26.000Z,-28,60.954265,-138.029165
bluetooth,D2A3B933,2026-08-15 21:35:27.000Z,-34,60.954290,-138.029159,56699,2,0,1571,25.55
radio434mhz,6133334B,2026-08-15 21:35:28.000Z,-28,60.954290,-138.029159
radio434mhz,6133334B,2026-08-15 21:35:31.000Z,-27,60.954290,-138.029159
radio434mhz,6133334B,2026-08-15 21:35:33.000Z,-27,60.954291,-138.029155
radio434mhz,6133334B,2026-08-15 21:35:35.000Z,-27,60.954291,-138.029155
bluetooth,D2A3B933,2026-08-15 21:35:37.000Z,-28,60.954725,-138.029129,9943,2,0,1570,25.75
radio434mhz,6133334B,2026-08-15 21:35:38.000Z,-27,60.954725,-138.029129
radio434mhz,6133334B,2026-08-15 21:35:40.000Z,-37,60.954725,-138.029129
radio434mhz,6133334B,2026-08-15 21:35:42.000Z,-45,60.954752,-138.029127
radio434mhz,6133334B,2026-08-15 21:35:45.000Z,-44,60.954749,-138.029126
bluetooth,D2A3B933,2026-08-15 21:35:47.000Z,-42,60.954750,-138.029125,1556,2,0,1569,26.15
radio434mhz,6133334B,2026-08-15 21:35:47.000Z,-41,60.954750,-138.029125
radio434mhz,6133334B,2026-08-15 21:35:49.000Z,-40,60.954750,-138.029125
radio434mhz,6133334B,2026-08-15 21:35:52.000Z,-42,60.954744,-138.029147
radio434mhz,6133334B,2026-08-15 21:35:54.000Z,-42,60.954751,-138.029187
radio434mhz,6133334B,2026-08-15 21:35:56.000Z,-42,60.954767,-138.029227
radio434mhz,6133334B,2026-08-15 21:35:59.000Z,-45,60.954785,-138.029292
radio434mhz,6133334B,2026-08-15 21:36:01.000Z,-43,60.954782,-138.029355
radio434mhz,6133334B,2026-08-15 21:36:03.000Z,-43,60.954812,-138.029437
radio434mhz,6133334B,2026-08-15 21:36:06.000Z,-44,60.954827,-138.029503
bluetooth,D2A3B933,2026-08-15 21:36:07.000Z,-19,60.954827,-138.029503,10678,2,0,1570,26.38
radio434mhz,6133334B,2026-08-15 21:36:08.000Z,-42,60.954827,-138.029503
radio434mhz,6133334B,2026-08-15 21:36:10.000Z,-40,60.954843,-138.029549
radio434mhz,6133334B,2026-08-15 21:36:13.000Z,-40,60.954872,-138.029589
radio434mhz,6133334B,2026-08-15 21:36:15.000Z,-40,60.954881,-138.029640
bluetooth,D2A3B933,2026-08-15 21:36:17.000Z,-22,60.954900,-138.029694,21428,2,0,1570,26.20
radio434mhz,6133334B,2026-08-15 21:36:17.000Z,-40,60.954900,-138.029694
radio434mhz,6133334B,2026-08-15 21:36:20.000Z,-47,60.954864,-138.029778
radio434mhz,6133334B,2026-08-15 21:36:22.000Z,-44,60.954837,-138.029812
radio434mhz,6133334B,2026-08-15 21:36:24.000Z,-47,60.954837,-138.029812
radio434mhz,6133334B,2026-08-15 21:36:27.000Z,-48,60.954805,-138.029836
bluetooth,D2A3B933,2026-08-15 21:36:27.000Z,-22,60.954786,-138.029897,40398,2,0,1569,26.33
radio434mhz,6133334B,2026-08-15 21:36:29.000Z,-45,60.954786,-138.029897
radio434mhz,6133334B,2026-08-15 21:36:31.000Z,-46,60.954767,-138.029955
radio434mhz,6133334B,2026-08-15 21:36:34.000Z,-45,60.954748,-138.030001
radio434mhz,6133334B,2026-08-15 21:36:36.000Z,-45,60.954728,-138.030066
bluetooth,D2A3B933,2026-08-15 21:36:37.000Z,-28,60.954728,-138.030066,7727,2,0,1570,26.46
radio434mhz,6133334B,2026-08-15 21:36:38.000Z,-45,60.954695,-138.030079
radio434mhz,6133334B,2026-08-15 21:36:41.000Z,-47,60.954668,-138.030126
radio434mhz,6133334B,2026-08-15 21:36:43.000Z,-47,60.954668,-138.030126
radio434mhz,6133334B,2026-08-15 21:36:45.000Z,-46,60.954624,-138.030138
bluetooth,D2A3B933,2026-08-15 21:36:48.000Z,-23,60.954611,-138.030188,18159,2,0,1569,26.53
radio434mhz,6133334B,2026-08-15 21:36:48.000Z,-46,60.954611,-138.030188
radio434mhz,6133334B,2026-08-15 21:36:50.000Z,-46,60.954629,-138.030203
radio434mhz,6133334B,2026-08-15 21:36:52.000Z,-36,60.954639,-138.030250
radio434mhz,6133334B,2026-08-15 21:36:55.000Z,-40,60.954614,-138.030282
radio434mhz,6133334B,2026-08-15 21:36:57.000Z,-40,60.954607,-138.030329
bluetooth,D2A3B933,2026-08-15 21:36:58.000Z,-17,60.954607,-138.030329,44280,2,0,1569,26.46
radio434mhz,6133334B,2026-08-15 21:36:59.000Z,-52,60.954590,-138.030388
radio434mhz,6133334B,2026-08-15 21:37:02.000Z,-42,60.954580,-138.030440
radio434mhz,6133334B,2026-08-15 21:37:04.000Z,-42,60.954545,-138.030445
radio434mhz,6133334B,2026-08-15 21:37:06.000Z,-42,60.954525,-138.030478
bluetooth,D2A3B933,2026-08-15 21:37:08.000Z,-23,60.954525,-138.030478,35769,2,0,1571,26.51
radio434mhz,6133334B,2026-08-15 21:37:09.000Z,-42,60.954548,-138.030439
radio434mhz,6133334B,2026-08-15 21:37:11.000Z,-42,60.954546,-138.030453
radio434mhz,6133334B,2026-08-15 21:37:13.000Z,-42,60.954483,-138.030550
radio434mhz,6133334B,2026-08-15 21:37:16.000Z,-42,60.954464,-138.030583
bluetooth,D2A3B933,2026-08-15 21:37:18.000Z,-17,60.954464,-138.030583,52846,2,0,1570,26.56
radio434mhz,6133334B,2026-08-15 21:37:18.000Z,-40,60.954464,-138.030583
radio434mhz,6133334B,2026-08-15 21:37:20.000Z,-42,60.954455,-138.030665
radio434mhz,6133334B,2026-08-15 21:37:23.000Z,-42,60.954444,-138.030707
radio434mhz,6133334B,2026-08-15 21:37:25.000Z,-42,60.954414,-138.030720
radio434mhz,6133334B,2026-08-15 21:37:27.000Z,-42,60.954388,-138.030725
bluetooth,D2A3B933,2026-08-15 21:37:28.000Z,-20,60.954388,-138.030725,2402,2,0,1570,26.56
radio434mhz,6133334B,2026-08-15 21:37:30.000Z,-42,60.954377,-138.030740
radio434mhz,6133334B,2026-08-15 21:37:32.000Z,-42,60.954376,-138.030730
radio434mhz,6133334B,2026-08-15 21:37:34.000Z,-43,60.954429,-138.030714
radio434mhz,6133334B,2026-08-15 21:37:37.000Z,-43,60.954454,-138.030730
bluetooth,D2A3B933,2026-08-15 21:37:38.000Z,-19,60.954490,-138.030724,7338,2,0,1570,26.53
radio434mhz,6133334B,2026-08-15 21:37:39.000Z,-43,60.954490,-138.030724
radio434mhz,6133334B,2026-08-15 21:37:41.000Z,-42,60.954517,-138.030721
radio434mhz,6133334B,2026-08-15 21:37:44.000Z,-43,60.954530,-138.030830
radio434mhz,6133334B,2026-08-15 21:37:46.000Z,-43,60.954555,-138.030854
radio434mhz,6133334B,2026-08-15 21:37:48.000Z,-42,60.954574,-138.030866
bluetooth,D2A3B933,2026-08-15 21:37:48.000Z,-28,60.954574,-138.030866,45386,2,0,1570,26.56
radio434mhz,6133334B,2026-08-15 21:37:51.000Z,-42,60.954578,-138.030921
radio434mhz,6133334B,2026-08-15 21:37:53.000Z,-42,60.954591,-138.030944
radio434mhz,6133334B,2026-08-15 21:37:55.000Z,-42,60.954621,-138.030968
radio434mhz,6133334B,2026-08-15 21:37:58.000Z,-42,60.954621,-138.030968
bluetooth,D2A3B933,2026-08-15 21:37:58.000Z,-22,60.954658,-138.030872,14405,2,0,1570,26.46
radio434mhz,6133334B,2026-08-15 21:38:00.000Z,-42,60.954658,-138.030872
radio434mhz,6133334B,2026-08-15 21:38:02.000Z,-42,60.954687,-138.030837
radio434mhz,6133334B,2026-08-15 21:38:05.000Z,-42,60.954713,-138.030781
radio434mhz,6133334B,2026-08-15 21:38:07.000Z,-42,60.954742,-138.030762
bluetooth,D2A3B933,2026-08-15 21:38:09.000Z,-19,60.954777,-138.030726,8143,2,0,1569,26.36
radio434mhz,6133334B,2026-08-15 21:38:09.000Z,-46,60.954777,-138.030726
radio434mhz,6133334B,2026-08-15 21:38:12.000Z,-45,60.954808,-138.030721
radio434mhz,6133334B,2026-08-15 21:38:14.000Z,-45,60.954815,-138.030734
radio434mhz,6133334B,2026-08-15 21:38:16.000Z,-46,60.954826,-138.030780
radio434mhz,6133334B,2026-08-15 21:38:19.000Z,-46,60.954851,-138.030765
bluetooth,D2A3B933,2026-08-15 21:38:19.000Z,-24,60.954851,-138.030765,26258,2,0,1570,26.43
radio434mhz,6133334B,2026-08-15 21:38:21.000Z,-46,60.954869,-138.030813
radio434mhz,6133334B,2026-08-15 21:38:23.000Z,-44,60.954874,-138.030827
radio434mhz,6133334B,2026-08-15 21:38:26.000Z,-45,60.954883,-138.030882
radio434mhz,6133334B,2026-08-15 21:38:28.000Z,-47,60.954915,-138.030915
bluetooth,D2A3B933,2026-08-15 21:38:29.000Z,-19,60.954915,-138.030915,46612,2,0,1570,26.25
radio434mhz,6133334B,2026-08-15 21:38:30.000Z,-47,60.954937,-138.030955
radio434mhz,6133334B,2026-08-15 21:38:33.000Z,-47,60.954979,-138.030953
radio434mhz,6133334B,2026-08-15 21:38:35.000Z,-45,60.954979,-138.030953
radio434mhz,6133334B,2026-08-15 21:38:37.000Z,-44,60.955001,-138.030934
bluetooth,D2A3B933,2026-08-15 21:38:39.000Z,-20,60.955003,-138.030940,29040,2,0,1570,26.30
radio434mhz,6133334B,2026-08-15 21:38:40.000Z,-43,60.955003,-138.030940
radio434mhz,6133334B,2026-08-15 21:38:42.000Z,-43,60.955020,-138.030954
radio434mhz,6133334B,2026-08-15 21:38:44.000Z,-43,60.955043,-138.031008
radio434mhz,6133334B,2026-08-15 21:38:47.000Z,-43,60.955073,-138.031013
radio434mhz,6133334B,2026-08-15 21:38:49.000Z,-42,60.955108,-138.031009
bluetooth,D2A3B933,2026-08-15 21:38:49.000Z,-22,60.955108,-138.031009,13594,2,0,1570,26.33
radio434mhz,6133334B,2026-08-15 21:38:51.000Z,-44,60.955135,-138.031008
radio434mhz,6133334B,2026-08-15 21:38:53.000Z,-45,60.955166,-138.031000
radio434mhz,6133334B,2026-08-15 21:38:56.000Z,-44,60.955193,-138.031025
radio434mhz,6133334B,2026-08-15 21:38:58.000Z,-45,60.955201,-138.031025
bluetooth,D2A3B933,2026-08-15 21:38:59.000Z,-21,60.955201,-138.031025,7574,2,0,1570,26.00
radio434mhz,6133334B,2026-08-15 21:39:00.000Z,-44,60.955221,-138.031038
radio434mhz,6133334B,2026-08-15 21:39:03.000Z,-43,60.955231,-138.031091
radio434mhz,6133334B,2026-08-15 21:39:05.000Z,-43,60.955231,-138.031091
radio434mhz,6133334B,2026-08-15 21:39:07.000Z,-42,60.955257,-138.031111
bluetooth,D2A3B933,2026-08-15 21:39:09.000Z,-19,60.955262,-138.031148,26691,2,0,1570,26.15
radio434mhz,6133334B,2026-08-15 21:39:10.000Z,-43,60.955262,-138.031148
radio434mhz,6133334B,2026-08-15 21:39:12.000Z,-43,60.955281,-138.031191
radio434mhz,6133334B,2026-08-15 21:39:14.000Z,-44,60.955299,-138.031236
radio434mhz,6133334B,2026-08-15 21:39:17.000Z,-43,60.955325,-138.031271
radio434mhz,6133334B,2026-08-15 21:39:19.000Z,-42,60.955369,-138.031255
radio434mhz,6133334B,2026-08-15 21:39:21.000Z,-45,60.955396,-138.031243
radio434mhz,6133334B,2026-08-15 21:39:24.000Z,-41,60.955414,-138.031209
radio434mhz,6133334B,2026-08-15 21:39:26.000Z,-40,60.955414,-138.031209
radio434mhz,6133334B,2026-08-15 21:39:28.000Z,-45,60.955441,-138.031205
bluetooth,D2A3B933,2026-08-15 21:39:30.000Z,-22,60.955447,-138.031278,42783,2,0,1568,26.25
radio434mhz,6133334B,2026-08-15 21:39:31.000Z,-45,60.955447,-138.031278
radio434mhz,6133334B,2026-08-15 21:39:33.000Z,-43,60.955470,-138.031296
radio434mhz,6133334B,2026-08-15 21:39:35.000Z,-41,60.955490,-138.031304
radio434mhz,6133334B,2026-08-15 21:39:38.000Z,-42,60.955500,-138.031344
bluetooth,D2A3B933,2026-08-15 21:39:40.000Z,-21,60.955484,-138.031458,36169,2,0,1571,26.30
radio434mhz,6133334B,2026-08-15 21:39:40.000Z,-42,60.955484,-138.031458
radio434mhz,6133334B,2026-08-15 21:39:42.000Z,-42,60.955499,-138.031491
radio434mhz,6133334B,2026-08-15 21:39:45.000Z,-42,60.955479,-138.031534
radio434mhz,6133334B,2026-08-15 21:39:47.000Z,-43,60.955490,-138.031551
radio434mhz,6133334B,2026-08-15 21:39:49.000Z,-42,60.955520,-138.031571
bluetooth,D2A3B933,2026-08-15 21:39:50.000Z,-23,60.955520,-138.031571,63391,2,0,1570,26.20
radio434mhz,6133334B,2026-08-15 21:39:52.000Z,-43,60.955551,-138.031600
radio434mhz,6133334B,2026-08-15 21:39:54.000Z,-42,60.955551,-138.031600
radio434mhz,6133334B,2026-08-15 21:39:56.000Z,-43,60.955567,-138.031618
radio434mhz,6133334B,2026-08-15 21:39:59.000Z,-41,60.955584,-138.031648
bluetooth,D2A3B933,2026-08-15 21:40:00.000Z,-22,60.955577,-138.031697,53862,2,0,1571,26.25
radio434mhz,6133334B,2026-08-15 21:40:01.000Z,-42,60.955577,-138.031697
radio434mhz,6133334B,2026-08-15 21:40:03.000Z,-45,60.955571,-138.031706
radio434mhz,6133334B,2026-08-15 21:40:06.000Z,-39,60.955564,-138.031742
radio434mhz,6133334B,2026-08-15 21:40:08.000Z,-40,60.955552,-138.031774
bluetooth,D2A3B933,2026-08-15 21:40:10.000Z,-23,60.955541,-138.031820,39004,2,0,1571,26.13
radio434mhz,6133334B,2026-08-15 21:40:10.000Z,-38,60.955541,-138.031820
radio434mhz,6133334B,2026-08-15 21:40:13.000Z,-36,60.955530,-138.031866
radio434mhz,6133334B,2026-08-15 21:40:15.000Z,-37,60.955530,-138.031866
radio434mhz,6133334B,2026-08-15 21:40:17.000Z,-36,60.955552,-138.031913
radio434mhz,6133334B,2026-08-15 21:40:20.000Z,-38,60.955568,-138.031943
bluetooth,D2A3B933,2026-08-15 21:40:20.000Z,-23,60.955568,-138.031943,12749,2,0,1570,26.18
radio434mhz,6133334B,2026-08-15 21:40:22.000Z,-40,60.955600,-138.031941
radio434mhz,6133334B,2026-08-15 21:40:24.000Z,-40,60.955631,-138.031941
radio434mhz,6133334B,2026-08-15 21:40:27.000Z,-41,60.955656,-138.031981
radio434mhz,6133334B,2026-08-15 21:40:29.000Z,-40,60.955693,-138.031983
radio434mhz,6133334B,2026-08-15 21:40:31.000Z,-41,60.955720,-138.032010
radio434mhz,6133334B,2026-08-15 21:40:34.000Z,-41,60.955720,-138.032010
radio434mhz,6133334B,2026-08-15 21:40:36.000Z,-57,60.955735,-138.032058
radio434mhz,6133334B,2026-08-15 21:40:38.000Z,-44,60.955730,-138.032100
bluetooth,D2A3B933,2026-08-15 21:40:40.000Z,-35,60.955736,-138.032097,15494,2,0,1569,26.05
radio434mhz,6133334B,2026-08-15 21:40:41.000Z,-44,60.955736,-138.032097
radio434mhz,6133334B,2026-08-15 21:40:43.000Z,-45,60.955737,-138.032099
radio434mhz,6133334B,2026-08-15 21:40:45.000Z,-51,60.955732,-138.032105
radio434mhz,6133334B,2026-08-15 21:40:48.000Z,-54,60.955732,-138.032110
radio434mhz,6133334B,2026-08-15 21:40:50.000Z,-62,60.955741,-138.032149
bluetooth,D2A3B933,2026-08-15 21:40:51.000Z,-25,60.955741,-138.032149,12876,2,0,1571,25.80
radio434mhz,6133334B,2026-08-15 21:40:52.000Z,-47,60.955741,-138.032149
radio434mhz,6133334B,2026-08-15 21:40:55.000Z,-46,60.955773,-138.032149
radio434mhz,6133334B,2026-08-15 21:40:57.000Z,-49,60.955796,-138.032165
radio434mhz,6133334B,2026-08-15 21:40:59.000Z,-50,60.955824,-138.032160
bluetooth,D2A3B933,2026-08-15 21:41:01.000Z,-20,60.955851,-138.032149,59078,2,0,1570,25.88
radio434mhz,6133334B,2026-08-15 21:41:02.000Z,-49,60.955851,-138.032149
radio434mhz,6133334B,2026-08-15 21:41:04.000Z,-50,60.955883,-138.032151
radio434mhz,6133334B,2026-08-15 21:41:06.000Z,-47,60.955914,-138.032166
radio434mhz,6133334B,2026-08-15 21:41:09.000Z,-54,60.955907,-138.032130
bluetooth,D2A3B933,2026-08-15 21:41:11.000Z,-20,60.955910,-138.032091,12265,2,0,1571,26.00
radio434mhz,6133334B,2026-08-15 21:41:11.000Z,-47,60.955910,-138.032091
radio434mhz,6133334B,2026-08-15 21:41:13.000Z,-49,60.955956,-138.032113
radio434mhz,6133334B,2026-08-15 21:41:16.000Z,-55,60.955983,-138.032149
radio434mhz,6133334B,2026-08-15 21:41:18.000Z,-45,60.955999,-138.032186
radio434mhz,6133334B,2026-08-15 21:41:20.000Z,-43,60.956006,-138.032233
bluetooth,D2A3B933,2026-08-15 21:41:21.000Z,-20,60.956006,-138.032233,51220,2,0,1570,25.77
radio434mhz,6133334B,2026-08-15 21:41:23.000Z,-50,60.956006,-138.032233
radio434mhz,6133334B,2026-08-15 21:41:25.000Z,-48,60.956014,-138.032320
radio434mhz,6133334B,2026-08-15 21:41:27.000Z,-60,60.956033,-138.032368
radio434mhz,6133334B,2026-08-15 21:41:30.000Z,-53,60.956059,-138.032379
bluetooth,D2A3B933,2026-08-15 21:41:31.000Z,-19,60.956068,-138.032427,21964,2,0,1571,25.80
radio434mhz,6133334B,2026-08-15 21:41:32.000Z,-49,60.956068,-138.032427
radio434mhz,6133334B,2026-08-15 21:41:34.000Z,-54,60.956104,-138.032395
radio434mhz,6133334B,2026-08-15 21:41:37.000Z,-51,60.956124,-138.032346
radio434mhz,6133334B,2026-08-15 21:41:39.000Z,-49,60.956133,-138.032271
bluetooth,D2A3B933,2026-08-15 21:41:41.000Z,-23,60.956146,-138.032210,40599,2,0,1571,25.67
radio434mhz,6133334B,2026-08-15 21:41:41.000Z,-50,60.956146,-138.032210
radio434mhz,6133334B,2026-08-15 21:41:44.000Z,-49,60.956180,-138.032238
radio434mhz,6133334B,2026-08-15 21:41:46.000Z,-56,60.956201,-138.032282
radio434mhz,6133334B,2026-08-15 21:41:48.000Z,-58,60.956220,-138.032298
radio434mhz,6133334B,2026-08-15 21:41:51.000Z,-47,60.956231,-138.032304
bluetooth,D2A3B933,2026-08-15 21:41:51.000Z,-19,60.956231,-138.032304,42111,2,0,1570,25.88
radio434mhz,6133334B,2026-08-15 21:41:53.000Z,-49,60.956231,-138.032304
radio434mhz,6133334B,2026-08-15 21:41:55.000Z,-52,60.956252,-138.032236
radio434mhz,6133334B,2026-08-15 21:41:58.000Z,-51,60.956276,-138.032247
radio434mhz,6133334B,2026-08-15 21:42:00.000Z,-49,60.956309,-138.032273
bluetooth,D2A3B933,2026-08-15 21:42:01.000Z,-21,60.956321,-138.032328,33065,2,0,1570,25.77
radio434mhz,6133334B,2026-08-15 21:42:02.000Z,-51,60.956321,-138.032328
radio434mhz,6133334B,2026-08-15 21:42:05.000Z,-54,60.956359,-138.032360
radio434mhz,6133334B,2026-08-15 21:42:07.000Z,-52,60.956388,-138.032344
radio434mhz,6133334B,2026-08-15 21:42:09.000Z,-48,60.956419,-138.032342
bluetooth,D2A3B933,2026-08-15 21:42:11.000Z,-19,60.956436,-138.032384,24809,2,0,1571,25.62
radio434mhz,6133334B,2026-08-15 21:42:12.000Z,-48,60.956436,-138.032384
radio434mhz,6133334B,2026-08-15 21:42:14.000Z,-45,60.956423,-138.032390
radio434mhz,6133334B,2026-08-15 21:42:16.000Z,-59,60.956410,-138.032438
radio434mhz,6133334B,2026-08-15 21:42:19.000Z,-53,60.956419,-138.032472
radio434mhz,6133334B,2026-08-15 21:42:21.000Z,-43,60.956429,-138.032523
radio434mhz,6133334B,2026-08-15 21:42:23.000Z,-48,60.956429,-138.032523
radio434mhz,6133334B,2026-08-15 21:42:26.000Z,-42,60.956497,-138.032497
radio434mhz,6133334B,2026-08-15 21:42:28.000Z,-55,60.956516,-138.032469
radio434mhz,6133334B,2026-08-15 21:42:30.000Z,-51,60.956529,-138.032391
bluetooth,D2A3B933,2026-08-15 21:42:32.000Z,-18,60.956558,-138.032384,56505,2,0,1570,25.57
radio434mhz,6133334B,2026-08-15 21:42:33.000Z,-55,60.956558,-138.032384
radio434mhz,6133334B,2026-08-15 21:42:35.000Z,-55,60.956572,-138.032365
radio434mhz,6133334B,2026-08-15 21:42:37.000Z,-47,60.956605,-138.032355
radio434mhz,6133334B,2026-08-15 21:42:40.000Z,-52,60.956601,-138.032261
bluetooth,D2A3B933,2026-08-15 21:42:42.000Z,-20,60.956601,-138.032206,44600,2,0,1570,25.32
radio434mhz,6133334B,2026-08-15 21:42:42.000Z,-52,60.956601,-138.032206
radio434mhz,6133334B,2026-08-15 21:42:44.000Z,-49,60.956635,-138.032181
radio434mhz,6133334B,2026-08-15 21:42:47.000Z,-45,60.956658,-138.032199
radio434mhz,6133334B,2026-08-15 21:42:49.000Z,-55,60.956658,-138.032199
radio434mhz,6133334B,2026-08-15 21:42:51.000Z,-51,60.956679,-138.032180
bluetooth,D2A3B933,2026-08-15 21:42:52.000Z,-17,60.956679,-138.032180,58057,2,0,1570,25.50
radio434mhz,6133334B,2026-08-15 21:42:54.000Z,-46,60.956704,-138.032194
radio434mhz,6133334B,2026-08-15 21:42:56.000Z,-60,60.956726,-138.032189
radio434mhz,6133334B,2026-08-15 21:42:58.000Z,-53,60.956759,-138.032185
radio434mhz,6133334B,2026-08-15 21:43:01.000Z,-58,60.956759,-138.032185
bluetooth,D2A3B933,2026-08-15 21:43:02.000Z,-20,60.956789,-138.032166,31787,2,0,1571,25.55
radio434mhz,6133334B,2026-08-15 21:43:03.000Z,-41,60.956801,-138.032134
radio434mhz,6133334B,2026-08-15 21:43:05.000Z,-50,60.956801,-138.032134
radio434mhz,6133334B,2026-08-15 21:43:08.000Z,-55,60.956803,-138.032091
radio434mhz,6133334B,2026-08-15 21:43:10.000Z,-34,60.956809,-138.032050
radio434mhz,6133334B,2026-08-15 21:43:12.000Z,-37,60.956823,-138.032021
radio434mhz,6133334B,2026-08-15 21:43:15.000Z,-41,60.956819,-138.031976
radio434mhz,6133334B,2026-08-15 21:43:17.000Z,-39,60.956837,-138.031963
radio434mhz,6133334B,2026-08-15 21:43:19.000Z,-39,60.956849,-138.032002
radio434mhz,6133334B,2026-08-15 21:43:22.000Z,-38,60.956875,-138.032050
bluetooth,D2A3B933,2026-08-15 21:43:22.000Z,-28,60.956875,-138.032050,33285,2,0,1571,25.67
radio434mhz,6133334B,2026-08-15 21:43:24.000Z,-37,60.956915,-138.032003
radio434mhz,6133334B,2026-08-15 21:43:26.000Z,-37,60.956948,-138.032012
radio434mhz,5552522A,2026-08-15 21:43:27.000Z,-109,60.956948,-138.032012
radio434mhz,6133334B,2026-08-15 21:43:29.000Z,-33,60.956949,-138.031930
radio434mhz,6133334B,2026-08-15 21:43:31.000Z,-36,60.956949,-138.031930
bluetooth,D2A3B933,2026-08-15 21:43:32.000Z,-34,60.956971,-138.031894,30201,2,0,1571,25.65
radio434mhz,6133334B,2026-08-15 21:43:33.000Z,-37,60.956971,-138.031894
radio434mhz,6133334B,2026-08-15 21:43:36.000Z,-37,60.956976,-138.031844
radio434mhz,6133334B,2026-08-15 21:43:38.000Z,-37,60.956998,-138.031870
radio434mhz,6133334B,2026-08-15 21:43:40.000Z,-37,60.957011,-138.031886
bluetooth,D2A3B933,2026-08-15 21:43:42.000Z,-25,60.957032,-138.031905,26698,2,0,1572,25.60
radio434mhz,6133334B,2026-08-15 21:43:43.000Z,-37,60.957032,-138.031905
radio434mhz,6133334B,2026-08-15 21:43:45.000Z,-36,60.957027,-138.031930
radio434mhz,6133334B,2026-08-15 21:43:47.000Z,-37,60.957027,-138.031930
radio434mhz,6133334B,2026-08-15 21:43:50.000Z,-37,60.957028,-138.031957
radio434mhz,6133334B,2026-08-15 21:43:52.000Z,-36,60.957042,-138.031973
bluetooth,D2A3B933,2026-08-15 21:43:53.000Z,-32,60.957051,-138.031939,9576,2,0,1570,25.75
radio434mhz,6133334B,2026-08-15 21:43:54.000Z,-37,60.957051,-138.031939
radio434mhz,6133334B,2026-08-15 21:43:57.000Z,-36,60.957071,-138.031935
radio434mhz,6133334B,2026-08-15 21:43:59.000Z,-37,60.957102,-138.031921
radio434mhz,6133334B,2026-08-15 21:44:01.000Z,-37,60.957123,-138.031877
bluetooth,D2A3B933,2026-08-15 21:44:03.000Z,-43,60.957133,-138.031851,23454,2,0,1570,25.67
radio434mhz,6133334B,2026-08-15 21:44:04.000Z,-37,60.957133,-138.031851
radio434mhz,6133334B,2026-08-15 21:44:06.000Z,-36,60.957141,-138.031805
radio434mhz,5552522A,2026-08-15 21:44:07.000Z,-106,60.957149,-138.031782
radio434mhz,6133334B,2026-08-15 21:44:08.000Z,-37,60.957149,-138.031782
radio434mhz,6133334B,2026-08-15 21:44:11.000Z,-38,60.957174,-138.031792
bluetooth,D2A3B933,2026-08-15 21:44:13.000Z,-35,60.957191,-138.031778,28235,2,0,1570,25.65
radio434mhz,6133334B,2026-08-15 21:44:13.000Z,-37,60.957191,-138.031778
radio434mhz,6133334B,2026-08-15 21:44:15.000Z,-37,60.957212,-138.031776
radio434mhz,5552522A,2026-08-15 21:44:17.000Z,-105,60.957212,-138.031776
radio434mhz,6133334B,2026-08-15 21:44:18.000Z,-36,60.957243,-138.031734
radio434mhz,6133334B,2026-08-15 21:44:20.000Z,-37,60.957270,-138.031733
radio434mhz,6133334B,2026-08-15 21:44:22.000Z,-36,60.957270,-138.031733
bluetooth,D2A3B933,2026-08-15 21:44:23.000Z,-40,60.957288,-138.031741,27457,2,0,1570,25.80
radio434mhz,6133334B,2026-08-15 21:44:25.000Z,-37,60.957288,-138.031741
radio434mhz,6133334B,2026-08-15 21:44:27.000Z,-36,60.957303,-138.031767
radio434mhz,6133334B,2026-08-15 21:44:29.000Z,-37,60.957324,-138.031755
radio434mhz,6133334B,2026-08-15 21:44:32.000Z,-37,60.957338,-138.031772
radio434mhz,5552522A,2026-08-15 21:44:32.000Z,-104,60.957356,-138.031739
bluetooth,D2A3B933,2026-08-15 21:44:33.000Z,-36,60.957356,-138.031739,48937,2,0,1571,25.82
radio434mhz,6133334B,2026-08-15 21:44:34.000Z,-36,60.957356,-138.031739
radio434mhz,6133334B,2026-08-15 21:44:36.000Z,-37,60.957382,-138.031740
radio434mhz,6133334B,2026-08-15 21:44:39.000Z,-37,60.957383,-138.031767
radio434mhz,6133334B,2026-08-15 21:44:41.000Z,-36,60.957402,-138.031822
radio434mhz,6133334B,2026-08-15 21:44:43.000Z,-36,60.957433,-138.031815
radio434mhz,6133334B,2026-08-15 21:44:46.000Z,-37,60.957461,-138.031849
radio434mhz,6133334B,2026-08-15 21:44:48.000Z,-36,60.957461,-138.031849
radio434mhz,6133334B,2026-08-15 21:44:50.000Z,-37,60.957516,-138.031836
radio434mhz,6133334B,2026-08-15 21:44:53.000Z,-35,60.957539,-138.031870
bluetooth,D2A3B933,2026-08-15 21:44:53.000Z,-42,60.957539,-138.031870,53888,2,0,1570,25.75
radio434mhz,6133334B,2026-08-15 21:44:55.000Z,-36,60.957558,-138.031859
radio434mhz,6133334B,2026-08-15 21:44:57.000Z,-37,60.957581,-138.031869
radio434mhz,6133334B,2026-08-15 21:45:00.000Z,-37,60.957606,-138.031837
radio434mhz,5552522A,2026-08-15 21:45:00.000Z,-107,60.957606,-138.031837
radio434mhz,6133334B,2026-08-15 21:45:02.000Z,-37,60.957639,-138.031812
radio434mhz,5552522A,2026-08-15 21:45:03.000Z,-109,60.957639,-138.031812
bluetooth,D2A3B933,2026-08-15 21:45:03.000Z,-33,60.957639,-138.031812,18736,2,0,1570,25.95
radio434mhz,6133334B,2026-08-15 21:45:04.000Z,-37,60.957652,-138.031718
radio434mhz,6133334B,2026-08-15 21:45:07.000Z,-36,60.957658,-138.031645
radio434mhz,6133334B,2026-08-15 21:45:09.000Z,-37,60.957685,-138.031602
radio434mhz,5552522A,2026-08-15 21:45:09.000Z,-109,60.957685,-138.031602
radio434mhz,6133334B,2026-08-15 21:45:11.000Z,-37,60.957685,-138.031602
bluetooth,D2A3B933,2026-08-15 21:45:13.000Z,-48,60.957713,-138.031606,44536,2,0,1571,25.88
radio434mhz,6133334B,2026-08-15 21:45:14.000Z,-37,60.957713,-138.031606
radio434mhz,6133334B,2026-08-15 21:45:16.000Z,-31,60.957738,-138.031657
radio434mhz,6133334B,2026-08-15 21:45:18.000Z,-37,60.957767,-138.031662
radio434mhz,6133334B,2026-08-15 21:45:21.000Z,-37,60.957789,-138.031689
radio434mhz,6133334B,2026-08-15 21:45:23.000Z,-37,60.957806,-138.031714
bluetooth,D2A3B933,2026-08-15 21:45:24.000Z,-38,60.957806,-138.031714,6551,2,0,1571,25.82
radio434mhz,6133334B,2026-08-15 21:45:25.000Z,-37,60.957797,-138.031713
radio434mhz,6133334B,2026-08-15 21:45:28.000Z,-37,60.957797,-138.031713
radio434mhz,6133334B,2026-08-15 21:45:30.000Z,-36,60.957811,-138.031692
radio434mhz,6133334B,2026-08-15 21:45:32.000Z,-37,60.957832,-138.031655
bluetooth,D2A3B933,2026-08-15 21:45:34.000Z,-35,60.957866,-138.031685,56312,2,0,1570,25.80
radio434mhz,6133334B,2026-08-15 21:45:35.000Z,-36,60.957866,-138.031685
radio434mhz,6133334B,2026-08-15 21:45:37.000Z,-35,60.957886,-138.031724
radio434mhz,6133334B,2026-08-15 21:45:39.000Z,-38,60.957900,-138.031731
radio434mhz,6133334B,2026-08-15 21:45:42.000Z,-36,60.957923,-138.031732
bluetooth,D2A3B933,2026-08-15 21:45:44.000Z,-36,60.957923,-138.031732,203,2,0,1570,25.80
radio434mhz,6133334B,2026-08-15 21:45:44.000Z,-37,60.957923,-138.031732
radio434mhz,6133334B,2026-08-15 21:45:46.000Z,-37,60.957953,-138.031718
radio434mhz,6133334B,2026-08-15 21:45:49.000Z,-37,60.957967,-138.031676
radio434mhz,6133334B,2026-08-15 21:45:51.000Z,-37,60.958014,-138.031659
radio434mhz,6133334B,2026-08-15 21:45:53.000Z,-36,60.958033,-138.031638
bluetooth,D2A3B933,2026-08-15 21:45:54.000Z,-44,60.958033,-138.031638,62525,2,0,1571,25.70
radio434mhz,6133334B,2026-08-15 21:45:56.000Z,-37,60.958065,-138.031593
radio434mhz,6133334B,2026-08-15 21:45:58.000Z,-37,60.958074,-138.031599
radio434mhz,6133334B,2026-08-15 21:46:00.000Z,-37,60.958074,-138.031599
radio434mhz,6133334B,2026-08-15 21:46:02.000Z,-37,60.958078,-138.031601
bluetooth,D2A3B933,2026-08-15 21:46:04.000Z,-36,60.958078,-138.031601,64560,2,0,1569,25.65
radio434mhz,6133334B,2026-08-15 21:46:05.000Z,-37,60.958078,-138.031601
radio434mhz,6133334B,2026-08-15 21:46:07.000Z,-37,60.958076,-138.031607
radio434mhz,6133334B,2026-08-15 21:46:09.000Z,-37,60.958076,-138.031607
radio434mhz,6133334B,2026-08-15 21:46:12.000Z,-37,60.958078,-138.031614
bluetooth,D2A3B933,2026-08-15 21:46:14.000Z,-33,60.958088,-138.031633,40751,2,0,1572,25.57
radio434mhz,6133334B,2026-08-15 21:46:14.000Z,-37,60.958088,-138.031633
radio434mhz,6133334B,2026-08-15 21:46:16.000Z,-37,60.958109,-138.031617
radio434mhz,6133334B,2026-08-15 21:46:19.000Z,-36,60.958118,-138.031594
radio434mhz,52782D1E,2026-08-15 21:46:19.000Z,-109,60.958118,-138.031594
radio434mhz,6133334B,2026-08-15 21:46:21.000Z,-37,60.958124,-138.031566
radio434mhz,6133334B,2026-08-15 21:46:23.000Z,-35,60.958092,-138.031606
bluetooth,D2A3B933,2026-08-15 21:46:24.000Z,-34,60.958092,-138.031606,9330,2,0,1571,25.82
radio434mhz,6133334B,2026-08-15 21:46:26.000Z,-37,60.958073,-138.031602
radio434mhz,6133334B,2026-08-15 21:46:28.000Z,-36,60.958073,-138.031602
radio434mhz,6133334B,2026-08-15 21:46:30.000Z,-37,60.958063,-138.031629
radio434mhz,6133334B,2026-08-15 21:46:33.000Z,-36,60.958048,-138.031603
bluetooth,D2A3B933,2026-08-15 21:46:34.000Z,-38,60.958047,-138.031587,44034,2,0,1571,26.23
radio434mhz,6133334B,2026-08-15 21:46:35.000Z,-37,60.958047,-138.031587
radio434mhz,6133334B,2026-08-15 21:46:37.000Z,-37,60.958030,-138.031578
radio434mhz,6133334B,2026-08-15 21:46:40.000Z,-37,60.958052,-138.031622
radio434mhz,6133334B,2026-08-15 21:46:42.000Z,-37,60.958031,-138.031635
radio434mhz,6133334B,2026-08-15 21:46:44.000Z,-37,60.958047,-138.031669
bluetooth,D2A3B933,2026-08-15 21:46:44.000Z,-31,60.958047,-138.031669,6030,2,0,1570,26.15
radio434mhz,6133334B,2026-08-15 21:46:47.000Z,-36,60.958058,-138.031707
radio434mhz,6133334B,2026-08-15 21:46:49.000Z,-37,60.958058,-138.031707
radio434mhz,6133334B,2026-08-15 21:46:51.000Z,-37,60.958079,-138.031709
radio434mhz,6133334B,2026-08-15 21:46:54.000Z,-37,60.958072,-138.031725
radio434mhz,5552522A,2026-08-15 21:46:54.000Z,-108,60.958072,-138.031725
bluetooth,D2A3B933,2026-08-15 21:46:55.000Z,-39,60.958072,-138.031725,19428,2,0,1570,26.36
radio434mhz,6133334B,2026-08-15 21:46:56.000Z,-37,60.958064,-138.031757
radio434mhz,6133334B,2026-08-15 21:46:58.000Z,-37,60.958054,-138.031715
radio434mhz,6133334B,2026-08-15 21:47:01.000Z,-37,60.958041,-138.031716
radio434mhz,6133334B,2026-08-15 21:47:03.000Z,-37,60.958041,-138.031716
bluetooth,D2A3B933,2026-08-15 21:47:05.000Z,-71,60.958052,-138.031704,45781,2,0,1572,26.03
radio434mhz,6133334B,2026-08-15 21:47:05.000Z,-37,60.958052,-138.031704
radio434mhz,6133334B,2026-08-15 21:47:08.000Z,-37,60.958056,-138.031692
radio434mhz,5552522A,2026-08-15 21:47:10.000Z,-109,60.958055,-138.031694
radio434mhz,6133334B,2026-08-15 21:47:10.000Z,-37,60.958055,-138.031694
radio434mhz,6133334B,2026-08-15 21:47:12.000Z,-37,60.958049,-138.031698
radio434mhz,6133334B,2026-08-15 21:47:15.000Z,-38,60.958040,-138.031711
radio434mhz,6133334B,2026-08-15 21:47:17.000Z,-38,60.958040,-138.031711
radio434mhz,6133334B,2026-08-15 21:47:19.000Z,-37,60.958025,-138.031731
radio434mhz,6133334B,2026-08-15 21:47:22.000Z,-38,60.958011,-138.031778
radio434mhz,6133334B,2026-08-15 21:47:24.000Z,-37,60.958005,-138.031862
bluetooth,D2A3B933,2026-08-15 21:47:25.000Z,-17,60.958003,-138.031925,60124,2,0,1569,25.88
radio434mhz,6133334B,2026-08-15 21:47:26.000Z,-38,60.958003,-138.031925
radio434mhz,6133334B,2026-08-15 21:47:28.000Z,-37,60.957994,-138.031996
radio434mhz,6133334B,2026-08-15 21:47:31.000Z,-37,60.957971,-138.032015
radio434mhz,6133334B,2026-08-15 21:47:33.000Z,-42,60.957938,-138.032180
bluetooth,D2A3B933,2026-08-15 21:47:35.000Z,-35,60.957938,-138.032180,53747,2,0,1570,26.33
radio434mhz,6133334B,2026-08-15 21:47:35.000Z,-37,60.957928,-138.032276
radio434mhz,6133334B,2026-08-15 21:47:38.000Z,-37,60.957915,-138.032335
radio434mhz,6133334B,2026-08-15 21:47:40.000Z,-37,60.957915,-138.032335
radio434mhz,6133334B,2026-08-15 21:47:42.000Z,-36,60.957915,-138.032399
radio434mhz,6133334B,2026-08-15 21:47:45.000Z,-37,60.957898,-138.032445
radio434mhz,6133334B,2026-08-15 21:47:47.000Z,-36,60.957875,-138.032460
radio434mhz,6133334B,2026-08-15 21:47:49.000Z,-37,60.957847,-138.032517
radio434mhz,6133334B,2026-08-15 21:47:52.000Z,-37,60.957819,-138.032533
radio434mhz,6133334B,2026-08-15 21:47:54.000Z,-37,60.957801,-138.032553
bluetooth,D2A3B933,2026-08-15 21:47:55.000Z,-54,60.957786,-138.032600,46586,2,0,1570,26.51
radio434mhz,6133334B,2026-08-15 21:47:56.000Z,-37,60.957786,-138.032600
radio434mhz,6133334B,2026-08-15 21:47:59.000Z,-37,60.957755,-138.032626
radio434mhz,6133334B,2026-08-15 21:48:01.000Z,-37,60.957729,-138.032655
radio434mhz,6133334B,2026-08-15 21:48:03.000Z,-37,60.957701,-138.032690
bluetooth,D2A3B933,2026-08-15 21:48:05.000Z,-37,60.957668,-138.032709,13581,2,0,1571,26.53
radio434mhz,6133334B,2026-08-15 21:48:06.000Z,-37,60.957668,-138.032709
radio434mhz,6133334B,2026-08-15 21:48:08.000Z,-37,60.957641,-138.032682
radio434mhz,6133334B,2026-08-15 21:48:10.000Z,-37,60.957606,-138.032656
radio434mhz,6133334B,2026-08-15 21:48:13.000Z,-37,60.957575,-138.032670
radio434mhz,6133334B,2026-08-15 21:48:15.000Z,-37,60.957553,-138.032634
bluetooth,D2A3B933,2026-08-15 21:48:16.000Z,-48,60.957553,-138.032634,25320,2,0,1570,26.68
radio434mhz,6133334B,2026-08-15 21:48:17.000Z,-36,60.957532,-138.032649
radio434mhz,6133334B,2026-08-15 21:48:20.000Z,-37,60.957510,-138.032661
radio434mhz,6133334B,2026-08-15 21:48:22.000Z,-36,60.957488,-138.032631
radio434mhz,6133334B,2026-08-15 21:48:24.000Z,-37,60.957463,-138.032609
bluetooth,D2A3B933,2026-08-15 21:48:26.000Z,-45,60.957463,-138.032609,60374,2,0,1569,26.56
radio434mhz,6133334B,2026-08-15 21:48:27.000Z,-37,60.957463,-138.032609
radio434mhz,6133334B,2026-08-15 21:48:29.000Z,-37,60.957457,-138.032560
radio434mhz,6133334B,2026-08-15 21:48:31.000Z,-37,60.957440,-138.032513
radio434mhz,6133334B,2026-08-15 21:48:33.000Z,-36,60.957429,-138.032459
radio434mhz,6133334B,2026-08-15 21:48:36.000Z,-37,60.957400,-138.032440
bluetooth,D2A3B933,2026-08-15 21:48:36.000Z,-32,60.957400,-138.032440,65363,2,0,1570,26.89
radio434mhz,6133334B,2026-08-15 21:48:38.000Z,-37,60.957374,-138.032442
radio434mhz,6133334B,2026-08-15 21:48:40.000Z,-36,60.957345,-138.032445
radio434mhz,6133334B,2026-08-15 21:48:43.000Z,-36,60.957318,-138.032418
radio434mhz,6133334B,2026-08-15 21:48:45.000Z,-36,60.957295,-138.032374
bluetooth,D2A3B933,2026-08-15 21:48:46.000Z,-35,60.957295,-138.032374,22101,2,0,1569,26.78
radio434mhz,6133334B,2026-08-15 21:48:47.000Z,-37,60.957289,-138.032339
radio434mhz,6133334B,2026-08-15 21:48:50.000Z,-36,60.957274,-138.032294
radio434mhz,6133334B,2026-08-15 21:48:52.000Z,-36,60.957274,-138.032294
radio434mhz,6133334B,2026-08-15 21:48:54.000Z,-36,60.957234,-138.032272
radio434mhz,5552522A,2026-08-15 21:48:55.000Z,-109,60.957234,-138.032272
bluetooth,D2A3B933,2026-08-15 21:48:56.000Z,-42,60.957206,-138.032246,35881,2,0,1571,26.58
radio434mhz,6133334B,2026-08-15 21:48:57.000Z,-36,60.957206,-138.032246
radio434mhz,6133334B,2026-08-15 21:48:59.000Z,-37,60.957196,-138.032271
radio434mhz,6133334B,2026-08-15 21:49:01.000Z,-37,60.957167,-138.032277
radio434mhz,6133334B,2026-08-15 21:49:04.000Z,-37,60.957140,-138.032255
radio434mhz,6133334B,2026-08-15 21:49:06.000Z,-36,60.957115,-138.032239
bluetooth,D2A3B933,2026-08-15 21:49:06.000Z,-35,60.957115,-138.032239,44064,2,0,1570,26.51
radio434mhz,6133334B,2026-08-15 21:49:08.000Z,-36,60.957094,-138.032260
radio434mhz,5552522A,2026-08-15 21:49:10.000Z,-106,60.957068,-138.032287
radio434mhz,6133334B,2026-08-15 21:49:11.000Z,-36,60.957068,-138.032287
radio434mhz,6133334B,2026-08-15 21:49:13.000Z,-36,60.957049,-138.032237
radio434mhz,6133334B,2026-08-15 21:49:15.000Z,-38,60.957040,-138.032144
bluetooth,D2A3B933,2026-08-15 21:49:16.000Z,-36,60.957040,-138.032144,8418,2,0,1570,26.46
radio434mhz,5552522A,2026-08-15 21:49:16.000Z,-112,60.957040,-138.032144
radio434mhz,6133334B,2026-08-15 21:49:17.000Z,-38,60.957022,-138.032099
radio434mhz,6133334B,2026-08-15 21:49:20.000Z,-36,60.957022,-138.032099
radio434mhz,6133334B,2026-08-15 21:49:22.000Z,-37,60.957004,-138.032021
radio434mhz,5552522A,2026-08-15 21:49:23.000Z,-107,60.957004,-138.032021
radio434mhz,6133334B,2026-08-15 21:49:24.000Z,-36,60.956993,-138.031971
radio434mhz,5552522A,2026-08-15 21:49:26.000Z,-110,60.956993,-138.031971
bluetooth,D2A3B933,2026-08-15 21:49:27.000Z,-34,60.956993,-138.031971,28742,2,0,1571,26.48
radio434mhz,6133334B,2026-08-15 21:49:27.000Z,-37,60.956994,-138.031954
radio434mhz,6133334B,2026-08-15 21:49:29.000Z,-37,60.956980,-138.031988
radio434mhz,6133334B,2026-08-15 21:49:31.000Z,-37,60.956980,-138.031988
radio434mhz,6133334B,2026-08-15 21:49:34.000Z,-36,60.956974,-138.031967
radio434mhz,6133334B,2026-08-15 21:49:36.000Z,-36,60.956934,-138.031852
bluetooth,D2A3B933,2026-08-15 21:49:37.000Z,-36,60.956912,-138.031826,60669,2,0,1570,26.38
radio434mhz,6133334B,2026-08-15 21:49:38.000Z,-36,60.956912,-138.031826
radio434mhz,6133334B,2026-08-15 21:49:41.000Z,-36,60.956905,-138.031769
radio434mhz,6133334B,2026-08-15 21:49:43.000Z,-37,60.956903,-138.031726
radio434mhz,5552522A,2026-08-15 21:49:44.000Z,-108,60.956878,-138.031708
radio434mhz,6133334B,2026-08-15 21:49:45.000Z,-31,60.956878,-138.031708
bluetooth,D2A3B933,2026-08-15 21:49:47.000Z,-44,60.956860,-138.031674,47541,2,0,1570,26.46
radio434mhz,6133334B,2026-08-15 21:49:48.000Z,-36,60.956860,-138.031674
radio434mhz,6133334B,2026-08-15 21:49:50.000Z,-36,60.956842,-138.031695
radio434mhz,6133334B,2026-08-15 21:49:52.000Z,-37,60.956814,-138.031674
radio434mhz,6133334B,2026-08-15 21:49:55.000Z,-36,60.956801,-138.031624
radio434mhz,6133334B,2026-08-15 21:49:57.000Z,-37,60.956779,-138.031604
bluetooth,D2A3B933,2026-08-15 21:49:57.000Z,-42,60.956779,-138.031604,50338,2,0,1569,26.38
radio434mhz,6133334B,2026-08-15 21:49:59.000Z,-37,60.956780,-138.031557
radio434mhz,6133334B,2026-08-15 21:50:01.000Z,-37,60.956798,-138.031526
radio434mhz,6133334B,2026-08-15 21:50:04.000Z,-37,60.956823,-138.031479
radio434mhz,6133334B,2026-08-15 21:50:06.000Z,-37,60.956823,-138.031479
bluetooth,D2A3B933,2026-08-15 21:50:07.000Z,-37,60.956812,-138.031438,56848,2,0,1570,26.28
radio434mhz,6133334B,2026-08-15 21:50:08.000Z,-37,60.956812,-138.031438
radio434mhz,5552522A,2026-08-15 21:50:09.000Z,-108,60.956812,-138.031438
radio434mhz,6133334B,2026-08-15 21:50:11.000Z,-36,60.956781,-138.031449
radio434mhz,6133334B,2026-08-15 21:50:13.000Z,-37,60.956773,-138.031411
radio434mhz,5552522A,2026-08-15 21:50:15.000Z,-106,60.956741,-138.031418
radio434mhz,6133334B,2026-08-15 21:50:15.000Z,-37,60.956741,-138.031418
bluetooth,D2A3B933,2026-08-15 21:50:17.000Z,-43,60.956741,-138.031418,56403,2,0,1571,26.38
radio434mhz,6133334B,2026-08-15 21:50:18.000Z,-37,60.956743,-138.031384
radio434mhz,6133334B,2026-08-15 21:50:20.000Z,-37,60.956722,-138.031366
radio434mhz,6133334B,2026-08-15 21:50:22.000Z,-37,60.956696,-138.031387
radio434mhz,5552522A,2026-08-15 21:50:24.000Z,-108,60.956696,-138.031387
radio434mhz,6133334B,2026-08-15 21:50:25.000Z,-37,60.956696,-138.031387
radio434mhz,6133334B,2026-08-15 21:50:27.000Z,-37,60.956665,-138.031389
bluetooth,D2A3B933,2026-08-15 21:50:27.000Z,-40,60.956665,-138.031389,28995,2,0,1570,26.13
radio434mhz,5552522A,2026-08-15 21:50:27.000Z,-104,60.956665,-138.031389
radio434mhz,6133334B,2026-08-15 21:50:29.000Z,-37,60.956645,-138.031324
radio434mhz,6133334B,2026-08-15 21:50:32.000Z,-36,60.956637,-138.031263
radio434mhz,6133334B,2026-08-15 21:50:34.000Z,-36,60.956612,-138.031191
radio434mhz,6133334B,2026-08-15 21:50:36.000Z,-37,60.956596,-138.031162
radio434mhz,6133334B,2026-08-15 21:50:38.000Z,-37,60.956570,-138.031153
radio434mhz,5552522A,2026-08-15 21:50:40.000Z,-108,60.956570,-138.031153
radio434mhz,6133334B,2026-08-15 21:50:41.000Z,-37,60.956540,-138.031155
radio434mhz,5552522A,2026-08-15 21:50:43.000Z,-109,60.956515,-138.031158
radio434mhz,6133334B,2026-08-15 21:50:43.000Z,-37,60.956515,-138.031158
radio434mhz,6133334B,2026-08-15 21:50:45.000Z,-37,60.956484,-138.031165
bluetooth,D2A3B933,2026-08-15 21:50:48.000Z,-49,60.956484,-138.031165,62361,2,0,1570,26.46
radio434mhz,6133334B,2026-08-15 21:50:48.000Z,-39,60.956470,-138.031132
radio434mhz,5552522A,2026-08-15 21:50:49.000Z,-107,60.956470,-138.031132
radio434mhz,6133334B,2026-08-15 21:50:50.000Z,-37,60.956470,-138.031132
radio434mhz,6133334B,2026-08-15 21:50:52.000Z,-36,60.956457,-138.031098
radio434mhz,6133334B,2026-08-15 21:50:55.000Z,-37,60.956469,-138.031087
radio434mhz,5552522A,2026-08-15 21:50:55.000Z,-104,60.956469,-138.031087
radio434mhz,6133334B,2026-08-15 21:50:57.000Z,-36,60.956470,-138.031076
bluetooth,D2A3B933,2026-08-15 21:50:58.000Z,-45,60.956470,-138.031076,61974,2,0,1571,26.36
radio434mhz,2A2A2A2D,2026-08-15 21:50:59.000Z,-110,60.956449,-138.031015
radio434mhz,6133334B,2026-08-15 21:50:59.000Z,-37,60.956449,-138.031015
radio434mhz,6133334B,2026-08-15 21:51:02.000Z,-37,60.956436,-138.030971
radio434mhz,6133334B,2026-08-15 21:51:04.000Z,-37,60.956390,-138.030927
radio434mhz,5552522A,2026-08-15 21:51:04.000Z,-105,60.956390,-138.030927
radio434mhz,6133334B,2026-08-15 21:51:06.000Z,-37,60.956367,-138.030903
bluetooth,D2A3B933,2026-08-15 21:51:08.000Z,-17,60.956367,-138.030903,53252,2,0,1570,26.51
radio434mhz,6133334B,2026-08-15 21:51:08.000Z,-37,60.956339,-138.030899
radio434mhz,6133334B,2026-08-15 21:51:11.000Z,-35,60.956322,-138.030896
radio434mhz,6133334B,2026-08-15 21:51:13.000Z,-37,60.956302,-138.030924
radio434mhz,6133334B,2026-08-15 21:51:15.000Z,-37,60.956285,-138.030924
radio434mhz,6133334B,2026-08-15 21:51:18.000Z,-37,60.956243,-138.031005
bluetooth,D2A3B933,2026-08-15 21:51:18.000Z,-40,60.956243,-138.031005,34420,2,0,1570,26.38
radio434mhz,6133334B,2026-08-15 21:51:20.000Z,-37,60.956243,-138.031005
radio434mhz,6133334B,2026-08-15 21:51:22.000Z,-37,60.956213,-138.031018
radio434mhz,2A2A2A2D,2026-08-15 21:51:23.000Z,-109,60.956213,-138.031018
radio434mhz,6133334B,2026-08-15 21:51:25.000Z,-37,60.956186,-138.031021
radio434mhz,6133334B,2026-08-15 21:51:27.000Z,-38,60.956162,-138.031012
bluetooth,D2A3B933,2026-08-15 21:51:28.000Z,-51,60.956145,-138.031006,37239,2,0,1570,26.38
radio434mhz,6133334B,2026-08-15 21:51:29.000Z,-37,60.956145,-138.031006
radio434mhz,6133334B,2026-08-15 21:51:32.000Z,-37,60.956133,-138.030959
radio434mhz,6133334B,2026-08-15 21:51:34.000Z,-36,60.956113,-138.030974
radio434mhz,6133334B,2026-08-15 21:51:36.000Z,-37,60.956090,-138.030990
radio434mhz,6133334B,2026-08-15 21:51:39.000Z,-36,60.956058,-138.030982
radio434mhz,6133334B,2026-08-15 21:51:41.000Z,-37,60.956027,-138.031006
radio434mhz,6133334B,2026-08-15 21:51:43.000Z,-36,60.956023,-138.031086
radio434mhz,6133334B,2026-08-15 21:51:45.000Z,-37,60.955994,-138.031097
radio434mhz,2A2A2A2D,2026-08-15 21:51:46.000Z,-112,60.955994,-138.031097
radio434mhz,6133334B,2026-08-15 21:51:48.000Z,-37,60.955994,-138.031097
bluetooth,D2A3B933,2026-08-15 21:51:48.000Z,-35,60.955980,-138.031096,17120,2,0,1570,26.23
radio434mhz,6133334B,2026-08-15 21:51:50.000Z,-37,60.955980,-138.031096
radio434mhz,6133334B,2026-08-15 21:51:52.000Z,-37,60.955958,-138.031056
radio434mhz,6133334B,2026-08-15 21:51:55.000Z,-37,60.955945,-138.031021
radio434mhz,6133334B,2026-08-15 21:51:57.000Z,-37,60.955923,-138.030990
bluetooth,D2A3B933,2026-08-15 21:51:58.000Z,-50,60.955890,-138.031029,24345,2,0,1571,26.41
radio434mhz,6133334B,2026-08-15 21:51:59.000Z,-36,60.955890,-138.031029
radio434mhz,6133334B,2026-08-15 21:52:02.000Z,-37,60.955867,-138.031001
radio434mhz,6133334B,2026-08-15 21:52:04.000Z,-37,60.955846,-138.030998
radio434mhz,6133334B,2026-08-15 21:52:06.000Z,-37,60.955823,-138.031024
bluetooth,D2A3B933,2026-08-15 21:52:09.000Z,-43,60.955829,-138.031066,62651,2,0,1570,26.51
radio434mhz,6133334B,2026-08-15 21:52:09.000Z,-37,60.955829,-138.031066
radio434mhz,6133334B,2026-08-15 21:52:11.000Z,-36,60.955810,-138.031094
radio434mhz,6133334B,2026-08-15 21:52:13.000Z,-38,60.955785,-138.031074
radio434mhz,6133334B,2026-08-15 21:52:15.000Z,-37,60.955772,-138.031094
radio434mhz,6133334B,2026-08-15 21:52:18.000Z,-37,60.955762,-138.031129
bluetooth,D2A3B933,2026-08-15 21:52:19.000Z,-40,60.955762,-138.031129,54468,2,0,1571,26.46
radio434mhz,6133334B,2026-08-15 21:52:20.000Z,-37,60.955740,-138.031117
radio434mhz,6133334B,2026-08-15 21:52:22.000Z,-37,60.955718,-138.031115
radio434mhz,6133334B,2026-08-15 21:52:25.000Z,-37,60.955707,-138.031080
radio434mhz,6133334B,2026-08-15 21:52:27.000Z,-37,60.955707,-138.031080
bluetooth,D2A3B933,2026-08-15 21:52:29.000Z,-33,60.955693,-138.031032,842,2,0,1569,26.48
radio434mhz,6133334B,2026-08-15 21:52:29.000Z,-38,60.955693,-138.031032
radio434mhz,6133334B,2026-08-15 21:52:32.000Z,-36,60.955689,-138.030988
radio434mhz,6133334B,2026-08-15 21:52:34.000Z,-35,60.955675,-138.030958
radio434mhz,6133334B,2026-08-15 21:52:36.000Z,-41,60.955648,-138.030924
radio434mhz,2A2A2A2D,2026-08-15 21:52:37.000Z,-109,60.955648,-138.030924
radio434mhz,6133334B,2026-08-15 21:52:39.000Z,-53,60.955648,-138.030924
bluetooth,D2A3B933,2026-08-15 21:52:39.000Z,-45,60.955630,-138.030902,56590,2,0,1570,26.33
radio434mhz,6133334B,2026-08-15 21:52:41.000Z,-54,60.955630,-138.030902
radio434mhz,6133334B,2026-08-15 21:52:43.000Z,-52,60.955617,-138.030863
radio434mhz,6133334B,2026-08-15 21:52:45.000Z,-50,60.955658,-138.030758
radio434mhz,6133334B,2026-08-15 21:52:48.000Z,-43,60.955663,-138.030690
bluetooth,D2A3B933,2026-08-15 21:52:49.000Z,-38,60.955663,-138.030690,39511,2,0,1570,26.38
radio434mhz,6133334B,2026-08-15 21:52:50.000Z,-47,60.955683,-138.030661
radio434mhz,6133334B,2026-08-15 21:52:52.000Z,-54,60.955706,-138.030653
radio434mhz,6133334B,2026-08-15 21:52:55.000Z,-50,60.955706,-138.030653
radio434mhz,6133334B,2026-08-15 21:52:57.000Z,-47,60.955725,-138.030628
radio434mhz,6133334B,2026-08-15 21:52:59.000Z,-48,60.955751,-138.030650
radio434mhz,6133334B,2026-08-15 21:53:02.000Z,-47,60.955774,-138.030667
radio434mhz,6133334B,2026-08-15 21:53:04.000Z,-44,60.955814,-138.030561
radio434mhz,6133334B,2026-08-15 21:53:06.000Z,-43,60.955824,-138.030526
radio434mhz,6133334B,2026-08-15 21:53:09.000Z,-51,60.955834,-138.030545
bluetooth,D2A3B933,2026-08-15 21:53:09.000Z,-41,60.955834,-138.030545,42818,2,0,1571,26.08
radio434mhz,6133334B,2026-08-15 21:53:11.000Z,-49,60.955834,-138.030545
radio434mhz,2A2A2A2D,2026-08-15 21:53:11.000Z,-109,60.955842,-138.030530
radio434mhz,6133334B,2026-08-15 21:53:13.000Z,-42,60.955842,-138.030530
radio434mhz,6133334B,2026-08-15 21:53:15.000Z,-41,60.955846,-138.030520
radio434mhz,6133334B,2026-08-15 21:53:18.000Z,-42,60.955868,-138.030497
radio434mhz,2A2A2A2D,2026-08-15 21:53:18.000Z,-110,60.955868,-138.030497
bluetooth,D2A3B933,2026-08-15 21:53:19.000Z,-47,60.955890,-138.030485,49154,2,0,1571,26.03
radio434mhz,6133334B,2026-08-15 21:53:20.000Z,-42,60.955890,-138.030485
radio434mhz,6133334B,2026-08-15 21:53:22.000Z,-41,60.955911,-138.030466
radio434mhz,6133334B,2026-08-15 21:53:25.000Z,-44,60.955920,-138.030438
radio434mhz,6133334B,2026-08-15 21:53:27.000Z,-42,60.955946,-138.030419
radio434mhz,2A2A2A2D,2026-08-15 21:53:28.000Z,-108,60.955946,-138.030419
radio434mhz,6133334B,2026-08-15 21:53:29.000Z,-41,60.955969,-138.030404
bluetooth,D2A3B933,2026-08-15 21:53:29.000Z,-37,60.955969,-138.030404,25205,2,0,1569,26.18
radio434mhz,6133334B,2026-08-15 21:53:32.000Z,-42,60.955992,-138.030406
radio434mhz,6133334B,2026-08-15 21:53:34.000Z,-42,60.955992,-138.030406
radio434mhz,6133334B,2026-08-15 21:53:36.000Z,-42,60.956021,-138.030378
radio434mhz,6133334B,2026-08-15 21:53:39.000Z,-42,60.956030,-138.030305
bluetooth,D2A3B933,2026-08-15 21:53:40.000Z,-31,60.956030,-138.030305,11250,2,0,1569,25.95
radio434mhz,6133334B,2026-08-15 21:53:41.000Z,-40,60.956033,-138.030242
radio434mhz,5552522A,2026-08-15 21:53:42.000Z,-108,60.956033,-138.030242
radio434mhz,6133334B,2026-08-15 21:53:43.000Z,-43,60.956061,-138.030217
radio434mhz,6133334B,2026-08-15 21:53:46.000Z,-42,60.956092,-138.030203
radio434mhz,6133334B,2026-08-15 21:53:48.000Z,-42,60.956116,-138.030219
bluetooth,D2A3B933,2026-08-15 21:53:50.000Z,-47,60.956116,-138.030219,49877,2,0,1571,26.28
radio434mhz,6133334B,2026-08-15 21:53:50.000Z,-41,60.956116,-138.030219
radio434mhz,6133334B,2026-08-15 21:53:52.000Z,-49,60.956141,-138.030247
radio434mhz,6133334B,2026-08-15 21:53:55.000Z,-49,60.956153,-138.030322
radio434mhz,6133334B,2026-08-15 21:53:57.000Z,-48,60.956154,-138.030372
radio434mhz,6133334B,2026-08-15 21:53:59.000Z,-47,60.956175,-138.030411
bluetooth,D2A3B933,2026-08-15 21:54:00.000Z,-31,60.956175,-138.030411,11076,2,0,1569,26.13
radio434mhz,6133334B,2026-08-15 21:54:02.000Z,-49,60.956172,-138.030468
radio434mhz,6133334B,2026-08-15 21:54:04.000Z,-48,60.956198,-138.030478
radio434mhz,6133334B,2026-08-15 21:54:06.000Z,-48,60.956235,-138.030501
radio434mhz,6133334B,2026-08-15 21:54:09.000Z,-48,60.956264,-138.030478
radio434mhz,2A2A2A2D,2026-08-15 21:54:09.000Z,-110,60.956264,-138.030478
bluetooth,D2A3B933,2026-08-15 21:54:10.000Z,-67,60.956264,-138.030478,42995,2,0,1570,26.15
radio434mhz,6133334B,2026-08-15 21:54:11.000Z,-47,60.956264,-138.030478
radio434mhz,6133334B,2026-08-15 21:54:13.000Z,-47,60.956293,-138.030503
radio434mhz,6133334B,2026-08-15 21:54:16.000Z,-49,60.956303,-138.030517
radio434mhz,5552522A,2026-08-15 21:54:16.000Z,-109,60.956303,-138.030517
radio434mhz,6133334B,2026-08-15 21:54:18.000Z,-49,60.956332,-138.030538
bluetooth,D2A3B933,2026-08-15 21:54:20.000Z,-43,60.956337,-138.030596,52574,2,0,1571,26.30
radio434mhz,6133334B,2026-08-15 21:54:20.000Z,-48,60.956337,-138.030596
radio434mhz,6133334B,2026-08-15 21:54:23.000Z,-47,60.956342,-138.030662
radio434mhz,6133334B,2026-08-15 21:54:25.000Z,-48,60.956325,-138.030695
radio434mhz,5552522A,2026-08-15 21:54:25.000Z,-113,60.956325,-138.030695
radio434mhz,6133334B,2026-08-15 21:54:27.000Z,-48,60.956305,-138.030717
radio434mhz,6133334B,2026-08-15 21:54:29.000Z,-46,60.956291,-138.030752
radio434mhz,6133334B,2026-08-15 21:54:32.000Z,-49,60.956278,-138.030781
radio434mhz,6133334B,2026-08-15 21:54:34.000Z,-49,60.956278,-138.030781
radio434mhz,6133334B,2026-08-15 21:54:36.000Z,-49,60.956312,-138.030820
radio434mhz,6133334B,2026-08-15 21:54:39.000Z,-46,60.956338,-138.030847
bluetooth,D2A3B933,2026-08-15 21:54:40.000Z,-32,60.956338,-138.030847,13605,2,0,1570,26.18
radio434mhz,6133334B,2026-08-15 21:54:41.000Z,-49,60.956338,-138.030847
radio434mhz,6133334B,2026-08-15 21:54:43.000Z,-48,60.956366,-138.030876
radio434mhz,6133334B,2026-08-15 21:54:46.000Z,-50,60.956401,-138.030894
radio434mhz,6133334B,2026-08-15 21:54:48.000Z,-49,60.956402,-138.030951
radio434mhz,6133334B,2026-08-15 21:54:50.000Z,-52,60.956412,-138.030995
bluetooth,D2A3B933,2026-08-15 21:54:50.000Z,-41,60.956412,-138.030995,55748,2,0,1570,26.18
radio434mhz,6133334B,2026-08-15 21:54:53.000Z,-52,60.956433,-138.030998
radio434mhz,6133334B,2026-08-15 21:54:55.000Z,-66,60.956452,-138.031014
radio434mhz,5552522A,2026-08-15 21:54:56.000Z,-105,60.956452,-138.031014
radio434mhz,6133334B,2026-08-15 21:54:57.000Z,-52,60.956471,-138.031033
radio434mhz,6133334B,2026-08-15 21:55:00.000Z,-51,60.956513,-138.031025
bluetooth,D2A3B933,2026-08-15 21:55:01.000Z,-41,60.956513,-138.031025,309,2,0,1570,26.05
radio434mhz,6133334B,2026-08-15 21:55:02.000Z,-44,60.956533,-138.031026
radio434mhz,5552522A,2026-08-15 21:55:02.000Z,-108,60.956533,-138.031026
radio434mhz,6133334B,2026-08-15 21:55:04.000Z,-51,60.956533,-138.031026
radio434mhz,6133334B,2026-08-15 21:55:07.000Z,-49,60.956544,-138.031063
radio434mhz,6133334B,2026-08-15 21:55:09.000Z,-50,60.956556,-138.031089
bluetooth,D2A3B933,2026-08-15 21:55:11.000Z,-40,60.956573,-138.031137,1331,2,0,1569,26.43
radio434mhz,6133334B,2026-08-15 21:55:11.000Z,-51,60.956573,-138.031137
radio434mhz,6133334B,2026-08-15 21:55:13.000Z,-51,60.956558,-138.031169
radio434mhz,6133334B,2026-08-15 21:55:16.000Z,-50,60.956526,-138.031167
radio434mhz,6133334B,2026-08-15 21:55:18.000Z,-57,60.956508,-138.031170
radio434mhz,6133334B,2026-08-15 21:55:20.000Z,-54,60.956491,-138.031187
bluetooth,D2A3B933,2026-08-15 21:55:21.000Z,-38,60.956491,-138.031187,4099,2,0,1570,26.36
radio434mhz,6133334B,2026-08-15 21:55:23.000Z,-50,60.956468,-138.031143
radio434mhz,2A2A2A2D,2026-08-15 21:55:24.000Z,-112,60.956468,-138.031143
radio434mhz,5552522A,2026-08-15 21:55:24.000Z,-109,60.956468,-138.031143
radio434mhz,6133334B,2026-08-15 21:55:25.000Z,-53,60.956450,-138.031165
radio434mhz,6133334B,2026-08-15 21:55:27.000Z,-52,60.956454,-138.031239
radio434mhz,6133334B,2026-08-15 21:55:30.000Z,-51,60.956453,-138.031301
bluetooth,D2A3B933,2026-08-15 21:55:31.000Z,-43,60.956453,-138.031301,32124,2,0,1571,26.28
radio434mhz,6133334B,2026-08-15 21:55:32.000Z,-51,60.956421,-138.031372
bluetooth,E8095336,2026-08-15 21:55:34.000Z,-85,60.956421,-138.031372,26754,2,0,1566,37.83
radio434mhz,6133334B,2026-08-15 21:55:34.000Z,-54,60.956421,-138.031372
radio434mhz,6133334B,2026-08-15 21:55:37.000Z,-52,60.956413,-138.031425
radio434mhz,6133334B,2026-08-15 21:55:39.000Z,-44,60.956420,-138.031495
bluetooth,D2A3B933,2026-08-15 21:55:41.000Z,-30,60.956432,-138.031555,32636,2,0,1571,26.38
radio434mhz,6133334B,2026-08-15 21:55:41.000Z,-47,60.956432,-138.031555
radio434mhz,6133334B,2026-08-15 21:55:44.000Z,-53,60.956429,-138.031573
radio434mhz,6133334B,2026-08-15 21:55:46.000Z,-60,60.956428,-138.031579
radio434mhz,6133334B,2026-08-15 21:55:48.000Z,-54,60.956428,-138.031579
radio434mhz,6133334B,2026-08-15 21:55:51.000Z,-51,60.956463,-138.031566
radio434mhz,6133334B,2026-08-15 21:55:53.000Z,-53,60.956487,-138.031575
radio434mhz,6133334B,2026-08-15 21:55:55.000Z,-64,60.956501,-138.031688
radio434mhz,6133334B,2026-08-15 21:55:58.000Z,-52,60.956514,-138.031737
radio434mhz,6133334B,2026-08-15 21:56:00.000Z,-54,60.956533,-138.031785
bluetooth,D2A3B933,2026-08-15 21:56:01.000Z,-44,60.956533,-138.031785,7870,2,0,1570,26.25
radio434mhz,6133334B,2026-08-15 21:56:02.000Z,-53,60.956544,-138.031839
radio434mhz,6133334B,2026-08-15 21:56:05.000Z,-49,60.956555,-138.031880
radio434mhz,6133334B,2026-08-15 21:56:07.000Z,-51,60.956546,-138.031930
radio434mhz,6133334B,2026-08-15 21:56:09.000Z,-48,60.956541,-138.031982
radio434mhz,6133334B,2026-08-15 21:56:11.000Z,-67,60.956538,-138.032033
radio434mhz,6133334B,2026-08-15 21:56:14.000Z,-63,60.956535,-138.032084
radio434mhz,6133334B,2026-08-15 21:56:16.000Z,-57,60.956527,-138.032149
radio434mhz,6133334B,2026-08-15 21:56:18.000Z,-55,60.956495,-138.032187
radio434mhz,6133334B,2026-08-15 21:56:21.000Z,-57,60.956478,-138.032235
bluetooth,D2A3B933,2026-08-15 21:56:22.000Z,-35,60.956478,-138.032235,53978,2,0,1570,26.36
radio434mhz,6133334B,2026-08-15 21:56:23.000Z,-49,60.956478,-138.032235
radio434mhz,6133334B,2026-08-15 21:56:25.000Z,-54,60.956492,-138.032278
radio434mhz,6133334B,2026-08-15 21:56:28.000Z,-48,60.956513,-138.032315
radio434mhz,6133334B,2026-08-15 21:56:30.000Z,-44,60.956512,-138.032363
bluetooth,D2A3B933,2026-08-15 21:56:32.000Z,-43,60.956497,-138.032398,20667,2,0,1571,26.33
radio434mhz,6133334B,2026-08-15 21:56:32.000Z,-55,60.956497,-138.032398
radio434mhz,6133334B,2026-08-15 21:56:35.000Z,-56,60.956496,-138.032429
radio434mhz,6133334B,2026-08-15 21:56:37.000Z,-53,60.956479,-138.032483
radio434mhz,6133334B,2026-08-15 21:56:39.000Z,-53,60.956436,-138.032425
radio434mhz,6133334B,2026-08-15 21:56:42.000Z,-57,60.956420,-138.032469
bluetooth,D2A3B933,2026-08-15 21:56:42.000Z,-38,60.956420,-138.032469,31718,2,0,1570,26.33
radio434mhz,6133334B,2026-08-15 21:56:44.000Z,-43,60.956429,-138.032516
radio434mhz,6133334B,2026-08-15 21:56:46.000Z,-42,60.956445,-138.032570
radio434mhz,6133334B,2026-08-15 21:56:49.000Z,-43,60.956445,-138.032570
radio434mhz,6133334B,2026-08-15 21:56:51.000Z,-42,60.956477,-138.032611
bluetooth,D2A3B933,2026-08-15 21:56:52.000Z,-37,60.956483,-138.032676,45913,2,0,1571,26.33
radio434mhz,6133334B,2026-08-15 21:56:53.000Z,-41,60.956483,-138.032676
radio434mhz,6133334B,2026-08-15 21:56:56.000Z,-42,60.956477,-138.032704
radio434mhz,6133334B,2026-08-15 21:56:58.000Z,-40,60.956487,-138.032754
radio434mhz,6133334B,2026-08-15 21:57:00.000Z,-38,60.956516,-138.032746
radio434mhz,6133334B,2026-08-15 21:57:03.000Z,-40,60.956519,-138.032792
radio434mhz,6133334B,2026-08-15 21:57:05.000Z,-41,60.956535,-138.032828
radio434mhz,6133334B,2026-08-15 21:57:07.000Z,-42,60.956555,-138.032874
radio434mhz,6133334B,2026-08-15 21:57:10.000Z,-42,60.956576,-138.032892
radio434mhz,6133334B,2026-08-15 21:57:12.000Z,-45,60.956572,-138.032943
bluetooth,D2A3B933,2026-08-15 21:57:12.000Z,-37,60.956572,-138.032943,39783,2,0,1570,26.20
radio434mhz,6133334B,2026-08-15 21:57:14.000Z,-44,60.956571,-138.033025
radio434mhz,6133334B,2026-08-15 21:57:17.000Z,-44,60.956571,-138.033025
radio434mhz,6133334B,2026-08-15 21:57:19.000Z,-49,60.956601,-138.033066
radio434mhz,6133334B,2026-08-15 21:57:21.000Z,-55,60.956601,-138.033066
bluetooth,D2A3B933,2026-08-15 21:57:22.000Z,-46,60.956589,-138.033120,28828,2,0,1571,26.05
radio434mhz,6133334B,2026-08-15 21:57:24.000Z,-49,60.956589,-138.033120
radio434mhz,6133334B,2026-08-15 21:57:26.000Z,-52,60.956603,-138.033164
radio434mhz,6133334B,2026-08-15 21:57:28.000Z,-50,60.956601,-138.033209
radio434mhz,6133334B,2026-08-15 21:57:31.000Z,-48,60.956635,-138.033256
bluetooth,D2A3B933,2026-08-15 21:57:32.000Z,-34,60.956641,-138.033301,22752,2,0,1570,26.30
radio434mhz,6133334B,2026-08-15 21:57:33.000Z,-58,60.956641,-138.033301
radio434mhz,6133334B,2026-08-15 21:57:35.000Z,-63,60.956637,-138.033369
radio434mhz,6133334B,2026-08-15 21:57:38.000Z,-43,60.956632,-138.033408
radio434mhz,6133334B,2026-08-15 21:57:40.000Z,-43,60.956628,-138.033438
radio434mhz,6133334B,2026-08-15 21:57:42.000Z,-43,60.956590,-138.033413
bluetooth,D2A3B933,2026-08-15 21:57:43.000Z,-32,60.956590,-138.033413,40186,2,0,1570,26.33
radio434mhz,6133334B,2026-08-15 21:57:44.000Z,-41,60.956559,-138.033409
radio434mhz,6133334B,2026-08-15 21:57:47.000Z,-42,60.956533,-138.033426
radio434mhz,6133334B,2026-08-15 21:57:49.000Z,-42,60.956498,-138.033455
radio434mhz,6133334B,2026-08-15 21:57:51.000Z,-40,60.956498,-138.033455
bluetooth,D2A3B933,2026-08-15 21:57:53.000Z,-53,60.956471,-138.033460,31273,2,0,1571,26.20
radio434mhz,6133334B,2026-08-15 21:57:54.000Z,-42,60.956471,-138.033460
radio434mhz,6133334B,2026-08-15 21:57:56.000Z,-42,60.956451,-138.033526
radio434mhz,6133334B,2026-08-15 21:57:58.000Z,-42,60.956431,-138.033558
radio434mhz,6133334B,2026-08-15 21:58:01.000Z,-41,60.956480,-138.033650
bluetooth,D2A3B933,2026-08-15 21:58:03.000Z,-45,60.956516,-138.033675,45879,2,0,1570,26.18
radio434mhz,6133334B,2026-08-15 21:58:03.000Z,-40,60.956516,-138.033675
radio434mhz,6133334B,2026-08-15 21:58:05.000Z,-41,60.956553,-138.033699
radio434mhz,6133334B,2026-08-15 21:58:08.000Z,-41,60.956584,-138.033704
radio434mhz,6133334B,2026-08-15 21:58:10.000Z,-40,60.956600,-138.033725
radio434mhz,6133334B,2026-08-15 21:58:12.000Z,-41,60.956602,-138.033768
bluetooth,D2A3B933,2026-08-15 21:58:13.000Z,-47,60.956602,-138.033768,13624,2,0,1570,26.23
radio434mhz,6133334B,2026-08-15 21:58:15.000Z,-41,60.956598,-138.033817
radio434mhz,6133334B,2026-08-15 21:58:17.000Z,-49,60.956579,-138.033860
radio434mhz,6133334B,2026-08-15 21:58:19.000Z,-42,60.956613,-138.033868
radio434mhz,6133334B,2026-08-15 21:58:22.000Z,-42,60.956613,-138.033868
bluetooth,D2A3B933,2026-08-15 21:58:23.000Z,-45,60.956642,-138.033897,24465,2,0,1571,26.00
radio434mhz,6133334B,2026-08-15 21:58:24.000Z,-41,60.956642,-138.033897
radio434mhz,6133334B,2026-08-15 21:58:26.000Z,-41,60.956673,-138.033915
radio434mhz,6133334B,2026-08-15 21:58:29.000Z,-41,60.956696,-138.033963
radio434mhz,6133334B,2026-08-15 21:58:31.000Z,-42,60.956720,-138.034004
bluetooth,D2A3B933,2026-08-15 21:58:33.000Z,-53,60.956744,-138.034030,4215,2,0,1570,25.98
radio434mhz,6133334B,2026-08-15 21:58:33.000Z,-41,60.956744,-138.034030
radio434mhz,6133334B,2026-08-15 21:58:36.000Z,-40,60.956772,-138.034058
radio434mhz,6133334B,2026-08-15 21:58:38.000Z,-42,60.956782,-138.034121
radio434mhz,6133334B,2026-08-15 21:58:40.000Z,-41,60.956796,-138.034166
radio434mhz,6133334B,2026-08-15 21:58:43.000Z,-40,60.956821,-138.034202
bluetooth,D2A3B933,2026-08-15 21:58:43.000Z,-37,60.956821,-138.034202,31811,2,0,1572,25.98
radio434mhz,6133334B,2026-08-15 21:58:45.000Z,-42,60.956821,-138.034202
radio434mhz,6133334B,2026-08-15 21:58:47.000Z,-41,60.956846,-138.034237
radio434mhz,6133334B,2026-08-15 21:58:50.000Z,-40,60.956850,-138.034270
radio434mhz,6133334B,2026-08-15 21:58:52.000Z,-41,60.956868,-138.034313
bluetooth,D2A3B933,2026-08-15 21:58:53.000Z,-39,60.956894,-138.034326,11372,2,0,1570,25.98
radio434mhz,6133334B,2026-08-15 21:58:54.000Z,-40,60.956894,-138.034326
radio434mhz,6133334B,2026-08-15 21:58:57.000Z,-43,60.956912,-138.034366
radio434mhz,6133334B,2026-08-15 21:58:59.000Z,-42,60.956915,-138.034415
radio434mhz,6133334B,2026-08-15 21:59:01.000Z,-42,60.956935,-138.034470
bluetooth,D2A3B933,2026-08-15 21:59:03.000Z,-35,60.956945,-138.034490,1610,2,0,1571,26.00
radio434mhz,6133334B,2026-08-15 21:59:04.000Z,-40,60.956945,-138.034490
radio434mhz,6133334B,2026-08-15 21:59:06.000Z,-42,60.956936,-138.034478
radio434mhz,6133334B,2026-08-15 21:59:08.000Z,-42,60.956969,-138.034405
radio434mhz,6133334B,2026-08-15 21:59:11.000Z,-42,60.956969,-138.034405
radio434mhz,6133334B,2026-08-15 21:59:13.000Z,-43,60.956998,-138.034389
bluetooth,D2A3B933,2026-08-15 21:59:14.000Z,-51,60.956998,-138.034389,8542,2,0,1571,25.90
radio434mhz,6133334B,2026-08-15 21:59:15.000Z,-43,60.957020,-138.034315
radio434mhz,6133334B,2026-08-15 21:59:18.000Z,-43,60.957048,-138.034252
radio434mhz,6133334B,2026-08-15 21:59:20.000Z,-42,60.957087,-138.034201
radio434mhz,6133334B,2026-08-15 21:59:22.000Z,-42,60.957098,-138.034130
bluetooth,D2A3B933,2026-08-15 21:59:24.000Z,-42,60.957098,-138.034130,15314,2,0,1570,25.72
radio434mhz,6133334B,2026-08-15 21:59:25.000Z,-43,60.957078,-138.034084
radio434mhz,6133334B,2026-08-15 21:59:27.000Z,-42,60.957045,-138.034060
radio434mhz,6133334B,2026-08-15 21:59:29.000Z,-43,60.957003,-138.034043
radio434mhz,6133334B,2026-08-15 21:59:32.000Z,-43,60.956984,-138.034000
bluetooth,D2A3B933,2026-08-15 21:59:34.000Z,-31,60.956958,-138.033937,52543,2,0,1571,26.03
radio434mhz,6133334B,2026-08-15 21:59:34.000Z,-42,60.956958,-138.033937
radio434mhz,6133334B,2026-08-15 21:59:36.000Z,-42,60.956937,-138.033876
radio434mhz,6133334B,2026-08-15 21:59:39.000Z,-43,60.956916,-138.033884
radio434mhz,6133334B,2026-08-15 21:59:41.000Z,-41,60.956916,-138.033884
radio434mhz,6133334B,2026-08-15 21:59:43.000Z,-45,60.956884,-138.033877
bluetooth,D2A3B933,2026-08-15 21:59:44.000Z,-39,60.956884,-138.033877,62860,2,0,1571,25.80
radio434mhz,6133334B,2026-08-15 21:59:46.000Z,-45,60.956881,-138.033831
radio434mhz,6133334B,2026-08-15 21:59:48.000Z,-41,60.956883,-138.033821
radio434mhz,6133334B,2026-08-15 21:59:50.000Z,-40,60.956883,-138.033799
radio434mhz,6133334B,2026-08-15 21:59:53.000Z,-41,60.956885,-138.033805
bluetooth,D2A3B933,2026-08-15 21:59:54.000Z,-39,60.956872,-138.033789,62695,2,0,1571,26.10
radio434mhz,6133334B,2026-08-15 21:59:55.000Z,-42,60.956872,-138.033789
radio434mhz,6133334B,2026-08-15 21:59:57.000Z,-41,60.956869,-138.033782
radio434mhz,6133334B,2026-08-15 22:00:00.000Z,-37,60.956874,-138.033675
radio434mhz,6133334B,2026-08-15 22:00:02.000Z,-40,60.956880,-138.033634
bluetooth,D2A3B933,2026-08-15 22:00:04.000Z,-36,60.956880,-138.033634,49119,2,0,1571,25.90
radio434mhz,6133334B,2026-08-15 22:00:04.000Z,-40,60.956868,-138.033533
radio434mhz,6133334B,2026-08-15 22:00:07.000Z,-42,60.956868,-138.033533
radio434mhz,6133334B,2026-08-15 22:00:09.000Z,-38,60.956873,-138.033489
radio434mhz,6133334B,2026-08-15 22:00:11.000Z,-56,60.956869,-138.033479
radio434mhz,6133334B,2026-08-15 22:00:14.000Z,-31,60.956869,-138.033479
bluetooth,D2A3B933,2026-08-15 22:00:14.000Z,-27,60.956869,-138.033479,2162,2,0,1569,25.95
radio434mhz,6133334B,2026-08-15 22:00:16.000Z,-31,60.956869,-138.033479
radio434mhz,6133334B,2026-08-15 22:00:18.000Z,-31,60.956875,-138.033479
radio434mhz,6133334B,2026-08-15 22:00:21.000Z,-27,60.956875,-138.033479
radio434mhz,6133334B,2026-08-15 22:00:23.000Z,-42,60.956878,-138.033478
bluetooth,D2A3B933,2026-08-15 22:00:24.000Z,-37,60.956878,-138.033478,39335,2,0,1571,25.72
radio434mhz,6133334B,2026-08-15 22:00:25.000Z,-42,60.956880,-138.033473
radio434mhz,6133334B,2026-08-15 22:00:28.000Z,-42,60.956880,-138.033473
radio434mhz,6133334B,2026-08-15 22:00:30.000Z,-42,60.956880,-138.033473
radio434mhz,6133334B,2026-08-15 22:00:32.000Z,-42,60.956886,-138.033455
bluetooth,D2A3B933,2026-08-15 22:00:34.000Z,-30,60.956886,-138.033455,45915,2,0,1571,25.39
radio434mhz,6133334B,2026-08-15 22:00:35.000Z,-26,60.956886,-138.033455
radio434mhz,6133334B,2026-08-15 22:00:37.000Z,-31,60.956892,-138.033423
radio434mhz,6133334B,2026-08-15 22:00:39.000Z,-27,60.956892,-138.033423
radio434mhz,6133334B,2026-08-15 22:00:42.000Z,-35,60.956892,-138.033423
radio434mhz,6133334B,2026-08-15 22:00:44.000Z,-43,60.956893,-138.033421
bluetooth,D2A3B933,2026-08-15 22:00:45.000Z,-53,60.956893,-138.033421,1896,2,0,1570,25.34
radio434mhz,6133334B,2026-08-15 22:00:46.000Z,-38,60.956893,-138.033421
radio434mhz,6133334B,2026-08-15 22:00:49.000Z,-40,60.956893,-138.033421
radio434mhz,6133334B,2026-08-15 22:00:51.000Z,-58,60.956893,-138.033421
radio434mhz,6133334B,2026-08-15 22:00:53.000Z,-55,60.956892,-138.033424
bluetooth,D2A3B933,2026-08-15 22:00:55.000Z,-39,60.956892,-138.033424,14539,2,0,1570,25.52
radio434mhz,6133334B,2026-08-15 22:00:56.000Z,-41,60.956892,-138.033424
radio434mhz,6133334B,2026-08-15 22:00:58.000Z,-40,60.956892,-138.033430
radio434mhz,6133334B,2026-08-15 22:01:00.000Z,-43,60.956892,-138.033430
radio434mhz,6133334B,2026-08-15 22:01:03.000Z,-40,60.956891,-138.033435
bluetooth,D2A3B933,2026-08-15 22:01:05.000Z,-44,60.956891,-138.033435,38480,2,0,1570,25.29
radio434mhz,6133334B,2026-08-15 22:01:05.000Z,-34,60.956891,-138.033435
radio434mhz,6133334B,2026-08-15 22:01:07.000Z,-38,60.956890,-138.033440
radio434mhz,6133334B,2026-08-15 22:01:10.000Z,-61,60.956890,-138.033440
radio434mhz,6133334B,2026-08-15 22:01:12.000Z,-41,60.956889,-138.033445
radio434mhz,6133334B,2026-08-15 22:01:14.000Z,-40,60.956887,-138.033450
bluetooth,D2A3B933,2026-08-15 22:01:15.000Z,-41,60.956887,-138.033450,59351,2,0,1570,25.45
radio434mhz,6133334B,2026-08-15 22:01:17.000Z,-38,60.956887,-138.033450
radio434mhz,6133334B,2026-08-15 22:01:19.000Z,-40,60.956888,-138.033450
radio434mhz,6133334B,2026-08-15 22:01:21.000Z,-38,60.956882,-138.033455
radio434mhz,6133334B,2026-08-15 22:01:24.000Z,-39,60.956879,-138.033442
bluetooth,D2A3B933,2026-08-15 22:01:25.000Z,-39,60.956868,-138.033411,59938,2,0,1571,25.34
radio434mhz,6133334B,2026-08-15 22:01:26.000Z,-39,60.956868,-138.033411
radio434mhz,6133334B,2026-08-15 22:01:28.000Z,-39,60.956840,-138.033308
radio434mhz,6133334B,2026-08-15 22:01:31.000Z,-39,60.956825,-138.033204
radio434mhz,6133334B,2026-08-15 22:01:33.000Z,-38,60.956794,-138.033149
bluetooth,D2A3B933,2026-08-15 22:01:35.000Z,-29,60.956767,-138.033116,61783,2,0,1570,25.37
radio434mhz,6133334B,2026-08-15 22:01:35.000Z,-39,60.956767,-138.033116
radio434mhz,6133334B,2026-08-15 22:01:38.000Z,-38,60.956741,-138.033062
radio434mhz,6133334B,2026-08-15 22:01:40.000Z,-39,60.956741,-138.033062
radio434mhz,6133334B,2026-08-15 22:01:42.000Z,-38,60.956716,-138.033021
radio434mhz,6133334B,2026-08-15 22:01:45.000Z,-39,60.956695,-138.033004
bluetooth,D2A3B933,2026-08-15 22:01:45.000Z,-48,60.956671,-138.032978,26633,2,0,1571,25.62
radio434mhz,6133334B,2026-08-15 22:01:47.000Z,-39,60.956671,-138.032978
radio434mhz,6133334B,2026-08-15 22:01:49.000Z,-39,60.956659,-138.032916
radio434mhz,6133334B,2026-08-15 22:01:52.000Z,-39,60.956649,-138.032859
radio434mhz,6133334B,2026-08-15 22:01:54.000Z,-39,60.956643,-138.032796
bluetooth,D2A3B933,2026-08-15 22:01:55.000Z,-33,60.956637,-138.032743,63248,2,0,1571,25.50
radio434mhz,6133334B,2026-08-15 22:01:56.000Z,-39,60.956637,-138.032743
radio434mhz,6133334B,2026-08-15 22:01:59.000Z,-37,60.956640,-138.032699
radio434mhz,6133334B,2026-08-15 22:02:01.000Z,-38,60.956640,-138.032687
radio434mhz,6133334B,2026-08-15 22:02:03.000Z,-39,60.956637,-138.032694
bluetooth,D2A3B933,2026-08-15 22:02:05.000Z,-32,60.956637,-138.032694,51213,2,0,1571,25.55
radio434mhz,6133334B,2026-08-15 22:02:06.000Z,-39,60.956637,-138.032694
radio434mhz,6133334B,2026-08-15 22:02:08.000Z,-38,60.956634,-138.032688
radio434mhz,6133334B,2026-08-15 22:02:10.000Z,-38,60.956610,-138.032598
radio434mhz,6133334B,2026-08-15 22:02:13.000Z,-38,60.956599,-138.032546
radio434mhz,6133334B,2026-08-15 22:02:15.000Z,-38,60.956581,-138.032457
bluetooth,D2A3B933,2026-08-15 22:02:16.000Z,-36,60.956581,-138.032457,57683,2,0,1570,25.67
radio434mhz,6133334B,2026-08-15 22:02:17.000Z,-39,60.956581,-138.032457
radio434mhz,6133334B,2026-08-15 22:02:20.000Z,-38,60.956546,-138.032447
radio434mhz,6133334B,2026-08-15 22:02:22.000Z,-39,60.956518,-138.032470
radio434mhz,6133334B,2026-08-15 22:02:24.000Z,-38,60.956530,-138.032397
bluetooth,D2A3B933,2026-08-15 22:02:26.000Z,-50,60.956530,-138.032397,40356,2,0,1571,25.80
radio434mhz,6133334B,2026-08-15 22:02:27.000Z,-39,60.956513,-138.032381
radio434mhz,6133334B,2026-08-15 22:02:29.000Z,-39,60.956509,-138.032358
radio434mhz,6133334B,2026-08-15 22:02:31.000Z,-39,60.956487,-138.032376
radio434mhz,6133334B,2026-08-15 22:02:34.000Z,-38,60.956474,-138.032336
bluetooth,D2A3B933,2026-08-15 22:02:36.000Z,-52,60.956474,-138.032336,36176,2,0,1571,25.80
radio434mhz,6133334B,2026-08-15 22:02:36.000Z,-38,60.956443,-138.032342
radio434mhz,6133334B,2026-08-15 22:02:38.000Z,-38,60.956443,-138.032342
radio434mhz,6133334B,2026-08-15 22:02:41.000Z,-39,60.956432,-138.032277
radio434mhz,6133334B,2026-08-15 22:02:43.000Z,-38,60.956423,-138.032217
radio434mhz,6133334B,2026-08-15 22:02:45.000Z,-39,60.956444,-138.032108
bluetooth,D2A3B933,2026-08-15 22:02:46.000Z,-46,60.956444,-138.032108,10758,2,0,1570,25.65
radio434mhz,6133334B,2026-08-15 22:02:48.000Z,-38,60.956437,-138.032067
radio434mhz,6133334B,2026-08-15 22:02:50.000Z,-38,60.956447,-138.031983
radio434mhz,6133334B,2026-08-15 22:02:52.000Z,-39,60.956429,-138.031956
radio434mhz,6133334B,2026-08-15 22:02:55.000Z,-38,60.956428,-138.031903
bluetooth,D2A3B933,2026-08-15 22:02:56.000Z,-46,60.956428,-138.031903,6475,2,0,1570,25.65
radio434mhz,6133334B,2026-08-15 22:02:57.000Z,-38,60.956405,-138.031877
radio434mhz,6133334B,2026-08-15 22:02:59.000Z,-37,60.956405,-138.031877
radio434mhz,6133334B,2026-08-15 22:03:02.000Z,-38,60.956398,-138.031862
bluetooth,E8095336,2026-08-15 22:03:04.000Z,-86,60.956378,-138.031843,39457,2,0,1565,37.85
radio434mhz,6133334B,2026-08-15 22:03:04.000Z,-38,60.956378,-138.031843
radio434mhz,6133334B,2026-08-15 22:03:06.000Z,-40,60.956380,-138.031759
radio434mhz,6133334B,2026-08-15 22:03:08.000Z,-37,60.956376,-138.031726
bluetooth,E8095336,2026-08-15 22:03:09.000Z,-81,60.956376,-138.031726,30346,2,0,1565,37.75
radio434mhz,6133334B,2026-08-15 22:03:11.000Z,-37,60.956354,-138.031711
radio434mhz,6133334B,2026-08-15 22:03:13.000Z,-43,60.956350,-138.031673
radio434mhz,6133334B,2026-08-15 22:03:15.000Z,-38,60.956347,-138.031642
bluetooth,D2A3B933,2026-08-15 22:03:16.000Z,-51,60.956347,-138.031642,31634,2,0,1571,25.82
radio434mhz,6133334B,2026-08-15 22:03:18.000Z,-38,60.956354,-138.031628
radio434mhz,6133334B,2026-08-15 22:03:20.000Z,-38,60.956354,-138.031628
radio434mhz,6133334B,2026-08-15 22:03:22.000Z,-40,60.956368,-138.031590
bluetooth,E8095336,2026-08-15 22:03:23.000Z,-79,60.956368,-138.031590,39958,2,0,1565,37.63
radio434mhz,6133334B,2026-08-15 22:03:25.000Z,-38,60.956356,-138.031612
radio434mhz,6133334B,2026-08-15 22:03:27.000Z,-38,60.956329,-138.031611
radio434mhz,6133334B,2026-08-15 22:03:29.000Z,-39,60.956329,-138.031576
radio434mhz,6133334B,2026-08-15 22:03:32.000Z,-38,60.956326,-138.031535
radio434mhz,6133334B,2026-08-15 22:03:34.000Z,-39,60.956324,-138.031540
radio434mhz,6133334B,2026-08-15 22:03:36.000Z,-38,60.956324,-138.031540
radio434mhz,6133334B,2026-08-15 22:03:39.000Z,-37,60.956304,-138.031562
radio434mhz,6133334B,2026-08-15 22:03:41.000Z,-39,60.956297,-138.031457
radio434mhz,6133334B,2026-08-15 22:03:43.000Z,-38,60.956285,-138.031363
radio434mhz,6133334B,2026-08-15 22:03:46.000Z,-38,60.956285,-138.031311
bluetooth,D2A3B933,2026-08-15 22:03:47.000Z,-48,60.956285,-138.031311,54945,2,0,1570,25.65
radio434mhz,6133334B,2026-08-15 22:03:48.000Z,-38,60.956268,-138.031229
radio434mhz,6133334B,2026-08-15 22:03:50.000Z,-39,60.956254,-138.031165
radio434mhz,6133334B,2026-08-15 22:03:53.000Z,-39,60.956254,-138.031165
radio434mhz,6133334B,2026-08-15 22:03:55.000Z,-39,60.956220,-138.031089
bluetooth,D2A3B933,2026-08-15 22:03:57.000Z,-37,60.956206,-138.031056,25918,2,0,1572,25.60
radio434mhz,6133334B,2026-08-15 22:03:57.000Z,-39,60.956206,-138.031056
radio434mhz,6133334B,2026-08-15 22:04:00.000Z,-39,60.956167,-138.031041
radio434mhz,6133334B,2026-08-15 22:04:02.000Z,-39,60.956147,-138.030993
radio434mhz,6133334B,2026-08-15 22:04:04.000Z,-37,60.956142,-138.030947
radio434mhz,6133334B,2026-08-15 22:04:07.000Z,-39,60.956155,-138.030918
bluetooth,D2A3B933,2026-08-15 22:04:07.000Z,-47,60.956155,-138.030918,56330,2,0,1571,25.50
radio434mhz,6133334B,2026-08-15 22:04:09.000Z,-38,60.956178,-138.030954
radio434mhz,6133334B,2026-08-15 22:04:11.000Z,-38,60.956204,-138.030960
radio434mhz,6133334B,2026-08-15 22:04:14.000Z,-38,60.956233,-138.030954
radio434mhz,6133334B,2026-08-15 22:04:16.000Z,-39,60.956233,-138.030954
radio434mhz,6133334B,2026-08-15 22:04:18.000Z,-38,60.956250,-138.030989
radio434mhz,6133334B,2026-08-15 22:04:21.000Z,-38,60.956238,-138.031080
radio434mhz,6133334B,2026-08-15 22:04:23.000Z,-39,60.956256,-138.031094
radio434mhz,6133334B,2026-08-15 22:04:25.000Z,-39,60.956256,-138.031094
bluetooth,D2A3B933,2026-08-15 22:04:27.000Z,-42,60.956247,-138.031057,17299,2,0,1571,25.88
radio434mhz,6133334B,2026-08-15 22:04:28.000Z,-38,60.956247,-138.031057
radio434mhz,6133334B,2026-08-15 22:04:30.000Z,-39,60.956247,-138.031057
radio434mhz,6133334B,2026-08-15 22:04:32.000Z,-38,60.956246,-138.031061
radio434mhz,6133334B,2026-08-15 22:04:35.000Z,-38,60.956246,-138.031061
radio434mhz,6133334B,2026-08-15 22:04:37.000Z,-38,60.956246,-138.031070
bluetooth,D2A3B933,2026-08-15 22:04:37.000Z,-41,60.956246,-138.031070,47988,2,0,1570,25.95
radio434mhz,6133334B,2026-08-15 22:04:39.000Z,-38,60.956246,-138.031070
radio434mhz,6133334B,2026-08-15 22:04:42.000Z,-38,60.956248,-138.031074
radio434mhz,6133334B,2026-08-15 22:04:44.000Z,-38,60.956248,-138.031074
radio434mhz,6133334B,2026-08-15 22:04:46.000Z,-37,60.956248,-138.031074
bluetooth,D2A3B933,2026-08-15 22:04:47.000Z,-40,60.956248,-138.031074,11552,2,0,1569,25.98
radio434mhz,6133334B,2026-08-15 22:04:49.000Z,-37,60.956248,-138.031074
radio434mhz,6133334B,2026-08-15 22:04:51.000Z,-38,60.956248,-138.031074
radio434mhz,6133334B,2026-08-15 22:04:53.000Z,-38,60.956248,-138.031074
radio434mhz,6133334B,2026-08-15 22:04:56.000Z,-38,60.956248,-138.031074
bluetooth,D2A3B933,2026-08-15 22:04:57.000Z,-37,60.956248,-138.031074,31104,2,0,1570,25.88
radio434mhz,6133334B,2026-08-15 22:04:58.000Z,-38,60.956248,-138.031074
radio434mhz,6133334B,2026-08-15 22:05:00.000Z,-38,60.956248,-138.031074
radio434mhz,6133334B,2026-08-15 22:05:02.000Z,-38,60.956248,-138.031074
radio434mhz,6133334B,2026-08-15 22:05:05.000Z,-39,60.956248,-138.031074
radio434mhz,6133334B,2026-08-15 22:05:07.000Z,-38,60.956248,-138.031074
bluetooth,D2A3B933,2026-08-15 22:05:07.000Z,-44,60.956248,-138.031074,10019,2,0,1570,26.13
radio434mhz,6133334B,2026-08-15 22:05:09.000Z,-39,60.956248,-138.031074
radio434mhz,6133334B,2026-08-15 22:05:12.000Z,-40,60.956248,-138.031074
radio434mhz,6133334B,2026-08-15 22:05:14.000Z,-39,60.956250,-138.031063
radio434mhz,6133334B,2026-08-15 22:05:16.000Z,-39,60.956250,-138.031063
bluetooth,D2A3B933,2026-08-15 22:05:18.000Z,-44,60.956250,-138.031063,46634,2,0,1572,26.38
radio434mhz,6133334B,2026-08-15 22:05:19.000Z,-38,60.956250,-138.031063
radio434mhz,6133334B,2026-08-15 22:05:21.000Z,-38,60.956252,-138.031056
radio434mhz,6133334B,2026-08-15 22:05:23.000Z,-39,60.956252,-138.031056
radio434mhz,6133334B,2026-08-15 22:05:26.000Z,-38,60.956251,-138.031055
bluetooth,D2A3B933,2026-08-15 22:05:28.000Z,-50,60.956251,-138.031055,10637,2,0,1571,26.25
radio434mhz,6133334B,2026-08-15 22:05:28.000Z,-38,60.956251,-138.031055
radio434mhz,6133334B,2026-08-15 22:05:30.000Z,-52,60.956251,-138.031055
radio434mhz,6133334B,2026-08-15 22:05:33.000Z,-39,60.956252,-138.031055
radio434mhz,6133334B,2026-08-15 22:05:35.000Z,-38,60.956253,-138.031056
radio434mhz,6133334B,2026-08-15 22:05:37.000Z,-39,60.956253,-138.031056
bluetooth,D2A3B933,2026-08-15 22:05:38.000Z,-36,60.956253,-138.031056,11466,2,0,1571,26.33
radio434mhz,6133334B,2026-08-15 22:05:40.000Z,-40,60.956252,-138.031055
radio434mhz,6133334B,2026-08-15 22:05:42.000Z,-39,60.956252,-138.031055
radio434mhz,2A2A2A2D,2026-08-15 22:05:43.000Z,-110,60.956252,-138.031055
radio434mhz,6133334B,2026-08-15 22:05:44.000Z,-39,60.956252,-138.031055
radio434mhz,6133334B,2026-08-15 22:05:47.000Z,-39,60.956252,-138.031055
bluetooth,D2A3B933,2026-08-15 22:05:48.000Z,-41,60.956252,-138.031055,32230,2,0,1571,26.38
radio434mhz,6133334B,2026-08-15 22:05:49.000Z,-39,60.956253,-138.031057
radio434mhz,6133334B,2026-08-15 22:05:51.000Z,-39,60.956253,-138.031057
radio434mhz,6133334B,2026-08-15 22:05:54.000Z,-40,60.956253,-138.031057
radio434mhz,6133334B,2026-08-15 22:05:56.000Z,-39,60.956253,-138.031061
bluetooth,D2A3B933,2026-08-15 22:05:58.000Z,-39,60.956254,-138.031062,37941,2,0,1570,26.48
radio434mhz,6133334B,2026-08-15 22:05:58.000Z,-38,60.956254,-138.031062
radio434mhz,6133334B,2026-08-15 22:06:01.000Z,-39,60.956254,-138.031064
radio434mhz,6133334B,2026-08-15 22:06:03.000Z,-39,60.956254,-138.031064
radio434mhz,6133334B,2026-08-15 22:06:05.000Z,-39,60.956256,-138.031073
radio434mhz,6133334B,2026-08-15 22:06:08.000Z,-39,60.956256,-138.031073
bluetooth,D2A3B933,2026-08-15 22:06:08.000Z,-36,60.956256,-138.031073,38577,2,0,1571,26.53
radio434mhz,6133334B,2026-08-15 22:06:10.000Z,-39,60.956259,-138.031070
radio434mhz,6133334B,2026-08-15 22:06:12.000Z,-39,60.956259,-138.031070
radio434mhz,6133334B,2026-08-15 22:06:14.000Z,-39,60.956259,-138.031070
radio434mhz,6133334B,2026-08-15 22:06:17.000Z,-39,60.956259,-138.031070
bluetooth,D2A3B933,2026-08-15 22:06:18.000Z,-42,60.956257,-138.031074,57542,2,0,1570,26.56
radio434mhz,6133334B,2026-08-15 22:06:19.000Z,-39,60.956257,-138.031074
radio434mhz,6133334B,2026-08-15 22:06:21.000Z,-38,60.956257,-138.031078
radio434mhz,6133334B,2026-08-15 22:06:24.000Z,-38,60.956257,-138.031081
radio434mhz,6133334B,2026-08-15 22:06:26.000Z,-37,60.956257,-138.031085
radio434mhz,6133334B,2026-08-15 22:06:28.000Z,-38,60.956257,-138.031085
radio434mhz,6133334B,2026-08-15 22:06:31.000Z,-38,60.956257,-138.031092
radio434mhz,6133334B,2026-08-15 22:06:33.000Z,-37,60.956257,-138.031089
radio434mhz,6133334B,2026-08-15 22:06:35.000Z,-36,60.956257,-138.031089
radio434mhz,6133334B,2026-08-15 22:06:38.000Z,-38,60.956258,-138.031090
bluetooth,D2A3B933,2026-08-15 22:06:39.000Z,-50,60.956258,-138.031093,63462,2,0,1570,26.68
radio434mhz,6133334B,2026-08-15 22:06:40.000Z,-37,60.956258,-138.031093
radio434mhz,2A2A2A2D,2026-08-15 22:06:41.000Z,-109,60.956258,-138.031093
radio434mhz,6133334B,2026-08-15 22:06:42.000Z,-39,60.956257,-138.031089
radio434mhz,6133334B,2026-08-15 22:06:45.000Z,-39,60.956251,-138.031093
radio434mhz,6133334B,2026-08-15 22:06:47.000Z,-39,60.956256,-138.031096
bluetooth,D2A3B933,2026-08-15 22:06:49.000Z,-35,60.956256,-138.031096,36269,2,0,1569,26.86
radio434mhz,6133334B,2026-08-15 22:06:49.000Z,-40,60.956255,-138.031107
radio434mhz,6133334B,2026-08-15 22:06:52.000Z,-39,60.956255,-138.031107
radio434mhz,6133334B,2026-08-15 22:06:54.000Z,-39,60.956247,-138.031143
radio434mhz,6133334B,2026-08-15 22:06:56.000Z,-38,60.956254,-138.031147
radio434mhz,6133334B,2026-08-15 22:06:59.000Z,-38,60.956258,-138.031178
bluetooth,D2A3B933,2026-08-15 22:06:59.000Z,-45,60.956258,-138.031178,30585,2,0,1570,26.68
radio434mhz,6133334B,2026-08-15 22:07:01.000Z,-37,60.956255,-138.031171
radio434mhz,6133334B,2026-08-15 22:07:03.000Z,-38,60.956255,-138.031171
radio434mhz,6133334B,2026-08-15 22:07:06.000Z,-38,60.956248,-138.031166
radio434mhz,6133334B,2026-08-15 22:07:08.000Z,-37,60.956245,-138.031157
bluetooth,D2A3B933,2026-08-15 22:07:09.000Z,-37,60.956226,-138.031166,20369,2,0,1570,26.66
radio434mhz,6133334B,2026-08-15 22:07:10.000Z,-37,60.956226,-138.031166
radio434mhz,6133334B,2026-08-15 22:07:12.000Z,-39,60.956206,-138.031178
radio434mhz,6133334B,2026-08-15 22:07:15.000Z,-39,60.956181,-138.031188
radio434mhz,6133334B,2026-08-15 22:07:17.000Z,-38,60.956161,-138.031242
bluetooth,D2A3B933,2026-08-15 22:07:19.000Z,-36,60.956161,-138.031242,21415,2,0,1569,26.86
radio434mhz,6133334B,2026-08-15 22:07:19.000Z,-39,60.956151,-138.031285
radio434mhz,6133334B,2026-08-15 22:07:22.000Z,-38,60.956143,-138.031326
radio434mhz,6133334B,2026-08-15 22:07:24.000Z,-38,60.956143,-138.031326
radio434mhz,6133334B,2026-08-15 22:07:26.000Z,-38,60.956127,-138.031370
radio434mhz,6133334B,2026-08-15 22:07:29.000Z,-38,60.956115,-138.031417
bluetooth,D2A3B933,2026-08-15 22:07:29.000Z,-40,60.956115,-138.031417,54429,2,0,1571,27.57
radio434mhz,6133334B,2026-08-15 22:07:31.000Z,-38,60.956095,-138.031451
radio434mhz,6133334B,2026-08-15 22:07:33.000Z,-39,60.956066,-138.031488
radio434mhz,6133334B,2026-08-15 22:07:36.000Z,-39,60.956037,-138.031527
radio434mhz,6133334B,2026-08-15 22:07:38.000Z,-39,60.956021,-138.031576
bluetooth,D2A3B933,2026-08-15 22:07:39.000Z,-50,60.956021,-138.031576,20971,2,0,1570,27.04
radio434mhz,6133334B,2026-08-15 22:07:40.000Z,-39,60.956005,-138.031600
radio434mhz,6133334B,2026-08-15 22:07:43.000Z,-37,60.956005,-138.031641
radio434mhz,6133334B,2026-08-15 22:07:45.000Z,-39,60.955988,-138.031654
radio434mhz,6133334B,2026-08-15 22:07:47.000Z,-39,60.955976,-138.031683
bluetooth,D2A3B933,2026-08-15 22:07:50.000Z,-38,60.955976,-138.031683,13577,2,0,1570,27.82
radio434mhz,6133334B,2026-08-15 22:07:50.000Z,-39,60.955976,-138.031683
radio434mhz,6133334B,2026-08-15 22:07:52.000Z,-39,60.955955,-138.031697
radio434mhz,6133334B,2026-08-15 22:07:54.000Z,-39,60.955929,-138.031701
radio434mhz,6133334B,2026-08-15 22:07:57.000Z,-38,60.955929,-138.031701
radio434mhz,6133334B,2026-08-15 22:07:59.000Z,-39,60.955917,-138.031682
bluetooth,D2A3B933,2026-08-15 22:08:00.000Z,-52,60.955914,-138.031662,62068,2,0,1570,27.77
radio434mhz,6133334B,2026-08-15 22:08:01.000Z,-39,60.955914,-138.031662
radio434mhz,6133334B,2026-08-15 22:08:03.000Z,-39,60.955900,-138.031699
radio434mhz,6133334B,2026-08-15 22:08:06.000Z,-38,60.955883,-138.031710
radio434mhz,6133334B,2026-08-15 22:08:08.000Z,-39,60.955866,-138.031746
bluetooth,D2A3B933,2026-08-15 22:08:10.000Z,-51,60.955867,-138.031772,19113,2,0,1570,27.34
radio434mhz,6133334B,2026-08-15 22:08:10.000Z,-38,60.955867,-138.031772
radio434mhz,6133334B,2026-08-15 22:08:13.000Z,-39,60.955857,-138.031792
radio434mhz,6133334B,2026-08-15 22:08:15.000Z,-38,60.955857,-138.031792
radio434mhz,6133334B,2026-08-15 22:08:17.000Z,-38,60.955857,-138.031805
radio434mhz,6133334B,2026-08-15 22:08:20.000Z,-39,60.955857,-138.031814
bluetooth,D2A3B933,2026-08-15 22:08:20.000Z,-39,60.955857,-138.031814,56845,2,0,1571,27.90
radio434mhz,6133334B,2026-08-15 22:08:22.000Z,-39,60.955846,-138.031836
radio434mhz,6133334B,2026-08-15 22:08:24.000Z,-39,60.955830,-138.031866
radio434mhz,6133334B,2026-08-15 22:08:27.000Z,-39,60.955830,-138.031866
radio434mhz,6133334B,2026-08-15 22:08:29.000Z,-38,60.955821,-138.031877
bluetooth,D2A3B933,2026-08-15 22:08:30.000Z,-54,60.955811,-138.031897,47025,2,0,1570,27.67
radio434mhz,6133334B,2026-08-15 22:08:31.000Z,-39,60.955811,-138.031897
radio434mhz,6133334B,2026-08-15 22:08:34.000Z,-38,60.955794,-138.031955
radio434mhz,6133334B,2026-08-15 22:08:36.000Z,-39,60.955776,-138.031975
radio434mhz,6133334B,2026-08-15 22:08:38.000Z,-38,60.955779,-138.032013
bluetooth,D2A3B933,2026-08-15 22:08:40.000Z,-46,60.955780,-138.032044,49444,2,0,1569,27.57
radio434mhz,6133334B,2026-08-15 22:08:41.000Z,-38,60.955780,-138.032044
radio434mhz,6133334B,2026-08-15 22:08:43.000Z,-39,60.955784,-138.032076
radio434mhz,6133334B,2026-08-15 22:08:45.000Z,-38,60.955773,-138.032097
radio434mhz,6133334B,2026-08-15 22:08:47.000Z,-39,60.955763,-138.032127
radio434mhz,6133334B,2026-08-15 22:08:50.000Z,-40,60.955750,-138.032164
bluetooth,D2A3B933,2026-08-15 22:08:50.000Z,-41,60.955750,-138.032164,45704,2,0,1570,27.42
radio434mhz,6133334B,2026-08-15 22:08:52.000Z,-40,60.955728,-138.032155
radio434mhz,6133334B,2026-08-15 22:08:54.000Z,-39,60.955717,-138.032180
radio434mhz,6133334B,2026-08-15 22:08:57.000Z,-37,60.955717,-138.032180
radio434mhz,6133334B,2026-08-15 22:08:59.000Z,-38,60.955709,-138.032138
bluetooth,D2A3B933,2026-08-15 22:09:01.000Z,-37,60.955700,-138.032126,15159,2,0,1570,27.21
radio434mhz,6133334B,2026-08-15 22:09:01.000Z,-39,60.955700,-138.032126
radio434mhz,6133334B,2026-08-15 22:09:04.000Z,-39,60.955692,-138.032123
radio434mhz,6133334B,2026-08-15 22:09:06.000Z,-41,60.955692,-138.032123
radio434mhz,6133334B,2026-08-15 22:09:08.000Z,-38,60.955683,-138.032098
radio434mhz,6133334B,2026-08-15 22:09:11.000Z,-40,60.955680,-138.032103
bluetooth,D2A3B933,2026-08-15 22:09:11.000Z,-38,60.955680,-138.032103,33419,2,0,1570,27.21
radio434mhz,6133334B,2026-08-15 22:09:13.000Z,-39,60.955667,-138.032115
radio434mhz,6133334B,2026-08-15 22:09:15.000Z,-39,60.955653,-138.032107
radio434mhz,6133334B,2026-08-15 22:09:17.000Z,-39,60.955608,-138.032109
radio434mhz,6133334B,2026-08-15 22:09:20.000Z,-39,60.955576,-138.032124
bluetooth,D2A3B933,2026-08-15 22:09:21.000Z,-32,60.955576,-138.032124,46053,2,0,1570,27.29
radio434mhz,6133334B,2026-08-15 22:09:22.000Z,-39,60.955548,-138.032167
radio434mhz,6133334B,2026-08-15 22:09:24.000Z,-39,60.955527,-138.032197
radio434mhz,6133334B,2026-08-15 22:09:27.000Z,-38,60.955527,-138.032197
radio434mhz,6133334B,2026-08-15 22:09:29.000Z,-38,60.955504,-138.032196
bluetooth,D2A3B933,2026-08-15 22:09:31.000Z,-39,60.955489,-138.032232,18561,2,0,1570,27.85
radio434mhz,6133334B,2026-08-15 22:09:31.000Z,-39,60.955489,-138.032232
radio434mhz,6133334B,2026-08-15 22:09:34.000Z,-39,60.955483,-138.032274
radio434mhz,6133334B,2026-08-15 22:09:36.000Z,-38,60.955472,-138.032324
radio434mhz,6133334B,2026-08-15 22:09:38.000Z,-37,60.955475,-138.032363
radio434mhz,6133334B,2026-08-15 22:09:41.000Z,-38,60.955475,-138.032363
bluetooth,D2A3B933,2026-08-15 22:09:41.000Z,-44,60.955475,-138.032363,18425,2,0,1570,27.24
radio434mhz,6133334B,2026-08-15 22:09:43.000Z,-39,60.955475,-138.032385
radio434mhz,6133334B,2026-08-15 22:09:45.000Z,-39,60.955475,-138.032385
radio434mhz,6133334B,2026-08-15 22:09:47.000Z,-39,60.955470,-138.032390
radio434mhz,6133334B,2026-08-15 22:09:50.000Z,-39,60.955469,-138.032391
bluetooth,D2A3B933,2026-08-15 22:09:51.000Z,-33,60.955460,-138.032401,22343,2,0,1570,27.21
radio434mhz,6133334B,2026-08-15 22:09:52.000Z,-38,60.955460,-138.032401
radio434mhz,6133334B,2026-08-15 22:09:54.000Z,-43,60.955452,-138.032408
radio434mhz,6133334B,2026-08-15 22:09:57.000Z,-43,60.955452,-138.032408
radio434mhz,6133334B,2026-08-15 22:09:59.000Z,-43,60.955452,-138.032408
radio434mhz,6133334B,2026-08-15 22:10:01.000Z,-42,60.955446,-138.032412
bluetooth,D2A3B933,2026-08-15 22:10:02.000Z,-38,60.955446,-138.032412,44306,2,0,1569,27.14
radio434mhz,6133334B,2026-08-15 22:10:04.000Z,-38,60.955446,-138.032412
radio434mhz,6133334B,2026-08-15 22:10:06.000Z,-36,60.955438,-138.032419
radio434mhz,6133334B,2026-08-15 22:10:08.000Z,-37,60.955436,-138.032418
radio434mhz,6133334B,2026-08-15 22:10:11.000Z,-38,60.955437,-138.032417
bluetooth,D2A3B933,2026-08-15 22:10:12.000Z,-46,60.955434,-138.032412,39503,2,0,1570,27.09
radio434mhz,6133334B,2026-08-15 22:10:13.000Z,-39,60.955434,-138.032412
radio434mhz,6133334B,2026-08-15 22:10:15.000Z,-39,60.955418,-138.032374
radio434mhz,6133334B,2026-08-15 22:10:17.000Z,-38,60.955405,-138.032385
radio434mhz,6133334B,2026-08-15 22:10:20.000Z,-38,60.955372,-138.032385
bluetooth,D2A3B933,2026-08-15 22:10:22.000Z,-36,60.955355,-138.032378,49244,2,0,1569,26.89
radio434mhz,6133334B,2026-08-15 22:10:22.000Z,-39,60.955355,-138.032378
radio434mhz,6133334B,2026-08-15 22:10:24.000Z,-38,60.955334,-138.032391
radio434mhz,6133334B,2026-08-15 22:10:27.000Z,-38,60.955311,-138.032309
radio434mhz,6133334B,2026-08-15 22:10:29.000Z,-38,60.955279,-138.032282
radio434mhz,6133334B,2026-08-15 22:10:31.000Z,-38,60.955274,-138.032207
bluetooth,D2A3B933,2026-08-15 22:10:32.000Z,-34,60.955274,-138.032207,449,2,0,1569,26.58
radio434mhz,6133334B,2026-08-15 22:10:34.000Z,-39,60.955249,-138.032187
radio434mhz,6133334B,2026-08-15 22:10:36.000Z,-39,60.955218,-138.032151
radio434mhz,6133334B,2026-08-15 22:10:38.000Z,-39,60.955218,-138.032151
radio434mhz,6133334B,2026-08-15 22:10:41.000Z,-39,60.955208,-138.032107
bluetooth,D2A3B933,2026-08-15 22:10:42.000Z,-45,60.955219,-138.032063,63098,2,0,1571,26.56
radio434mhz,6133334B,2026-08-15 22:10:43.000Z,-38,60.955219,-138.032063
radio434mhz,6133334B,2026-08-15 22:10:45.000Z,-39,60.955207,-138.032011
radio434mhz,6133334B,2026-08-15 22:10:47.000Z,-38,60.955183,-138.031981
radio434mhz,6133334B,2026-08-15 22:10:50.000Z,-38,60.955157,-138.031950
radio434mhz,6133334B,2026-08-15 22:10:52.000Z,-39,60.955145,-138.031878
bluetooth,D2A3B933,2026-08-15 22:10:52.000Z,-39,60.955145,-138.031878,56285,2,0,1570,26.51
radio434mhz,6133334B,2026-08-15 22:10:54.000Z,-39,60.955131,-138.031827
radio434mhz,6133334B,2026-08-15 22:10:57.000Z,-38,60.955109,-138.031789
radio434mhz,6133334B,2026-08-15 22:10:59.000Z,-40,60.955109,-138.031789
radio434mhz,6133334B,2026-08-15 22:11:01.000Z,-38,60.955083,-138.031733
bluetooth,D2A3B933,2026-08-15 22:11:02.000Z,-61,60.955065,-138.031691,56436,2,0,1570,26.51
radio434mhz,6133334B,2026-08-15 22:11:04.000Z,-39,60.955065,-138.031691
radio434mhz,6133334B,2026-08-15 22:11:06.000Z,-38,60.955065,-138.031629
radio434mhz,6133334B,2026-08-15 22:11:08.000Z,-39,60.955075,-138.031590
radio434mhz,6133334B,2026-08-15 22:11:11.000Z,-38,60.955087,-138.031542
bluetooth,D2A3B933,2026-08-15 22:11:12.000Z,-37,60.955081,-138.031475,51764,2,0,1570,26.48
radio434mhz,6133334B,2026-08-15 22:11:13.000Z,-39,60.955081,-138.031475
radio434mhz,6133334B,2026-08-15 22:11:18.000Z,-35,60.955094,-138.031380
radio434mhz,6133334B,2026-08-15 22:11:20.000Z,-38,60.955126,-138.031368
radio434mhz,6133334B,2026-08-15 22:11:22.000Z,-37,60.955131,-138.031313
radio434mhz,6133334B,2026-08-15 22:11:24.000Z,-38,60.955141,-138.031253
radio434mhz,6133334B,2026-08-15 22:11:27.000Z,-37,60.955112,-138.031163
radio434mhz,6133334B,2026-08-15 22:11:29.000Z,-39,60.955099,-138.031119
radio434mhz,6133334B,2026-08-15 22:11:31.000Z,-38,60.955103,-138.031091
bluetooth,D2A3B933,2026-08-15 22:11:33.000Z,-55,60.955103,-138.031091,58812,2,0,1570,26.28
radio434mhz,6133334B,2026-08-15 22:11:34.000Z,-38,60.955104,-138.031027
radio434mhz,6133334B,2026-08-15 22:11:36.000Z,-39,60.955104,-138.031027
radio434mhz,6133334B,2026-08-15 22:11:38.000Z,-38,60.955064,-138.030986
radio434mhz,6133334B,2026-08-15 22:11:41.000Z,-38,60.955058,-138.030929
bluetooth,D2A3B933,2026-08-15 22:11:43.000Z,-40,60.955038,-138.030896,47847,2,0,1571,26.08
radio434mhz,6133334B,2026-08-15 22:11:43.000Z,-38,60.955038,-138.030896
radio434mhz,6133334B,2026-08-15 22:11:45.000Z,-37,60.955039,-138.030855
radio434mhz,6133334B,2026-08-15 22:11:48.000Z,-38,60.955054,-138.030829
radio434mhz,6133334B,2026-08-15 22:11:50.000Z,-38,60.955069,-138.030813
radio434mhz,6133334B,2026-08-15 22:11:52.000Z,-39,60.955082,-138.030765
radio434mhz,6133334B,2026-08-15 22:11:55.000Z,-38,60.955069,-138.030718
radio434mhz,6133334B,2026-08-15 22:11:57.000Z,-38,60.955069,-138.030718
radio434mhz,6133334B,2026-08-15 22:11:59.000Z,-38,60.955054,-138.030693
radio434mhz,6133334B,2026-08-15 22:12:01.000Z,-38,60.955035,-138.030664
radio434mhz,2A2A2A2D,2026-08-15 22:12:03.000Z,-106,60.955010,-138.030639
bluetooth,D2A3B933,2026-08-15 22:12:03.000Z,-37,60.955010,-138.030639,61649,2,0,1570,26.18
radio434mhz,6133334B,2026-08-15 22:12:04.000Z,-38,60.955010,-138.030639
radio434mhz,6133334B,2026-08-15 22:12:06.000Z,-37,60.954982,-138.030631
radio434mhz,6133334B,2026-08-15 22:12:08.000Z,-38,60.954957,-138.030602
radio434mhz,6133334B,2026-08-15 22:12:11.000Z,-37,60.954941,-138.030549
radio434mhz,6133334B,2026-08-15 22:12:13.000Z,-39,60.954935,-138.030494
bluetooth,D2A3B933,2026-08-15 22:12:13.000Z,-40,60.954935,-138.030494,20804,2,0,1571,26.28
radio434mhz,6133334B,2026-08-15 22:12:15.000Z,-37,60.954930,-138.030441
radio434mhz,6133334B,2026-08-15 22:12:18.000Z,-37,60.954938,-138.030385
radio434mhz,6133334B,2026-08-15 22:12:20.000Z,-37,60.954956,-138.030335
radio434mhz,2A2A2A2D,2026-08-15 22:12:20.000Z,-108,60.954956,-138.030335
radio434mhz,6133334B,2026-08-15 22:12:22.000Z,-38,60.954956,-138.030335
bluetooth,D2A3B933,2026-08-15 22:12:23.000Z,-38,60.954949,-138.030283,14094,2,0,1570,25.98
radio434mhz,6133334B,2026-08-15 22:12:25.000Z,-37,60.954949,-138.030283
radio434mhz,6133334B,2026-08-15 22:12:27.000Z,-38,60.954948,-138.030242
radio434mhz,6133334B,2026-08-15 22:12:29.000Z,-38,60.954943,-138.030186
radio434mhz,6133334B,2026-08-15 22:12:32.000Z,-37,60.954977,-138.030110
bluetooth,D2A3B933,2026-08-15 22:12:33.000Z,-49,60.954982,-138.030056,200,2,0,1571,26.15
radio434mhz,6133334B,2026-08-15 22:12:34.000Z,-37,60.954982,-138.030056
radio434mhz,6133334B,2026-08-15 22:12:36.000Z,-37,60.954991,-138.030003
radio434mhz,6133334B,2026-08-15 22:12:39.000Z,-38,60.954988,-138.029938
radio434mhz,6133334B,2026-08-15 22:12:41.000Z,-37,60.954990,-138.029901
radio434mhz,6133334B,2026-08-15 22:12:43.000Z,-38,60.954976,-138.029846
bluetooth,D2A3B933,2026-08-15 22:12:44.000Z,-64,60.954976,-138.029846,54833,2,0,1571,25.98
radio434mhz,6133334B,2026-08-15 22:12:45.000Z,-38,60.954976,-138.029846
radio434mhz,2A2A2A2D,2026-08-15 22:12:48.000Z,-103,60.954969,-138.029813
radio434mhz,6133334B,2026-08-15 22:12:48.000Z,-39,60.954969,-138.029813
radio434mhz,6133334B,2026-08-15 22:12:50.000Z,-39,60.954947,-138.029764
radio434mhz,2A2A2A2D,2026-08-15 22:12:51.000Z,-112,60.954947,-138.029764
radio434mhz,6133334B,2026-08-15 22:12:52.000Z,-38,60.954945,-138.029717
bluetooth,D2A3B933,2026-08-15 22:12:54.000Z,-40,60.954945,-138.029717,26442,2,0,1571,26.28
radio434mhz,6133334B,2026-08-15 22:12:55.000Z,-37,60.954942,-138.029665
radio434mhz,6133334B,2026-08-15 22:12:57.000Z,-38,60.954958,-138.029639
radio434mhz,2A2A2A2D,2026-08-15 22:12:58.000Z,-103,60.954958,-138.029639
radio434mhz,6133334B,2026-08-15 22:12:59.000Z,-38,60.954980,-138.029611
radio434mhz,6133334B,2026-08-15 22:13:02.000Z,-38,60.954980,-138.029611
bluetooth,D2A3B933,2026-08-15 22:13:04.000Z,-46,60.954995,-138.029597,53431,2,0,1570,26.10
radio434mhz,6133334B,2026-08-15 22:13:04.000Z,-38,60.954995,-138.029597
radio434mhz,2A2A2A2D,2026-08-15 22:13:05.000Z,-105,60.955010,-138.029570
radio434mhz,6133334B,2026-08-15 22:13:06.000Z,-38,60.955010,-138.029570
radio434mhz,2A2A2A2D,2026-08-15 22:13:08.000Z,-109,60.955019,-138.029527
radio434mhz,6133334B,2026-08-15 22:13:09.000Z,-39,60.955019,-138.029527
radio434mhz,6133334B,2026-08-15 22:13:11.000Z,-38,60.955034,-138.029488
radio434mhz,6133334B,2026-08-15 22:13:13.000Z,-39,60.955031,-138.029481
radio434mhz,2A2A2A2D,2026-08-15 22:13:15.000Z,-98,60.955051,-138.029467
radio434mhz,6133334B,2026-08-15 22:13:16.000Z,-38,60.955051,-138.029467
radio434mhz,6133334B,2026-08-15 22:13:18.000Z,-37,60.955092,-138.029455
radio434mhz,2A2A2A2D,2026-08-15 22:13:19.000Z,-103,60.955092,-138.029455
radio434mhz,6133334B,2026-08-15 22:13:20.000Z,-39,60.955123,-138.029451
radio434mhz,2A2A2A2D,2026-08-15 22:13:22.000Z,-95,60.955155,-138.029469
radio434mhz,6133334B,2026-08-15 22:13:23.000Z,-38,60.955155,-138.029469
radio434mhz,6133334B,2026-08-15 22:13:25.000Z,-38,60.955183,-138.029434
radio434mhz,2A2A2A2D,2026-08-15 22:13:25.000Z,-97,60.955183,-138.029434
radio434mhz,6133334B,2026-08-15 22:13:27.000Z,-38,60.955196,-138.029404
radio434mhz,2A2A2A2D,2026-08-15 22:13:29.000Z,-97,60.955196,-138.029404
radio434mhz,6133334B,2026-08-15 22:13:29.000Z,-38,60.955190,-138.029345
radio434mhz,6133334B,2026-08-15 22:13:32.000Z,-39,60.955190,-138.029345
radio434mhz,2A2A2A2D,2026-08-15 22:13:32.000Z,-107,60.955185,-138.029350
radio434mhz,6133334B,2026-08-15 22:13:34.000Z,-38,60.955185,-138.029350
bluetooth,D2A3B933,2026-08-15 22:13:34.000Z,-42,60.955185,-138.029350,55706,2,0,1570,26.30
radio434mhz,2A2A2A2D,2026-08-15 22:13:36.000Z,-98,60.955182,-138.029319
radio434mhz,6133334B,2026-08-15 22:13:36.000Z,-38,60.955182,-138.029319
radio434mhz,6133334B,2026-08-15 22:13:39.000Z,-38,60.955217,-138.029363
radio434mhz,2A2A2A2D,2026-08-15 22:13:39.000Z,-102,60.955217,-138.029363
radio434mhz,6133334B,2026-08-15 22:13:41.000Z,-38,60.955224,-138.029392
radio434mhz,2A2A2A2D,2026-08-15 22:13:42.000Z,-108,60.955238,-138.029436
radio434mhz,6133334B,2026-08-15 22:13:43.000Z,-39,60.955238,-138.029436
bluetooth,D2A3B933,2026-08-15 22:13:44.000Z,-46,60.955255,-138.029485,12840,2,0,1570,26.10
radio434mhz,6133334B,2026-08-15 22:13:46.000Z,-38,60.955255,-138.029485
radio434mhz,2A2A2A2D,2026-08-15 22:13:46.000Z,-108,60.955255,-138.029485
radio434mhz,6133334B,2026-08-15 22:13:48.000Z,-37,60.955280,-138.029483
radio434mhz,2A2A2A2D,2026-08-15 22:13:49.000Z,-98,60.955307,-138.029492
radio434mhz,6133334B,2026-08-15 22:13:50.000Z,-37,60.955307,-138.029492
radio434mhz,6133334B,2026-08-15 22:13:53.000Z,-38,60.955322,-138.029532
radio434mhz,2A2A2A2D,2026-08-15 22:13:53.000Z,-100,60.955322,-138.029532
bluetooth,D2A3B933,2026-08-15 22:13:54.000Z,-39,60.955349,-138.029546,27717,2,0,1570,26.03
radio434mhz,6133334B,2026-08-15 22:13:55.000Z,-38,60.955349,-138.029546
bluetooth,5DCC8AD2,2026-08-15 22:13:56.000Z,-82,60.955349,-138.029546,37612,2,0,1565,37.98
radio434mhz,2A2A2A2D,2026-08-15 22:13:56.000Z,-106,60.955361,-138.029560
radio434mhz,6133334B,2026-08-15 22:13:57.000Z,-36,60.955361,-138.029560
radio434mhz,6133334B,2026-08-15 22:14:00.000Z,-40,60.955388,-138.029543
radio434mhz,2A2A2A2D,2026-08-15 22:14:00.000Z,-100,60.955388,-138.029543
radio434mhz,6133334B,2026-08-15 22:14:02.000Z,-37,60.955397,-138.029493
radio434mhz,2A2A2A2D,2026-08-15 22:14:03.000Z,-97,60.955397,-138.029493
radio434mhz,6133334B,2026-08-15 22:14:04.000Z,-39,60.955429,-138.029485
bluetooth,5DCC8AD2,2026-08-15 22:14:06.000Z,-72,60.955429,-138.029485,164,2,0,1565,37.96
radio434mhz,6133334B,2026-08-15 22:14:07.000Z,-37,60.955426,-138.029419
radio434mhz,2A2A2A2D,2026-08-15 22:14:07.000Z,-99,60.955426,-138.029419
radio434mhz,6133334B,2026-08-15 22:14:09.000Z,-38,60.955426,-138.029419
radio434mhz,2A2A2A2D,2026-08-15 22:14:10.000Z,-104,60.955455,-138.029404
radio434mhz,6133334B,2026-08-15 22:14:11.000Z,-37,60.955455,-138.029404
radio434mhz,2A2A2A2D,2026-08-15 22:14:13.000Z,-99,60.955433,-138.029309
radio434mhz,6133334B,2026-08-15 22:14:14.000Z,-37,60.955433,-138.029309
bluetooth,D2A3B933,2026-08-15 22:14:15.000Z,-51,60.955441,-138.029272,55639,2,0,1571,25.75
radio434mhz,6133334B,2026-08-15 22:14:16.000Z,-37,60.955441,-138.029272
radio434mhz,2A2A2A2D,2026-08-15 22:14:17.000Z,-93,60.955441,-138.029272
radio434mhz,6133334B,2026-08-15 22:14:18.000Z,-38,60.955462,-138.029228
radio434mhz,2A2A2A2D,2026-08-15 22:14:20.000Z,-95,60.955480,-138.029200
radio434mhz,6133334B,2026-08-15 22:14:20.000Z,-38,60.955480,-138.029200
bluetooth,5DCC8AD2,2026-08-15 22:14:21.000Z,-71,60.955480,-138.029200,12247,2,0,1566,38.06
radio434mhz,6133334B,2026-08-15 22:14:23.000Z,-38,60.955498,-138.029226
radio434mhz,2A2A2A2D,2026-08-15 22:14:24.000Z,-100,60.955498,-138.029226
bluetooth,D2A3B933,2026-08-15 22:14:25.000Z,-42,60.955517,-138.029260,33891,2,0,1570,26.23
radio434mhz,6133334B,2026-08-15 22:14:25.000Z,-38,60.955517,-138.029260
bluetooth,5DCC8AD2,2026-08-15 22:14:26.000Z,-77,60.955517,-138.029260,62649,2,0,1566,38.26
radio434mhz,6133334B,2026-08-15 22:14:27.000Z,-38,60.955535,-138.029279
radio434mhz,6133334B,2026-08-15 22:14:30.000Z,-38,60.955558,-138.029309
radio434mhz,2A2A2A2D,2026-08-15 22:14:31.000Z,-102,60.955558,-138.029309
radio434mhz,6133334B,2026-08-15 22:14:32.000Z,-37,60.955580,-138.029322
radio434mhz,2A2A2A2D,2026-08-15 22:14:34.000Z,-103,60.955600,-138.029361
bluetooth,D2A3B933,2026-08-15 22:14:35.000Z,-40,60.955600,-138.029361,33098,2,0,1571,26.20
radio434mhz,6133334B,2026-08-15 22:14:37.000Z,-39,60.955617,-138.029411
radio434mhz,6133334B,2026-08-15 22:14:39.000Z,-37,60.955636,-138.029464
radio434mhz,6133334B,2026-08-15 22:14:41.000Z,-37,60.955659,-138.029469
radio434mhz,6133334B,2026-08-15 22:14:44.000Z,-38,60.955686,-138.029443
radio434mhz,2A2A2A2D,2026-08-15 22:14:44.000Z,-105,60.955686,-138.029443
bluetooth,D2A3B933,2026-08-15 22:14:45.000Z,-47,60.955686,-138.029443,15600,2,0,1571,26.13
radio434mhz,6133334B,2026-08-15 22:14:46.000Z,-38,60.955686,-138.029443
radio434mhz,6133334B,2026-08-15 22:14:48.000Z,-39,60.955704,-138.029474
radio434mhz,6133334B,2026-08-15 22:14:51.000Z,-39,60.955732,-138.029494
radio434mhz,2A2A2A2D,2026-08-15 22:14:51.000Z,-102,60.955732,-138.029494
radio434mhz,6133334B,2026-08-15 22:14:53.000Z,-37,60.955752,-138.029488
bluetooth,D2A3B933,2026-08-15 22:14:55.000Z,-39,60.955785,-138.029470,59425,2,0,1570,26.03
radio434mhz,6133334B,2026-08-15 22:14:55.000Z,-38,60.955785,-138.029470
radio434mhz,6133334B,2026-08-15 22:14:58.000Z,-38,60.955804,-138.029444
radio434mhz,6133334B,2026-08-15 22:15:00.000Z,-38,60.955830,-138.029462
radio434mhz,2A2A2A2D,2026-08-15 22:15:01.000Z,-111,60.955830,-138.029462
radio434mhz,6133334B,2026-08-15 22:15:02.000Z,-38,60.955847,-138.029510
radio434mhz,6133334B,2026-08-15 22:15:05.000Z,-40,60.955862,-138.029540
radio434mhz,2A2A2A2D,2026-08-15 22:15:05.000Z,-108,60.955862,-138.029540
radio434mhz,6133334B,2026-08-15 22:15:07.000Z,-41,60.955862,-138.029540
radio434mhz,2A2A2A2D,2026-08-15 22:15:08.000Z,-110,60.955879,-138.029582
radio434mhz,6133334B,2026-08-15 22:15:09.000Z,-40,60.955879,-138.029582
radio434mhz,6133334B,2026-08-15 22:15:12.000Z,-38,60.955893,-138.029626
radio434mhz,6133334B,2026-08-15 22:15:14.000Z,-39,60.955915,-138.029668
bluetooth,D2A3B933,2026-08-15 22:15:15.000Z,-45,60.955932,-138.029676,12341,2,0,1570,26.05
radio434mhz,6133334B,2026-08-15 22:15:16.000Z,-38,60.955932,-138.029676
radio434mhz,6133334B,2026-08-15 22:15:19.000Z,-39,60.955954,-138.029671
radio434mhz,6133334B,2026-08-15 22:15:21.000Z,-38,60.955980,-138.029678
radio434mhz,6133334B,2026-08-15 22:15:23.000Z,-38,60.955973,-138.029781
radio434mhz,2A2A2A2D,2026-08-15 22:15:25.000Z,-103,60.955996,-138.029807
bluetooth,D2A3B933,2026-08-15 22:15:25.000Z,-41,60.955996,-138.029807,60509,2,0,1569,26.23
radio434mhz,6133334B,2026-08-15 22:15:26.000Z,-37,60.955996,-138.029807
radio434mhz,6133334B,2026-08-15 22:15:28.000Z,-37,60.955996,-138.029807
radio434mhz,6133334B,2026-08-15 22:15:30.000Z,-37,60.955996,-138.029833
radio434mhz,6133334B,2026-08-15 22:15:33.000Z,-37,60.955996,-138.029833
radio434mhz,6133334B,2026-08-15 22:15:35.000Z,-37,60.956010,-138.029797
bluetooth,D2A3B933,2026-08-15 22:15:36.000Z,-32,60.956010,-138.029797,21340,2,0,1569,26.46
radio434mhz,6133334B,2026-08-15 22:15:37.000Z,-36,60.956010,-138.029797
radio434mhz,6133334B,2026-08-15 22:15:39.000Z,-37,60.956017,-138.029792
radio434mhz,6133334B,2026-08-15 22:15:42.000Z,-37,60.956017,-138.029792
radio434mhz,6133334B,2026-08-15 22:15:44.000Z,-38,60.956021,-138.029783
bluetooth,D2A3B933,2026-08-15 22:15:46.000Z,-47,60.956029,-138.029781,10276,2,0,1570,26.53
radio434mhz,6133334B,2026-08-15 22:15:46.000Z,-39,60.956029,-138.029781
radio434mhz,6133334B,2026-08-15 22:15:49.000Z,-40,60.956032,-138.029810
radio434mhz,6133334B,2026-08-15 22:15:51.000Z,-39,60.956034,-138.029816
radio434mhz,6133334B,2026-08-15 22:15:53.000Z,-47,60.956037,-138.029830
radio434mhz,6133334B,2026-08-15 22:15:56.000Z,-39,60.956035,-138.029830
bluetooth,D2A3B933,2026-08-15 22:15:56.000Z,-30,60.956035,-138.029830,3083,2,0,1570,26.48
radio434mhz,6133334B,2026-08-15 22:15:58.000Z,-42,60.956035,-138.029853
radio434mhz,2A2A2A2D,2026-08-15 22:16:00.000Z,-108,60.956035,-138.029853
radio434mhz,6133334B,2026-08-15 22:16:00.000Z,-42,60.956035,-138.029853
radio434mhz,6133334B,2026-08-15 22:16:03.000Z,-41,60.956040,-138.029851
radio434mhz,6133334B,2026-08-15 22:16:05.000Z,-39,60.956047,-138.029872
bluetooth,D2A3B933,2026-08-15 22:16:06.000Z,-30,60.956047,-138.029872,17468,2,0,1570,26.53
radio434mhz,6133334B,2026-08-15 22:16:07.000Z,-42,60.956048,-138.029922
radio434mhz,6133334B,2026-08-15 22:16:10.000Z,-43,60.956055,-138.029967
radio434mhz,6133334B,2026-08-15 22:16:12.000Z,-43,60.956066,-138.030039
radio434mhz,6133334B,2026-08-15 22:16:14.000Z,-43,60.956093,-138.030043
bluetooth,D2A3B933,2026-08-15 22:16:16.000Z,-32,60.956110,-138.030100,15381,2,0,1571,26.58
radio434mhz,6133334B,2026-08-15 22:16:17.000Z,-42,60.956110,-138.030100
radio434mhz,6133334B,2026-08-15 22:16:19.000Z,-42,60.956130,-138.030151
radio434mhz,6133334B,2026-08-15 22:16:21.000Z,-42,60.956128,-138.030222
radio434mhz,6133334B,2026-08-15 22:16:24.000Z,-43,60.956142,-138.030262
radio434mhz,6133334B,2026-08-15 22:16:26.000Z,-42,60.956142,-138.030334
bluetooth,D2A3B933,2026-08-15 22:16:26.000Z,-44,60.956142,-138.030334,23931,2,0,1570,26.51
radio434mhz,6133334B,2026-08-15 22:16:28.000Z,-48,60.956167,-138.030352
radio434mhz,6133334B,2026-08-15 22:16:31.000Z,-41,60.956167,-138.030352
radio434mhz,6133334B,2026-08-15 22:16:33.000Z,-41,60.956181,-138.030390
radio434mhz,6133334B,2026-08-15 22:16:35.000Z,-42,60.956208,-138.030415
bluetooth,D2A3B933,2026-08-15 22:16:36.000Z,-38,60.956215,-138.030472,14517,2,0,1570,26.48
radio434mhz,6133334B,2026-08-15 22:16:38.000Z,-42,60.956215,-138.030472
radio434mhz,6133334B,2026-08-15 22:16:40.000Z,-41,60.956240,-138.030496
radio434mhz,6133334B,2026-08-15 22:16:42.000Z,-43,60.956260,-138.030517
radio434mhz,6133334B,2026-08-15 22:16:45.000Z,-42,60.956289,-138.030566
bluetooth,D2A3B933,2026-08-15 22:16:46.000Z,-45,60.956310,-138.030582,11928,2,0,1570,26.61
radio434mhz,6133334B,2026-08-15 22:16:47.000Z,-43,60.956310,-138.030582
radio434mhz,6133334B,2026-08-15 22:16:49.000Z,-43,60.956320,-138.030650
radio434mhz,6133334B,2026-08-15 22:16:52.000Z,-45,60.956339,-138.030679
radio434mhz,6133334B,2026-08-15 22:16:54.000Z,-39,60.956371,-138.030693
radio434mhz,6133334B,2026-08-15 22:16:56.000Z,-41,60.956385,-138.030711
bluetooth,D2A3B933,2026-08-15 22:16:57.000Z,-36,60.956385,-138.030711,36468,2,0,1572,26.53
radio434mhz,6133334B,2026-08-15 22:16:59.000Z,-42,60.956415,-138.030722
radio434mhz,6133334B,2026-08-15 22:17:01.000Z,-41,60.956415,-138.030722
radio434mhz,6133334B,2026-08-15 22:17:03.000Z,-40,60.956434,-138.030758
radio434mhz,6133334B,2026-08-15 22:17:06.000Z,-57,60.956464,-138.030771
bluetooth,D2A3B933,2026-08-15 22:17:07.000Z,-44,60.956474,-138.030810,26913,2,0,1570,26.51
radio434mhz,6133334B,2026-08-15 22:17:08.000Z,-42,60.956474,-138.030810
radio434mhz,6133334B,2026-08-15 22:17:10.000Z,-40,60.956494,-138.030799
radio434mhz,5552522A,2026-08-15 22:17:12.000Z,-109,60.956514,-138.030796
radio434mhz,6133334B,2026-08-15 22:17:13.000Z,-42,60.956514,-138.030796
radio434mhz,6133334B,2026-08-15 22:17:15.000Z,-42,60.956542,-138.030791
radio434mhz,5552522A,2026-08-15 22:17:15.000Z,-108,60.956542,-138.030791
bluetooth,D2A3B933,2026-08-15 22:17:17.000Z,-43,60.956559,-138.030764,46297,2,0,1570,26.51
radio434mhz,6133334B,2026-08-15 22:17:17.000Z,-41,60.956559,-138.030764
radio434mhz,D2F82D1E,2026-08-15 22:17:19.000Z,-111,60.956589,-138.030738
radio434mhz,6133334B,2026-08-15 22:17:19.000Z,-40,60.956589,-138.030738
radio434mhz,5552522A,2026-08-15 22:17:21.000Z,-104,60.956589,-138.030738
radio434mhz,6133334B,2026-08-15 22:17:22.000Z,-42,60.956611,-138.030695
radio434mhz,6133334B,2026-08-15 22:17:24.000Z,-42,60.956640,-138.030673
radio434mhz,5552522A,2026-08-15 22:17:24.000Z,-106,60.956640,-138.030673
radio434mhz,6133334B,2026-08-15 22:17:26.000Z,-42,60.956640,-138.030673
bluetooth,D2A3B933,2026-08-15 22:17:27.000Z,-51,60.956655,-138.030663,7273,2,0,1571,26.48
radio434mhz,5552522A,2026-08-15 22:17:27.000Z,-109,60.956655,-138.030663
radio434mhz,6133334B,2026-08-15 22:17:29.000Z,-41,60.956655,-138.030663
radio434mhz,5552522A,2026-08-15 22:17:30.000Z,-104,60.956666,-138.030670
radio434mhz,6133334B,2026-08-15 22:17:31.000Z,-42,60.956666,-138.030670
radio434mhz,5552522A,2026-08-15 22:17:33.000Z,-108,60.956689,-138.030685
radio434mhz,6133334B,2026-08-15 22:17:33.000Z,-42,60.956689,-138.030685
radio434mhz,6133334B,2026-08-15 22:17:36.000Z,-41,60.956713,-138.030676
bluetooth,D2A3B933,2026-08-15 22:17:37.000Z,-46,60.956713,-138.030676,45683,2,0,1570,26.46
radio434mhz,6133334B,2026-08-15 22:17:38.000Z,-39,60.956739,-138.030656
radio434mhz,5552522A,2026-08-15 22:17:40.000Z,-109,60.956758,-138.030662
radio434mhz,6133334B,2026-08-15 22:17:40.000Z,-41,60.956758,-138.030662
radio434mhz,6133334B,2026-08-15 22:17:43.000Z,-42,60.956777,-138.030703
radio434mhz,6133334B,2026-08-15 22:17:45.000Z,-40,60.956794,-138.030739
bluetooth,D2A3B933,2026-08-15 22:17:47.000Z,-31,60.956818,-138.030742,52767,2,0,1571,26.43
radio434mhz,6133334B,2026-08-15 22:17:47.000Z,-40,60.956818,-138.030742
radio434mhz,6133334B,2026-08-15 22:17:50.000Z,-42,60.956843,-138.030773
radio434mhz,5552522A,2026-08-15 22:17:52.000Z,-103,60.956860,-138.030809
radio434mhz,6133334B,2026-08-15 22:17:52.000Z,-45,60.956860,-138.030809
radio434mhz,78074C52,2026-08-15 22:17:54.000Z,-112,60.956891,-138.030814
radio434mhz,6133334B,2026-08-15 22:17:54.000Z,-43,60.956891,-138.030814
radio434mhz,5552522A,2026-08-15 22:17:55.000Z,-109,60.956891,-138.030814
radio434mhz,6133334B,2026-08-15 22:17:57.000Z,-42,60.956907,-138.030844
bluetooth,D2A3B933,2026-08-15 22:17:57.000Z,-41,60.956907,-138.030844,2910,2,0,1570,26.36
radio434mhz,5552522A,2026-08-15 22:17:58.000Z,-105,60.956907,-138.030844
radio434mhz,6133334B,2026-08-15 22:17:59.000Z,-43,60.956907,-138.030844
radio434mhz,6133334B,2026-08-15 22:18:01.000Z,-43,60.956930,-138.030874
radio434mhz,5552522A,2026-08-15 22:18:01.000Z,-106,60.956930,-138.030874
radio434mhz,6133334B,2026-08-15 22:18:04.000Z,-42,60.956956,-138.030890
radio434mhz,5552522A,2026-08-15 22:18:05.000Z,-100,60.956987,-138.030892
radio434mhz,6133334B,2026-08-15 22:18:06.000Z,-42,60.956987,-138.030892
radio434mhz,78074C52,2026-08-15 22:18:07.000Z,-109,60.957010,-138.030833
radio434mhz,52782D1E,2026-08-15 22:18:07.000Z,-109,60.957010,-138.030833
radio434mhz,5552522A,2026-08-15 22:18:08.000Z,-102,60.957010,-138.030833
radio434mhz,6133334B,2026-08-15 22:18:08.000Z,-42,60.957010,-138.030833
radio434mhz,78074C52,2026-08-15 22:18:10.000Z,-108,60.957031,-138.030807
radio434mhz,6133334B,2026-08-15 22:18:11.000Z,-43,60.957031,-138.030807
radio434mhz,6133334B,2026-08-15 22:18:13.000Z,-42,60.957057,-138.030821
radio434mhz,5552522A,2026-08-15 22:18:14.000Z,-104,60.957057,-138.030821
radio434mhz,6133334B,2026-08-15 22:18:15.000Z,-40,60.957075,-138.030840
radio434mhz,5552522A,2026-08-15 22:18:17.000Z,-103,60.957092,-138.030846
bluetooth,D2A3B933,2026-08-15 22:18:18.000Z,-40,60.957092,-138.030846,35535,2,0,1570,26.38
radio434mhz,6133334B,2026-08-15 22:18:18.000Z,-46,60.957092,-138.030846
radio434mhz,5552522A,2026-08-15 22:18:20.000Z,-107,60.957110,-138.030868
radio434mhz,6133334B,2026-08-15 22:18:20.000Z,-43,60.957110,-138.030868
radio434mhz,6133334B,2026-08-15 22:18:22.000Z,-46,60.957106,-138.030914
radio434mhz,5552D22A,2026-08-15 22:18:23.000Z,-109,60.957106,-138.030914
radio434mhz,6133334B,2026-08-15 22:18:25.000Z,-43,60.957122,-138.030935
radio434mhz,6133334B,2026-08-15 22:18:27.000Z,-40,60.957122,-138.030935
bluetooth,D2A3B933,2026-08-15 22:18:28.000Z,-36,60.957152,-138.030931,28255,2,0,1570,26.48
radio434mhz,6133334B,2026-08-15 22:18:29.000Z,-38,60.957152,-138.030931
radio434mhz,6133334B,2026-08-15 22:18:32.000Z,-37,60.957165,-138.030966
radio434mhz,6133334B,2026-08-15 22:18:34.000Z,-37,60.957185,-138.031003
radio434mhz,5552522A,2026-08-15 22:18:35.000Z,-109,60.957206,-138.031040
radio434mhz,6133334B,2026-08-15 22:18:36.000Z,-37,60.957206,-138.031040
bluetooth,D2A3B933,2026-08-15 22:18:38.000Z,-38,60.957231,-138.031084,15434,2,0,1570,26.36
radio434mhz,5552522A,2026-08-15 22:18:38.000Z,-108,60.957231,-138.031084
radio434mhz,6133334B,2026-08-15 22:18:39.000Z,-37,60.957231,-138.031084
radio434mhz,6133334B,2026-08-15 22:18:41.000Z,-37,60.957255,-138.031113
radio434mhz,6133334B,2026-08-15 22:18:43.000Z,-37,60.957270,-138.031173
radio434mhz,6133334B,2026-08-15 22:18:46.000Z,-36,60.957278,-138.031224
radio434mhz,6133334B,2026-08-15 22:18:48.000Z,-37,60.957293,-138.031272
bluetooth,D2A3B933,2026-08-15 22:18:48.000Z,-43,60.957293,-138.031272,25434,2,0,1570,26.43
radio434mhz,6133334B,2026-08-15 22:18:50.000Z,-37,60.957314,-138.031279
radio434mhz,6133334B,2026-08-15 22:18:53.000Z,-37,60.957335,-138.031320
radio434mhz,6133334B,2026-08-15 22:18:55.000Z,-37,60.957357,-138.031362
radio434mhz,5552522A,2026-08-15 22:18:57.000Z,-109,60.957375,-138.031396
radio434mhz,6133334B,2026-08-15 22:18:57.000Z,-36,60.957375,-138.031396
bluetooth,D2A3B933,2026-08-15 22:18:58.000Z,-38,60.957375,-138.031396,54703,2,0,1570,26.43
radio434mhz,6133334B,2026-08-15 22:19:00.000Z,-36,60.957392,-138.031444
radio434mhz,6133334B,2026-08-15 22:19:02.000Z,-37,60.957419,-138.031480
radio434mhz,6133334B,2026-08-15 22:19:04.000Z,-38,60.957419,-138.031480
radio434mhz,6133334B,2026-08-15 22:19:07.000Z,-37,60.957436,-138.031525
bluetooth,D2A3B933,2026-08-15 22:19:08.000Z,-44,60.957448,-138.031575,45707,2,0,1571,26.33
radio434mhz,6133334B,2026-08-15 22:19:09.000Z,-37,60.957448,-138.031575
radio434mhz,6133334B,2026-08-15 22:19:11.000Z,-37,60.957454,-138.031627
radio434mhz,6133334B,2026-08-15 22:19:14.000Z,-37,60.957457,-138.031686
radio434mhz,6133334B,2026-08-15 22:19:16.000Z,-37,60.957459,-138.031747
radio434mhz,6133334B,2026-08-15 22:19:18.000Z,-37,60.957453,-138.031807
bluetooth,D2A3B933,2026-08-15 22:19:18.000Z,-35,60.957453,-138.031807,2746,2,0,1570,26.43
radio434mhz,6133334B,2026-08-15 22:19:21.000Z,-36,60.957466,-138.031860
radio434mhz,6133334B,2026-08-15 22:19:23.000Z,-37,60.957473,-138.031919
radio434mhz,6133334B,2026-08-15 22:19:25.000Z,-37,60.957494,-138.031969
radio434mhz,6133334B,2026-08-15 22:19:28.000Z,-36,60.957467,-138.032043
bluetooth,D2A3B933,2026-08-15 22:19:28.000Z,-48,60.957467,-138.032043,8603,2,0,1571,26.38
radio434mhz,6133334B,2026-08-15 22:19:30.000Z,-36,60.957455,-138.032090
radio434mhz,6133334B,2026-08-15 22:19:32.000Z,-36,60.957463,-138.032150
radio434mhz,6133334B,2026-08-15 22:19:35.000Z,-37,60.957451,-138.032207
radio434mhz,6133334B,2026-08-15 22:19:37.000Z,-36,60.957487,-138.032280
radio434mhz,6133334B,2026-08-15 22:19:39.000Z,-37,60.957478,-138.032335
radio434mhz,6133334B,2026-08-15 22:19:41.000Z,-37,60.957478,-138.032335
radio434mhz,6133334B,2026-08-15 22:19:44.000Z,-37,60.957513,-138.032383
radio434mhz,6133334B,2026-08-15 22:19:46.000Z,-36,60.957541,-138.032407
radio434mhz,6133334B,2026-08-15 22:19:49.000Z,-36,60.957577,-138.032411
bluetooth,D2A3B933,2026-08-15 22:19:49.000Z,-38,60.957577,-138.032411,44630,2,0,1570,26.41
radio434mhz,6133334B,2026-08-15 22:19:51.000Z,-37,60.957586,-138.032442
radio434mhz,6133334B,2026-08-15 22:19:53.000Z,-37,60.957579,-138.032482
radio434mhz,6133334B,2026-08-15 22:19:56.000Z,-37,60.957591,-138.032522
radio434mhz,6133334B,2026-08-15 22:19:58.000Z,-37,60.957611,-138.032558
bluetooth,D2A3B933,2026-08-15 22:19:59.000Z,-39,60.957611,-138.032558,53004,2,0,1571,26.38
radio434mhz,6133334B,2026-08-15 22:20:00.000Z,-37,60.957632,-138.032597
radio434mhz,6133334B,2026-08-15 22:20:03.000Z,-37,60.957651,-138.032652
radio434mhz,6133334B,2026-08-15 22:20:05.000Z,-36,60.957668,-138.032697
radio434mhz,6133334B,2026-08-15 22:20:07.000Z,-37,60.957673,-138.032741
bluetooth,D2A3B933,2026-08-15 22:20:09.000Z,-50,60.957673,-138.032741,51793,2,0,1570,26.41
radio434mhz,6133334B,2026-08-15 22:20:10.000Z,-37,60.957661,-138.032781
radio434mhz,6133334B,2026-08-15 22:20:12.000Z,-37,60.957659,-138.032818
radio434mhz,6133334B,2026-08-15 22:20:14.000Z,-37,60.957659,-138.032818
radio434mhz,6133334B,2026-08-15 22:20:17.000Z,-36,60.957652,-138.032869
radio434mhz,6133334B,2026-08-15 22:20:19.000Z,-37,60.957632,-138.032913
bluetooth,D2A3B933,2026-08-15 22:20:19.000Z,-47,60.957632,-138.032913,3889,2,0,1570,26.33
radio434mhz,6133334B,2026-08-15 22:20:21.000Z,-36,60.957615,-138.032938
radio434mhz,6133334B,2026-08-15 22:20:24.000Z,-36,60.957614,-138.033000
radio434mhz,6133334B,2026-08-15 22:20:26.000Z,-37,60.957621,-138.033069
radio434mhz,6133334B,2026-08-15 22:20:28.000Z,-36,60.957612,-138.033129
bluetooth,D2A3B933,2026-08-15 22:20:29.000Z,-44,60.957608,-138.033189,33277,2,0,1570,26.51
radio434mhz,6133334B,2026-08-15 22:20:31.000Z,-36,60.957608,-138.033189
radio434mhz,6133334B,2026-08-15 22:20:33.000Z,-36,60.957584,-138.033228
radio434mhz,6133334B,2026-08-15 22:20:35.000Z,-36,60.957563,-138.033280
radio434mhz,6133334B,2026-08-15 22:20:38.000Z,-37,60.957555,-138.033337
bluetooth,D2A3B933,2026-08-15 22:20:39.000Z,-39,60.957537,-138.033387,11001,2,0,1571,26.48
radio434mhz,6133334B,2026-08-15 22:20:40.000Z,-36,60.957537,-138.033387
radio434mhz,6133334B,2026-08-15 22:20:42.000Z,-36,60.957527,-138.033441
radio434mhz,6133334B,2026-08-15 22:20:45.000Z,-36,60.957512,-138.033482
radio434mhz,6133334B,2026-08-15 22:20:47.000Z,-36,60.957500,-138.033532
radio434mhz,6133334B,2026-08-15 22:20:49.000Z,-41,60.957522,-138.033571
bluetooth,D2A3B933,2026-08-15 22:20:50.000Z,-45,60.957522,-138.033571,62362,2,0,1570,26.53
radio434mhz,6133334B,2026-08-15 22:20:52.000Z,-39,60.957525,-138.033603
radio434mhz,6133334B,2026-08-15 22:20:54.000Z,-40,60.957525,-138.033603
radio434mhz,6133334B,2026-08-15 22:20:56.000Z,-37,60.957549,-138.033614
radio434mhz,6133334B,2026-08-15 22:20:59.000Z,-37,60.957554,-138.033644
bluetooth,D2A3B933,2026-08-15 22:21:00.000Z,-44,60.957573,-138.033683,65143,2,0,1571,26.48
radio434mhz,6133334B,2026-08-15 22:21:01.000Z,-36,60.957573,-138.033683
radio434mhz,6133334B,2026-08-15 22:21:03.000Z,-36,60.957585,-138.033723
radio434mhz,6133334B,2026-08-15 22:21:06.000Z,-37,60.957591,-138.033775
radio434mhz,6133334B,2026-08-15 22:21:08.000Z,-37,60.957594,-138.033854
bluetooth,D2A3B933,2026-08-15 22:21:10.000Z,-42,60.957588,-138.033915,17069,2,0,1570,26.51
radio434mhz,6133334B,2026-08-15 22:21:10.000Z,-36,60.957588,-138.033915
radio434mhz,6133334B,2026-08-15 22:21:13.000Z,-36,60.957583,-138.033982
radio434mhz,6133334B,2026-08-15 22:21:15.000Z,-36,60.957569,-138.034031
radio434mhz,6133334B,2026-08-15 22:21:17.000Z,-36,60.957536,-138.034069
radio434mhz,6133334B,2026-08-15 22:21:19.000Z,-36,60.957517,-138.034110
bluetooth,D2A3B933,2026-08-15 22:21:20.000Z,-52,60.957517,-138.034110,45707,2,0,1570,26.58
radio434mhz,6133334B,2026-08-15 22:21:22.000Z,-37,60.957517,-138.034175
radio434mhz,6133334B,2026-08-15 22:21:24.000Z,-37,60.957493,-138.034200
radio434mhz,6133334B,2026-08-15 22:21:27.000Z,-37,60.957472,-138.034246
radio434mhz,6133334B,2026-08-15 22:21:29.000Z,-37,60.957472,-138.034246
bluetooth,D2A3B933,2026-08-15 22:21:30.000Z,-46,60.957448,-138.034303,31908,2,0,1570,26.53
radio434mhz,6133334B,2026-08-15 22:21:31.000Z,-36,60.957448,-138.034303
radio434mhz,6133334B,2026-08-15 22:21:34.000Z,-37,60.957426,-138.034309
radio434mhz,6133334B,2026-08-15 22:21:36.000Z,-36,60.957394,-138.034343
radio434mhz,6133334B,2026-08-15 22:21:38.000Z,-36,60.957383,-138.034380
bluetooth,D2A3B933,2026-08-15 22:21:40.000Z,-42,60.957379,-138.034438,35630,2,0,1571,26.51
radio434mhz,6133334B,2026-08-15 22:21:41.000Z,-37,60.957379,-138.034438
radio434mhz,6133334B,2026-08-15 22:21:43.000Z,-36,60.957369,-138.034454
radio434mhz,6133334B,2026-08-15 22:21:45.000Z,-36,60.957371,-138.034457
radio434mhz,6133334B,2026-08-15 22:21:47.000Z,-36,60.957373,-138.034475
radio434mhz,6133334B,2026-08-15 22:21:50.000Z,-37,60.957374,-138.034529
radio434mhz,6133334B,2026-08-15 22:21:52.000Z,-37,60.957369,-138.034591
radio434mhz,6133334B,2026-08-15 22:21:55.000Z,-36,60.957364,-138.034652
radio434mhz,6133334B,2026-08-15 22:21:57.000Z,-37,60.957372,-138.034717
radio434mhz,6133334B,2026-08-15 22:21:59.000Z,-37,60.957372,-138.034717
bluetooth,D2A3B933,2026-08-15 22:22:00.000Z,-39,60.957355,-138.034758,6363,2,0,1570,26.48
radio434mhz,6133334B,2026-08-15 22:22:02.000Z,-37,60.957355,-138.034758
radio434mhz,6133334B,2026-08-15 22:22:04.000Z,-37,60.957356,-138.034829
radio434mhz,6133334B,2026-08-15 22:22:06.000Z,-36,60.957347,-138.034876
radio434mhz,6133334B,2026-08-15 22:22:08.000Z,-36,60.957335,-138.034929
bluetooth,D2A3B933,2026-08-15 22:22:11.000Z,-44,60.957314,-138.034964,9712,2,0,1571,26.68
radio434mhz,6133334B,2026-08-15 22:22:11.000Z,-37,60.957314,-138.034964
radio434mhz,6133334B,2026-08-15 22:22:13.000Z,-37,60.957292,-138.034976
radio434mhz,6133334B,2026-08-15 22:22:15.000Z,-37,60.957269,-138.034959
radio434mhz,6133334B,2026-08-15 22:22:18.000Z,-36,60.957237,-138.035001
radio434mhz,6133334B,2026-08-15 22:22:20.000Z,-36,60.957218,-138.035019
bluetooth,D2A3B933,2026-08-15 22:22:21.000Z,-40,60.957218,-138.035019,37361,2,0,1571,26.89
radio434mhz,6133334B,2026-08-15 22:22:22.000Z,-37,60.957192,-138.035030
radio434mhz,6133334B,2026-08-15 22:22:25.000Z,-37,60.957161,-138.035053
radio434mhz,6133334B,2026-08-15 22:22:27.000Z,-36,60.957156,-138.035061
radio434mhz,6133334B,2026-08-15 22:22:29.000Z,-37,60.957151,-138.035098
bluetooth,D2A3B933,2026-08-15 22:22:31.000Z,-38,60.957151,-138.035098,10857,2,0,1570,26.58
radio434mhz,6133334B,2026-08-15 22:22:32.000Z,-37,60.957168,-138.035168
radio434mhz,6133334B,2026-08-15 22:22:34.000Z,-37,60.957168,-138.035168
radio434mhz,6133334B,2026-08-15 22:22:36.000Z,-36,60.957149,-138.035198
radio434mhz,6133334B,2026-08-15 22:22:39.000Z,-37,60.957127,-138.035212
bluetooth,D2A3B933,2026-08-15 22:22:41.000Z,-36,60.957118,-138.035216,39781,2,0,1571,26.61
radio434mhz,6133334B,2026-08-15 22:22:41.000Z,-37,60.957118,-138.035216
radio434mhz,6133334B,2026-08-15 22:22:43.000Z,-37,60.957110,-138.035197
radio434mhz,6133334B,2026-08-15 22:22:46.000Z,-37,60.957089,-138.035208
radio434mhz,6133334B,2026-08-15 22:22:48.000Z,-34,60.957065,-138.035180
radio434mhz,6133334B,2026-08-15 22:22:50.000Z,-37,60.957048,-138.035175
bluetooth,D2A3B933,2026-08-15 22:22:51.000Z,-51,60.957048,-138.035175,64899,2,0,1571,26.61
radio434mhz,6133334B,2026-08-15 22:22:53.000Z,-38,60.957028,-138.035197
radio434mhz,6133334B,2026-08-15 22:22:55.000Z,-37,60.957011,-138.035209
radio434mhz,6133334B,2026-08-15 22:22:57.000Z,-37,60.956998,-138.035236
radio434mhz,6133334B,2026-08-15 22:23:00.000Z,-37,60.956998,-138.035236
bluetooth,D2A3B933,2026-08-15 22:23:01.000Z,-53,60.956989,-138.035252,4375,2,0,1571,26.71
radio434mhz,6133334B,2026-08-15 22:23:02.000Z,-37,60.956989,-138.035252
radio434mhz,6133334B,2026-08-15 22:23:04.000Z,-36,60.956984,-138.035291
radio434mhz,6133334B,2026-08-15 22:23:07.000Z,-36,60.956986,-138.035310
radio434mhz,6133334B,2026-08-15 22:23:09.000Z,-37,60.956987,-138.035314
bluetooth,D2A3B933,2026-08-15 22:23:11.000Z,-42,60.956978,-138.035317,64243,2,0,1570,27.01
radio434mhz,6133334B,2026-08-15 22:23:11.000Z,-37,60.956978,-138.035317
radio434mhz,6133334B,2026-08-15 22:23:14.000Z,-37,60.956970,-138.035309
radio434mhz,6133334B,2026-08-15 22:23:16.000Z,-37,60.956961,-138.035340
radio434mhz,6133334B,2026-08-15 22:23:18.000Z,-37,60.956948,-138.035350
radio434mhz,6133334B,2026-08-15 22:23:21.000Z,-36,60.956948,-138.035350
bluetooth,D2A3B933,2026-08-15 22:23:21.000Z,-30,60.956946,-138.035375,19976,2,0,1570,27.14
radio434mhz,6133334B,2026-08-15 22:23:23.000Z,-37,60.956946,-138.035375
radio434mhz,6133334B,2026-08-15 22:23:25.000Z,-37,60.956933,-138.035379
radio434mhz,6133334B,2026-08-15 22:23:28.000Z,-36,60.956916,-138.035410
radio434mhz,6133334B,2026-08-15 22:23:30.000Z,-33,60.956903,-138.035442
radio434mhz,6133334B,2026-08-15 22:23:32.000Z,-37,60.956888,-138.035395
radio434mhz,6133334B,2026-08-15 22:23:35.000Z,-37,60.956887,-138.035414
radio434mhz,6133334B,2026-08-15 22:23:37.000Z,-37,60.956887,-138.035414
radio434mhz,6133334B,2026-08-15 22:23:39.000Z,-36,60.956872,-138.035387
radio434mhz,6133334B,2026-08-15 22:23:42.000Z,-35,60.956872,-138.035387
bluetooth,D2A3B933,2026-08-15 22:23:42.000Z,-25,60.956856,-138.035361,53104,2,0,1570,26.78
radio434mhz,6133334B,2026-08-15 22:23:44.000Z,-37,60.956856,-138.035361
radio434mhz,6133334B,2026-08-15 22:23:46.000Z,-37,60.956854,-138.035363
radio434mhz,6133334B,2026-08-15 22:23:49.000Z,-36,60.956845,-138.035353
radio434mhz,6133334B,2026-08-15 22:23:51.000Z,-37,60.956841,-138.035349
bluetooth,D2A3B933,2026-08-15 22:23:52.000Z,-40,60.956841,-138.035349,1047,2,0,1570,26.81
radio434mhz,6133334B,2026-08-15 22:23:53.000Z,-37,60.956838,-138.035348
radio434mhz,6133334B,2026-08-15 22:23:56.000Z,-37,60.956838,-138.035348
radio434mhz,6133334B,2026-08-15 22:23:58.000Z,-35,60.956834,-138.035342
radio434mhz,6133334B,2026-08-15 22:24:00.000Z,-37,60.956832,-138.035349
bluetooth,D2A3B933,2026-08-15 22:24:02.000Z,-26,60.956831,-138.035335,46630,2,0,1569,26.91
radio434mhz,6133334B,2026-08-15 22:24:02.000Z,-36,60.956831,-138.035335
radio434mhz,6133334B,2026-08-15 22:24:05.000Z,-35,60.956832,-138.035345
radio434mhz,6133334B,2026-08-15 22:24:07.000Z,-37,60.956829,-138.035355
radio434mhz,6133334B,2026-08-15 22:24:09.000Z,-34,60.956816,-138.035373
radio434mhz,6133334B,2026-08-15 22:24:12.000Z,-37,60.956816,-138.035373
bluetooth,D2A3B933,2026-08-15 22:24:12.000Z,-36,60.956816,-138.035373,16233,2,0,1570,27.01
radio434mhz,6133334B,2026-08-15 22:24:14.000Z,-35,60.956815,-138.035337
radio434mhz,6133334B,2026-08-15 22:24:16.000Z,-34,60.956812,-138.035319
radio434mhz,6133334B,2026-08-15 22:24:19.000Z,-33,60.956812,-138.035318
radio434mhz,6133334B,2026-08-15 22:24:21.000Z,-36,60.956807,-138.035311
bluetooth,D2A3B933,2026-08-15 22:24:22.000Z,-40,60.956807,-138.035311,32592,2,0,1571,27.09
radio434mhz,6133334B,2026-08-15 22:24:23.000Z,-37,60.956807,-138.035311
radio434mhz,6133334B,2026-08-15 22:24:26.000Z,-37,60.956803,-138.035313
radio434mhz,6133334B,2026-08-15 22:24:28.000Z,-35,60.956775,-138.035281
radio434mhz,6133334B,2026-08-15 22:24:30.000Z,-36,60.956762,-138.035280
radio434mhz,6133334B,2026-08-15 22:24:32.000Z,-36,60.956729,-138.035214
bluetooth,D2A3B933,2026-08-15 22:24:32.000Z,-32,60.956729,-138.035214,54570,2,0,1570,27.62
radio434mhz,6133334B,2026-08-15 22:24:35.000Z,-36,60.956718,-138.035195
radio434mhz,6133334B,2026-08-15 22:24:37.000Z,-35,60.956690,-138.035190
radio434mhz,6133334B,2026-08-15 22:24:39.000Z,-36,60.956690,-138.035190
radio434mhz,6133334B,2026-08-15 22:24:42.000Z,-36,60.956662,-138.035182
bluetooth,D2A3B933,2026-08-15 22:24:43.000Z,-32,60.956662,-138.035182,47931,2,0,1571,27.64
radio434mhz,6133334B,2026-08-15 22:24:44.000Z,-35,60.956657,-138.035183
radio434mhz,6133334B,2026-08-15 22:24:46.000Z,-32,60.956657,-138.035183
radio434mhz,6133334B,2026-08-15 22:24:49.000Z,-34,60.956630,-138.035177
radio434mhz,6133334B,2026-08-15 22:24:51.000Z,-34,60.956626,-138.035183
bluetooth,D2A3B933,2026-08-15 22:24:53.000Z,-26,60.956626,-138.035183,25111,2,0,1570,28.45
radio434mhz,6133334B,2026-08-15 22:24:53.000Z,-35,60.956626,-138.035183
radio434mhz,6133334B,2026-08-15 22:24:55.000Z,-36,60.956575,-138.035191
radio434mhz,6133334B,2026-08-15 22:24:58.000Z,-37,60.956575,-138.035191
radio434mhz,6133334B,2026-08-15 22:25:00.000Z,-34,60.956571,-138.035189
radio434mhz,6133334B,2026-08-15 22:25:02.000Z,-36,60.956571,-138.035189
bluetooth,D2A3B933,2026-08-15 22:25:03.000Z,-25,60.956571,-138.035189,40449,2,0,1570,28.20
radio434mhz,6133334B,2026-08-15 22:25:05.000Z,-42,60.956572,-138.035165
radio434mhz,6133334B,2026-08-15 22:25:07.000Z,-36,60.956572,-138.035165
radio434mhz,6133334B,2026-08-15 22:25:09.000Z,-35,60.956572,-138.035165
radio434mhz,6133334B,2026-08-15 22:25:12.000Z,-36,60.956580,-138.035074
bluetooth,D2A3B933,2026-08-15 22:25:13.000Z,-45,60.956580,-138.035074,34621,2,0,1570,28.10
radio434mhz,6133334B,2026-08-15 22:25:14.000Z,-36,60.956580,-138.035074
radio434mhz,6133334B,2026-08-15 22:25:16.000Z,-35,60.956580,-138.035001
radio434mhz,6133334B,2026-08-15 22:25:18.000Z,-35,60.956580,-138.035001
radio434mhz,6133334B,2026-08-15 22:25:21.000Z,-34,60.956580,-138.034979
radio434mhz,6133334B,2026-08-15 22:25:23.000Z,-36,60.956580,-138.034979
bluetooth,D2A3B933,2026-08-15 22:25:23.000Z,-44,60.956580,-138.034979,21504,2,0,1571,27.80
radio434mhz,6133334B,2026-08-15 22:25:25.000Z,-37,60.956576,-138.034977
radio434mhz,6133334B,2026-08-15 22:25:28.000Z,-36,60.956576,-138.034977
radio434mhz,6133334B,2026-08-15 22:25:30.000Z,-35,60.956573,-138.034972
radio434mhz,6133334B,2026-08-15 22:25:32.000Z,-37,60.956573,-138.034972
bluetooth,D2A3B933,2026-08-15 22:25:33.000Z,-35,60.956573,-138.034972,59380,2,0,1570,27.49
radio434mhz,6133334B,2026-08-15 22:25:34.000Z,-36,60.956567,-138.034965
radio434mhz,6133334B,2026-08-15 22:25:37.000Z,-37,60.956567,-138.034965
radio434mhz,6133334B,2026-08-15 22:25:39.000Z,-37,60.956567,-138.034965
radio434mhz,6133334B,2026-08-15 22:25:41.000Z,-36,60.956562,-138.034958
radio434mhz,6133334B,2026-08-15 22:25:44.000Z,-37,60.956562,-138.034958
radio434mhz,6133334B,2026-08-15 22:25:46.000Z,-36,60.956556,-138.034953
radio434mhz,6133334B,2026-08-15 22:25:48.000Z,-37,60.956556,-138.034953
radio434mhz,6133334B,2026-08-15 22:25:50.000Z,-36,60.956530,-138.034918
radio434mhz,6133334B,2026-08-15 22:25:53.000Z,-36,60.956530,-138.034918
bluetooth,D2A3B933,2026-08-15 22:25:54.000Z,-25,60.956530,-138.034918,42438,2,0,1570,27.47
radio434mhz,6133334B,2026-08-15 22:25:55.000Z,-34,60.956514,-138.034882
radio434mhz,6133334B,2026-08-15 22:25:57.000Z,-36,60.956514,-138.034882
radio434mhz,6133334B,2026-08-15 22:26:00.000Z,-37,60.956477,-138.034819
radio434mhz,6133334B,2026-08-15 22:26:02.000Z,-36,60.956477,-138.034819
bluetooth,D2A3B933,2026-08-15 22:26:04.000Z,-37,60.956477,-138.034819,17833,2,0,1571,27.59
radio434mhz,6133334B,2026-08-15 22:26:04.000Z,-36,60.956477,-138.034819
radio434mhz,6133334B,2026-08-15 22:26:06.000Z,-33,60.956429,-138.034733
radio434mhz,6133334B,2026-08-15 22:26:09.000Z,-34,60.956429,-138.034733
radio434mhz,6133334B,2026-08-15 22:26:11.000Z,-36,60.956410,-138.034689
radio434mhz,6133334B,2026-08-15 22:26:13.000Z,-36,60.956410,-138.034689
radio434mhz,6133334B,2026-08-15 22:26:16.000Z,-36,60.956397,-138.034688
radio434mhz,6133334B,2026-08-15 22:26:18.000Z,-37,60.956397,-138.034688
radio434mhz,6133334B,2026-08-15 22:26:20.000Z,-30,60.956397,-138.034688
radio434mhz,6133334B,2026-08-15 22:26:22.000Z,-36,60.956397,-138.034688
bluetooth,D2A3B933,2026-08-15 22:26:24.000Z,-40,60.956397,-138.034688,50269,2,0,1571,27.85
radio434mhz,6133334B,2026-08-15 22:26:25.000Z,-34,60.956375,-138.034670
radio434mhz,6133334B,2026-08-15 22:26:27.000Z,-37,60.956375,-138.034670
radio434mhz,6133334B,2026-08-15 22:26:29.000Z,-37,60.956375,-138.034670
radio434mhz,6133334B,2026-08-15 22:26:32.000Z,-42,60.956366,-138.034661
radio434mhz,6133334B,2026-08-15 22:26:34.000Z,-42,60.956366,-138.034661
bluetooth,D2A3B933,2026-08-15 22:26:34.000Z,-36,60.956359,-138.034653,37289,2,0,1570,27.47
radio434mhz,6133334B,2026-08-15 22:26:36.000Z,-38,60.956359,-138.034653
radio434mhz,6133334B,2026-08-15 22:26:38.000Z,-41,60.956359,-138.034653
radio434mhz,6133334B,2026-08-15 22:26:41.000Z,-41,60.956353,-138.034647
radio434mhz,6133334B,2026-08-15 22:26:43.000Z,-39,60.956353,-138.034647
bluetooth,D2A3B933,2026-08-15 22:26:45.000Z,-26,60.956348,-138.034645,58453,2,0,1570,27.44
radio434mhz,6133334B,2026-08-15 22:26:45.000Z,-34,60.956348,-138.034645
radio434mhz,6133334B,2026-08-15 22:26:48.000Z,-42,60.956348,-138.034645
radio434mhz,6133334B,2026-08-15 22:26:50.000Z,-45,60.956346,-138.034635
radio434mhz,6133334B,2026-08-15 22:26:52.000Z,-42,60.956346,-138.034635
radio434mhz,6133334B,2026-08-15 22:26:54.000Z,-44,60.956314,-138.034577
bluetooth,D2A3B933,2026-08-15 22:26:55.000Z,-47,60.956314,-138.034577,32219,2,0,1570,27.32
radio434mhz,6133334B,2026-08-15 22:26:57.000Z,-45,60.956314,-138.034490
radio434mhz,6133334B,2026-08-15 22:26:59.000Z,-45,60.956314,-138.034490
radio434mhz,6133334B,2026-08-15 22:27:01.000Z,-48,60.956293,-138.034454
radio434mhz,6133334B,2026-08-15 22:27:04.000Z,-48,60.956290,-138.034417
bluetooth,D2A3B933,2026-08-15 22:27:05.000Z,-60,60.956258,-138.034391,373,2,0,1570,26.94
radio434mhz,6133334B,2026-08-15 22:27:06.000Z,-41,60.956258,-138.034391
radio434mhz,6133334B,2026-08-15 22:27:08.000Z,-43,60.956248,-138.034386
radio434mhz,6133334B,2026-08-15 22:27:10.000Z,-46,60.956223,-138.034366
radio434mhz,6133334B,2026-08-15 22:27:13.000Z,-43,60.956223,-138.034366
bluetooth,D2A3B933,2026-08-15 22:27:15.000Z,-38,60.956216,-138.034347,22552,2,0,1570,27.01
radio434mhz,6133334B,2026-08-15 22:27:15.000Z,-47,60.956216,-138.034347
radio434mhz,6133334B,2026-08-15 22:27:17.000Z,-48,60.956209,-138.034341
radio434mhz,6133334B,2026-08-15 22:27:20.000Z,-41,60.956204,-138.034338
radio434mhz,6133334B,2026-08-15 22:27:22.000Z,-44,60.956196,-138.034342
radio434mhz,6133334B,2026-08-15 22:27:24.000Z,-46,60.956195,-138.034332
bluetooth,D2A3B933,2026-08-15 22:27:25.000Z,-33,60.956195,-138.034332,7310,2,0,1570,26.63
radio434mhz,6133334B,2026-08-15 22:27:26.000Z,-49,60.956194,-138.034339
radio434mhz,6133334B,2026-08-15 22:27:29.000Z,-52,60.956197,-138.034336
radio434mhz,6133334B,2026-08-15 22:27:31.000Z,-33,60.956197,-138.034336
radio434mhz,6133334B,2026-08-15 22:27:33.000Z,-35,60.956189,-138.034330
bluetooth,D2A3B933,2026-08-15 22:27:35.000Z,-30,60.956186,-138.034328,23092,2,0,1571,26.84
radio434mhz,6133334B,2026-08-15 22:27:36.000Z,-42,60.956186,-138.034328
radio434mhz,6133334B,2026-08-15 22:27:38.000Z,-42,60.956185,-138.034326
radio434mhz,6133334B,2026-08-15 22:27:40.000Z,-36,60.956184,-138.034330
radio434mhz,6133334B,2026-08-15 22:27:42.000Z,-36,60.956183,-138.034320
radio434mhz,6133334B,2026-08-15 22:27:45.000Z,-37,60.956183,-138.034320
radio434mhz,6133334B,2026-08-15 22:27:47.000Z,-37,60.956154,-138.034276
radio434mhz,6133334B,2026-08-15 22:27:49.000Z,-37,60.956127,-138.034257
radio434mhz,6133334B,2026-08-15 22:27:52.000Z,-33,60.956111,-138.034190
radio434mhz,6133334B,2026-08-15 22:27:54.000Z,-37,60.956108,-138.034140
bluetooth,D2A3B933,2026-08-15 22:27:56.000Z,-39,60.956084,-138.034077,29783,2,0,1569,26.63
radio434mhz,6133334B,2026-08-15 22:27:56.000Z,-37,60.956084,-138.034077
radio434mhz,6133334B,2026-08-15 22:27:58.000Z,-37,60.956048,-138.034062
radio434mhz,6133334B,2026-08-15 22:28:01.000Z,-36,60.956030,-138.034043
radio434mhz,6133334B,2026-08-15 22:28:03.000Z,-36,60.955994,-138.033966
radio434mhz,6133334B,2026-08-15 22:28:05.000Z,-36,60.955966,-138.033955
bluetooth,D2A3B933,2026-08-15 22:28:06.000Z,-40,60.955966,-138.033955,36915,2,0,1570,26.63
radio434mhz,6133334B,2026-08-15 22:28:08.000Z,-36,60.955938,-138.033937
radio434mhz,6133334B,2026-08-15 22:28:10.000Z,-36,60.955925,-138.033904
radio434mhz,6133334B,2026-08-15 22:28:12.000Z,-35,60.955904,-138.033882
radio434mhz,6133334B,2026-08-15 22:28:14.000Z,-35,60.955882,-138.033826
bluetooth,D2A3B933,2026-08-15 22:28:16.000Z,-36,60.955882,-138.033826,24706,2,0,1571,26.48
radio434mhz,6133334B,2026-08-15 22:28:17.000Z,-35,60.955859,-138.033819
radio434mhz,341E4C19,2026-08-15 22:28:17.000Z,-106,60.955859,-138.033819
radio434mhz,6133334B,2026-08-15 22:28:19.000Z,-36,60.955835,-138.033782
radio434mhz,6133334B,2026-08-15 22:28:21.000Z,-36,60.955835,-138.033782
radio434mhz,6133334B,2026-08-15 22:28:24.000Z,-35,60.955806,-138.033737
bluetooth,D2A3B933,2026-08-15 22:28:26.000Z,-40,60.955795,-138.033687,21339,2,0,1571,26.46
radio434mhz,6133334B,2026-08-15 22:28:26.000Z,-37,60.955795,-138.033687
radio434mhz,6133334B,2026-08-15 22:28:28.000Z,-36,60.955770,-138.033647
radio434mhz,341E4C19,2026-08-15 22:28:30.000Z,-108,60.955739,-138.033642
radio434mhz,6133334B,2026-08-15 22:28:31.000Z,-36,60.955739,-138.033642
radio434mhz,6133334B,2026-08-15 22:28:33.000Z,-36,60.955717,-138.033607
radio434mhz,6133334B,2026-08-15 22:28:35.000Z,-36,60.955690,-138.033628
radio434mhz,6133334B,2026-08-15 22:28:37.000Z,-36,60.955668,-138.033627
radio434mhz,6133334B,2026-08-15 22:28:40.000Z,-36,60.955646,-138.033632
radio434mhz,6133334B,2026-08-15 22:28:42.000Z,-36,60.955616,-138.033635
radio434mhz,6133334B,2026-08-15 22:28:44.000Z,-36,60.955592,-138.033650
bluetooth,D2A3B933,2026-08-15 22:28:46.000Z,-44,60.955592,-138.033650,5727,2,0,1571,26.46
radio434mhz,6133334B,2026-08-15 22:28:47.000Z,-37,60.955592,-138.033650
radio434mhz,6133334B,2026-08-15 22:28:49.000Z,-37,60.955565,-138.033640
radio434mhz,6133334B,2026-08-15 22:28:51.000Z,-34,60.955539,-138.033645
radio434mhz,6133334B,2026-08-15 22:28:54.000Z,-36,60.955518,-138.033631
radio434mhz,6133334B,2026-08-15 22:28:56.000Z,-37,60.955502,-138.033605
bluetooth,D2A3B933,2026-08-15 22:28:56.000Z,-45,60.955502,-138.033605,1910,2,0,1571,26.28
radio434mhz,6133334B,2026-08-15 22:28:58.000Z,-36,60.955467,-138.033631
radio434mhz,6133334B,2026-08-15 22:29:00.000Z,-35,60.955467,-138.033631
radio434mhz,6133334B,2026-08-15 22:29:03.000Z,-36,60.955444,-138.033600
radio434mhz,6133334B,2026-08-15 22:29:05.000Z,-36,60.955423,-138.033567
bluetooth,D2A3B933,2026-08-15 22:29:06.000Z,-49,60.955416,-138.033531,33662,2,0,1570,26.18
radio434mhz,6133334B,2026-08-15 22:29:07.000Z,-37,60.955416,-138.033531
radio434mhz,6133334B,2026-08-15 22:29:10.000Z,-36,60.955413,-138.033463
radio434mhz,6133334B,2026-08-15 22:29:12.000Z,-36,60.955385,-138.033426
radio434mhz,6133334B,2026-08-15 22:29:14.000Z,-36,60.955360,-138.033412
bluetooth,D2A3B933,2026-08-15 22:29:17.000Z,-60,60.955344,-138.033368,17871,2,0,1570,26.28
radio434mhz,6133334B,2026-08-15 22:29:17.000Z,-37,60.955344,-138.033368
radio434mhz,6133334B,2026-08-15 22:29:19.000Z,-37,60.955323,-138.033392
radio434mhz,6133334B,2026-08-15 22:29:21.000Z,-37,60.955304,-138.033363
radio434mhz,6133334B,2026-08-15 22:29:23.000Z,-37,60.955304,-138.033363
radio434mhz,6133334B,2026-08-15 22:29:26.000Z,-36,60.955289,-138.033400
bluetooth,D2A3B933,2026-08-15 22:29:27.000Z,-47,60.955271,-138.033395,43190,2,0,1570,26.56
radio434mhz,6133334B,2026-08-15 22:29:28.000Z,-36,60.955271,-138.033395
radio434mhz,6133334B,2026-08-15 22:29:30.000Z,-36,60.955246,-138.033419
radio434mhz,6133334B,2026-08-15 22:29:33.000Z,-36,60.955233,-138.033438
radio434mhz,6133334B,2026-08-15 22:29:35.000Z,-35,60.955207,-138.033422
bluetooth,D2A3B933,2026-08-15 22:29:37.000Z,-46,60.955191,-138.033437,32644,2,0,1570,26.51
radio434mhz,6133334B,2026-08-15 22:29:37.000Z,-37,60.955191,-138.033437
radio434mhz,6133334B,2026-08-15 22:29:40.000Z,-36,60.955178,-138.033426
radio434mhz,6133334B,2026-08-15 22:29:42.000Z,-37,60.955170,-138.033445
radio434mhz,6133334B,2026-08-15 22:29:44.000Z,-42,60.955170,-138.033445
radio434mhz,6133334B,2026-08-15 22:29:47.000Z,-40,60.955170,-138.033483
radio434mhz,6133334B,2026-08-15 22:29:49.000Z,-43,60.955164,-138.033501
radio434mhz,6133334B,2026-08-15 22:29:51.000Z,-43,60.955154,-138.033538
radio434mhz,6133334B,2026-08-15 22:29:53.000Z,-49,60.955101,-138.033524
radio434mhz,6133334B,2026-08-15 22:29:56.000Z,-47,60.955083,-138.033505
radio434mhz,6133334B,2026-08-15 22:29:58.000Z,-55,60.955069,-138.033465
radio434mhz,6133334B,2026-08-15 22:30:00.000Z,-42,60.955033,-138.033444
radio434mhz,6133334B,2026-08-15 22:30:03.000Z,-37,60.955033,-138.033444
radio434mhz,6133334B,2026-08-15 22:30:05.000Z,-36,60.955016,-138.033404
bluetooth,D2A3B933,2026-08-15 22:30:07.000Z,-32,60.955025,-138.033334,37714,2,0,1571,26.53
radio434mhz,6133334B,2026-08-15 22:30:07.000Z,-37,60.955025,-138.033334
radio434mhz,6133334B,2026-08-15 22:30:10.000Z,-36,60.955008,-138.033295
radio434mhz,6133334B,2026-08-15 22:30:12.000Z,-36,60.955017,-138.033221
radio434mhz,6133334B,2026-08-15 22:30:14.000Z,-37,60.955003,-138.033181
radio434mhz,6133334B,2026-08-15 22:30:16.000Z,-37,60.955006,-138.033135
bluetooth,D2A3B933,2026-08-15 22:30:17.000Z,-32,60.955006,-138.033135,14149,2,0,1572,26.56
radio434mhz,6133334B,2026-08-15 22:30:19.000Z,-36,60.954980,-138.033128
radio434mhz,6133334B,2026-08-15 22:30:21.000Z,-36,60.954976,-138.033086
radio434mhz,6133334B,2026-08-15 22:30:23.000Z,-37,60.954955,-138.033048
radio434mhz,6133334B,2026-08-15 22:30:26.000Z,-36,60.954950,-138.033059
bluetooth,D2A3B933,2026-08-15 22:30:27.000Z,-33,60.954950,-138.033059,40653,2,0,1570,26.53
radio434mhz,6133334B,2026-08-15 22:30:28.000Z,-36,60.954950,-138.033059
radio434mhz,6133334B,2026-08-15 22:30:30.000Z,-35,60.954951,-138.033109
radio434mhz,6133334B,2026-08-15 22:30:33.000Z,-36,60.954931,-138.033073
radio434mhz,6133334B,2026-08-15 22:30:35.000Z,-36,60.954909,-138.033036
radio434mhz,6133334B,2026-08-15 22:30:37.000Z,-37,60.954892,-138.032997
bluetooth,D2A3B933,2026-08-15 22:30:38.000Z,-46,60.954892,-138.032997,17372,2,0,1570,26.51
radio434mhz,6133334B,2026-08-15 22:30:39.000Z,-36,60.954889,-138.032943
radio434mhz,6133334B,2026-08-15 22:30:42.000Z,-37,60.954899,-138.032903
radio434mhz,6133334B,2026-08-15 22:30:44.000Z,-37,60.954885,-138.032864
radio434mhz,6133334B,2026-08-15 22:30:46.000Z,-36,60.954868,-138.032838
bluetooth,D2A3B933,2026-08-15 22:30:48.000Z,-41,60.954868,-138.032838,58124,2,0,1570,26.46
radio434mhz,6133334B,2026-08-15 22:30:49.000Z,-36,60.954840,-138.032817
radio434mhz,6133334B,2026-08-15 22:30:51.000Z,-36,60.954844,-138.032748
radio434mhz,6133334B,2026-08-15 22:30:53.000Z,-35,60.954852,-138.032689
radio434mhz,6133334B,2026-08-15 22:30:56.000Z,-36,60.954843,-138.032645
radio434mhz,6133334B,2026-08-15 22:30:58.000Z,-36,60.954833,-138.032594
radio434mhz,6133334B,2026-08-15 22:31:00.000Z,-36,60.954833,-138.032594
radio434mhz,6133334B,2026-08-15 22:31:03.000Z,-36,60.954819,-138.032544
radio434mhz,6133334B,2026-08-15 22:31:05.000Z,-36,60.954824,-138.032493
radio434mhz,6133334B,2026-08-15 22:31:07.000Z,-36,60.954829,-138.032443
bluetooth,D2A3B933,2026-08-15 22:31:08.000Z,-40,60.954829,-138.032443,44506,2,0,1570,26.25
radio434mhz,6133334B,2026-08-15 22:31:09.000Z,-35,60.954839,-138.032391
radio434mhz,6133334B,2026-08-15 22:31:12.000Z,-37,60.954796,-138.032355
radio434mhz,6133334B,2026-08-15 22:31:14.000Z,-36,60.954774,-138.032350
radio434mhz,6133334B,2026-08-15 22:31:16.000Z,-37,60.954769,-138.032272
bluetooth,D2A3B933,2026-08-15 22:31:18.000Z,-39,60.954769,-138.032272,7794,2,0,1570,26.30
radio434mhz,6133334B,2026-08-15 22:31:19.000Z,-36,60.954748,-138.032238
radio434mhz,6133334B,2026-08-15 22:31:21.000Z,-36,60.954717,-138.032172
radio434mhz,6133334B,2026-08-15 22:31:23.000Z,-36,60.954717,-138.032172
radio434mhz,6133334B,2026-08-15 22:31:26.000Z,-37,60.954695,-138.032129
radio434mhz,6133334B,2026-08-15 22:31:28.000Z,-37,60.954688,-138.032058
bluetooth,D2A3B933,2026-08-15 22:31:28.000Z,-43,60.954660,-138.032041,57456,2,0,1571,26.30
radio434mhz,6133334B,2026-08-15 22:31:30.000Z,-36,60.954660,-138.032041
radio434mhz,6133334B,2026-08-15 22:31:33.000Z,-36,60.954667,-138.031947
radio434mhz,6133334B,2026-08-15 22:31:35.000Z,-36,60.954695,-138.031905
radio434mhz,6133334B,2026-08-15 22:31:37.000Z,-36,60.954701,-138.031878
bluetooth,D2A3B933,2026-08-15 22:31:38.000Z,-36,60.954701,-138.031878,54596,2,0,1571,26.05
radio434mhz,6133334B,2026-08-15 22:31:40.000Z,-36,60.954715,-138.031832
radio434mhz,6133334B,2026-08-15 22:31:42.000Z,-36,60.954697,-138.031755
radio434mhz,6133334B,2026-08-15 22:31:44.000Z,-36,60.954679,-138.031709
radio434mhz,6133334B,2026-08-15 22:31:46.000Z,-36,60.954679,-138.031709
bluetooth,D2A3B933,2026-08-15 22:31:48.000Z,-42,60.954687,-138.031663,52820,2,0,1570,26.08
radio434mhz,6133334B,2026-08-15 22:31:49.000Z,-36,60.954687,-138.031663
radio434mhz,6133334B,2026-08-15 22:31:51.000Z,-36,60.954680,-138.031602
radio434mhz,6133334B,2026-08-15 22:31:53.000Z,-37,60.954678,-138.031537
radio434mhz,6133334B,2026-08-15 22:31:56.000Z,-36,60.954685,-138.031480
radio434mhz,6133334B,2026-08-15 22:31:58.000Z,-36,60.954670,-138.031451
radio434mhz,6133334B,2026-08-15 22:32:00.000Z,-36,60.954651,-138.031413
radio434mhz,6133334B,2026-08-15 22:32:03.000Z,-36,60.954628,-138.031456
radio434mhz,6133334B,2026-08-15 22:32:05.000Z,-36,60.954609,-138.031485
radio434mhz,6133334B,2026-08-15 22:32:07.000Z,-36,60.954586,-138.031451
bluetooth,D2A3B933,2026-08-15 22:32:09.000Z,-41,60.954586,-138.031451,37471,2,0,1571,26.13
radio434mhz,6133334B,2026-08-15 22:32:10.000Z,-37,60.954560,-138.031431
radio434mhz,6133334B,2026-08-15 22:32:12.000Z,-37,60.954540,-138.031434
radio434mhz,6133334B,2026-08-15 22:32:14.000Z,-36,60.954520,-138.031461
radio434mhz,6133334B,2026-08-15 22:32:16.000Z,-37,60.954498,-138.031435
radio434mhz,6133334B,2026-08-15 22:32:19.000Z,-37,60.954475,-138.031463
bluetooth,D2A3B933,2026-08-15 22:32:19.000Z,-53,60.954475,-138.031463,58705,2,0,1571,26.25
radio434mhz,6133334B,2026-08-15 22:32:21.000Z,-37,60.954448,-138.031390
radio434mhz,6133334B,2026-08-15 22:32:23.000Z,-34,60.954424,-138.031409
radio434mhz,6133334B,2026-08-15 22:32:26.000Z,-36,60.954424,-138.031409
radio434mhz,6133334B,2026-08-15 22:32:28.000Z,-36,60.954388,-138.031380
bluetooth,D2A3B933,2026-08-15 22:32:29.000Z,-34,60.954360,-138.031363,23809,2,0,1571,26.10
radio434mhz,6133334B,2026-08-15 22:32:30.000Z,-37,60.954360,-138.031363
radio434mhz,6133334B,2026-08-15 22:32:33.000Z,-37,60.954334,-138.031340
radio434mhz,6133334B,2026-08-15 22:32:35.000Z,-37,60.954313,-138.031312
radio434mhz,6133334B,2026-08-15 22:32:37.000Z,-36,60.954289,-138.031292
bluetooth,D2A3B933,2026-08-15 22:32:39.000Z,-29,60.954268,-138.031232,6608,2,0,1571,26.43
radio434mhz,6133334B,2026-08-15 22:32:40.000Z,-37,60.954268,-138.031232
radio434mhz,6133334B,2026-08-15 22:32:42.000Z,-36,60.954233,-138.031229
radio434mhz,6133334B,2026-08-15 22:32:44.000Z,-37,60.954208,-138.031196
radio434mhz,6133334B,2026-08-15 22:32:46.000Z,-36,60.954196,-138.031158
radio434mhz,6133334B,2026-08-15 22:32:49.000Z,-36,60.954196,-138.031158
bluetooth,D2A3B933,2026-08-15 22:32:49.000Z,-43,60.954214,-138.031116,42994,2,0,1569,26.46
radio434mhz,6133334B,2026-08-15 22:32:51.000Z,-36,60.954214,-138.031116
radio434mhz,6133334B,2026-08-15 22:32:53.000Z,-36,60.954205,-138.031070
radio434mhz,6133334B,2026-08-15 22:32:56.000Z,-36,60.954215,-138.031018
radio434mhz,6133334B,2026-08-15 22:32:58.000Z,-36,60.954228,-138.030996
bluetooth,D2A3B933,2026-08-15 22:32:59.000Z,-42,60.954241,-138.030939,41525,2,0,1569,26.46
radio434mhz,6133334B,2026-08-15 22:33:00.000Z,-36,60.954241,-138.030939
radio434mhz,6133334B,2026-08-15 22:33:03.000Z,-36,60.954264,-138.030914
radio434mhz,6133334B,2026-08-15 22:33:05.000Z,-37,60.954268,-138.030851
radio434mhz,6133334B,2026-08-15 22:33:07.000Z,-36,60.954277,-138.030818
bluetooth,D2A3B933,2026-08-15 22:33:09.000Z,-33,60.954253,-138.030785,6182,2,0,1571,26.38
radio434mhz,6133334B,2026-08-15 22:33:09.000Z,-36,60.954253,-138.030785
radio434mhz,6133334B,2026-08-15 22:33:12.000Z,-37,60.954268,-138.030725
radio434mhz,6133334B,2026-08-15 22:33:14.000Z,-39,60.954252,-138.030655
radio434mhz,6133334B,2026-08-15 22:33:16.000Z,-36,60.954247,-138.030615
radio434mhz,6133334B,2026-08-15 22:33:19.000Z,-37,60.954247,-138.030615
bluetooth,D2A3B933,2026-08-15 22:33:19.000Z,-35,60.954241,-138.030559,30518,2,0,1571,26.28
radio434mhz,6133334B,2026-08-15 22:33:21.000Z,-37,60.954241,-138.030559
radio434mhz,6133334B,2026-08-15 22:33:23.000Z,-37,60.954215,-138.030541
radio434mhz,6133334B,2026-08-15 22:33:26.000Z,-36,60.954218,-138.030494
radio434mhz,6133334B,2026-08-15 22:33:28.000Z,-36,60.954194,-138.030463
bluetooth,D2A3B933,2026-08-15 22:33:30.000Z,-34,60.954186,-138.030441,55041,2,0,1570,26.28
radio434mhz,6133334B,2026-08-15 22:33:30.000Z,-36,60.954186,-138.030441
radio434mhz,6133334B,2026-08-15 22:33:33.000Z,-36,60.954180,-138.030372
radio434mhz,6133334B,2026-08-15 22:33:35.000Z,-37,60.954190,-138.030317
radio434mhz,6133334B,2026-08-15 22:33:37.000Z,-36,60.954209,-138.030255
radio434mhz,6133334B,2026-08-15 22:33:40.000Z,-36,60.954237,-138.030202
bluetooth,D2A3B933,2026-08-15 22:33:40.000Z,-44,60.954237,-138.030202,19290,2,0,1571,26.33
radio434mhz,6133334B,2026-08-15 22:33:42.000Z,-36,60.954237,-138.030202
radio434mhz,6133334B,2026-08-15 22:33:44.000Z,-36,60.954238,-138.030128
radio434mhz,6133334B,2026-08-15 22:33:46.000Z,-36,60.954262,-138.030082
radio434mhz,6133334B,2026-08-15 22:33:49.000Z,-36,60.954258,-138.030020
bluetooth,D2A3B933,2026-08-15 22:33:50.000Z,-44,60.954269,-138.029960,62324,2,0,1570,26.36
radio434mhz,6133334B,2026-08-15 22:33:51.000Z,-37,60.954269,-138.029960
radio434mhz,6133334B,2026-08-15 22:33:53.000Z,-36,60.954279,-138.029914
radio434mhz,6133334B,2026-08-15 22:33:56.000Z,-36,60.954298,-138.029863
radio434mhz,6133334B,2026-08-15 22:33:58.000Z,-35,60.954313,-138.029821
radio434mhz,2A2A2A2D,2026-08-15 22:33:58.000Z,-107,60.954313,-138.029821
bluetooth,D2A3B933,2026-08-15 22:34:00.000Z,-34,60.954332,-138.029764,39975,2,0,1571,26.41
radio434mhz,6133334B,2026-08-15 22:34:00.000Z,-36,60.954332,-138.029764
radio434mhz,6133334B,2026-08-15 22:34:03.000Z,-36,60.954356,-138.029743
radio434mhz,6133334B,2026-08-15 22:34:05.000Z,-36,60.954383,-138.029716
radio434mhz,2A2A2A2D,2026-08-15 22:34:05.000Z,-107,60.954383,-138.029716
radio434mhz,6133334B,2026-08-15 22:34:07.000Z,-35,60.954404,-138.029684
radio434mhz,6133334B,2026-08-15 22:34:10.000Z,-36,60.954427,-138.029650
bluetooth,D2A3B933,2026-08-15 22:34:10.000Z,-37,60.954427,-138.029650,25880,2,0,1571,26.53
radio434mhz,6133334B,2026-08-15 22:34:12.000Z,-36,60.954459,-138.029615
radio434mhz,6133334B,2026-08-15 22:34:14.000Z,-36,60.954481,-138.029581
radio434mhz,6133334B,2026-08-15 22:34:16.000Z,-37,60.954481,-138.029581
radio434mhz,6133334B,2026-08-15 22:34:19.000Z,-36,60.954514,-138.029584
bluetooth,D2A3B933,2026-08-15 22:34:20.000Z,-39,60.954538,-138.029541,1911,2,0,1570,26.46
radio434mhz,6133334B,2026-08-15 22:34:21.000Z,-34,60.954538,-138.029541
radio434mhz,6133334B,2026-08-15 22:34:23.000Z,-36,60.954558,-138.029489
radio434mhz,6133334B,2026-08-15 22:34:26.000Z,-37,60.954571,-138.029442
radio434mhz,6133334B,2026-08-15 22:34:28.000Z,-37,60.954576,-138.029351
